,0,1,2,3,4,5,6,7,8,9,10,11,12,y_score_0.61,y_score_0.58,y_score_0.55,gbr,svr,rf,cnn,lstm
0,0,0,0,0,0,0,0,0,0,0,0,0,0,-0.0539104,0.014859,-0.0515073,0.525305,0.515166,0.504112,0.534137,0.575533
1,1,0,0,0,0,0,0,0,0,0,0,0,0,-0.060626,0.00609674,-0.0634393,0.515808,0.437014,0.504112,0.535944,0.561821
2,1,1,0,0,0,0,0,0,0,0,0,0,0,-0.0420164,0.0143435,-0.0481879,0.5929,0.52458,0.60977,0.595901,0.567972
3,0,0,1,0,0,0,0,0,0,0,0,0,0,-0.0540718,0.0147201,-0.0467817,0.525305,0.506766,0.504112,0.521179,0.584287
4,1,0,1,0,0,0,0,0,0,0,0,0,0,-0.0604511,0.00705947,-0.0589266,0.515808,0.469416,0.504112,0.526543,0.583515
5,0,1,1,0,0,0,0,0,0,0,0,0,0,-0.0376388,0.0204063,-0.0327743,0.583207,0.531717,0.585042,0.560662,0.586665
6,1,1,1,0,0,0,0,0,0,0,0,0,0,-0.0428261,0.0137747,-0.0461002,0.57371,0.508481,0.585042,0.564643,0.587543
7,0,0,0,1,0,0,0,0,0,0,0,0,0,-0.0510865,0.0165634,-0.0483202,0.525305,0.534282,0.504112,0.574767,0.573337
8,1,0,0,1,0,0,0,0,0,0,0,0,0,-0.0578021,0.00783233,-0.0602522,0.515808,0.499042,0.504112,0.561583,0.572815
9,0,1,0,1,0,0,0,0,0,0,0,0,0,-0.0333946,0.0238626,-0.0310192,0.602397,0.55964,0.60977,0.600955,0.584324
10,1,1,0,1,0,0,0,0,0,0,0,0,0,-0.0387219,0.0163486,-0.0447001,0.5929,0.527611,0.60977,0.601152,0.580919
11,0,0,1,1,0,0,0,0,0,0,0,0,0,-0.0516604,0.0154875,-0.0451836,0.525305,0.517642,0.504112,0.545347,0.575023
12,1,0,1,1,0,0,0,0,0,0,0,0,0,-0.0580397,0.00787488,-0.0573285,0.515808,0.503987,0.504112,0.53594,0.582127
13,1,1,1,1,0,0,0,0,0,0,0,0,0,-0.0403158,0.0144835,-0.0431235,0.57371,0.515174,0.585042,0.571851,0.58731
14,0,0,0,0,1,0,0,0,0,0,0,0,0,-0.0539412,0.0145929,-0.0551986,0.525305,0.505333,0.49437,0.508651,0.562302
15,1,0,0,0,1,0,0,0,0,0,0,0,0,-0.0606567,0.00584551,-0.0671304,0.515808,0.485597,0.49437,0.508656,0.550187
16,0,1,0,0,1,0,0,0,0,0,0,0,0,-0.03672,0.0216129,-0.0381984,0.602397,0.545122,0.60977,0.55339,0.56966
17,1,1,0,0,1,0,0,0,0,0,0,0,0,-0.0420472,0.0140817,-0.051879,0.5929,0.519029,0.60977,0.560242,0.557771
18,0,0,1,0,1,0,0,0,0,0,0,0,0,-0.0539895,0.0139662,-0.0506409,0.525305,0.508415,0.49437,0.508541,0.572676
19,1,0,1,0,1,0,0,0,0,0,0,0,0,-0.0603688,0.00632014,-0.0627856,0.515808,0.497732,0.49437,0.509452,0.571134
20,0,1,1,0,1,0,0,0,0,0,0,0,0,-0.0375565,0.0196495,-0.0366335,0.583207,0.520534,0.585042,0.527665,0.583189
21,1,1,1,0,1,0,0,0,0,0,0,0,0,-0.0427437,0.0130292,-0.0499593,0.57371,0.512628,0.585042,0.537547,0.578845
22,0,0,0,1,1,0,0,0,0,0,0,0,0,-0.0517902,0.0152794,-0.0514048,0.525305,0.520674,0.49437,0.54312,0.558499
23,1,0,0,1,1,0,0,0,0,0,0,0,0,-0.0585059,0.00656047,-0.0633368,0.515808,0.509084,0.49437,0.534868,0.557213
24,1,1,0,1,1,0,0,0,0,0,0,0,0,-0.0394257,0.0150649,-0.0477847,0.5929,0.520803,0.60977,0.572498,0.567645
25,0,0,1,1,1,0,0,0,0,0,0,0,0,-0.0520456,0.0148341,-0.048245,0.525305,0.515458,0.49437,0.513362,0.56574
26,1,0,1,1,1,0,0,0,0,0,0,0,0,-0.058425,0.0072361,-0.0603899,0.515808,0.510852,0.49437,0.508503,0.56743
27,1,1,1,1,1,0,0,0,0,0,0,0,0,-0.0407011,0.013838,-0.0461849,0.57371,0.515412,0.585042,0.530357,0.577209
28,1,0,0,0,0,1,0,0,0,0,0,0,0,-0.060789,0.00850289,-0.0611912,0.528233,0.496881,0.528314,0.558192,0.540191
29,0,1,0,0,0,1,0,0,0,0,0,0,0,-0.0368523,0.0242979,-0.0322588,0.614822,0.550578,0.60977,0.599123,0.560143
30,1,1,0,0,0,1,0,0,0,0,0,0,0,-0.0421795,0.0167566,-0.0459397,0.605325,0.517738,0.60977,0.595664,0.547511
31,0,0,1,0,0,1,0,0,0,0,0,0,0,-0.0542348,0.0171342,-0.0445337,0.53773,0.529091,0.528314,0.541393,0.574576
32,1,0,1,0,0,1,0,0,0,0,0,0,0,-0.0606141,0.00948099,-0.0566786,0.528233,0.502143,0.528314,0.534362,0.56271
33,0,1,1,0,0,1,0,0,0,0,0,0,0,-0.0378019,0.0228268,-0.0305261,0.595633,0.523859,0.585042,0.561573,0.580266
34,1,1,1,0,0,1,0,0,0,0,0,0,0,-0.0429892,0.0162007,-0.0438521,0.586136,0.512675,0.585042,0.562974,0.569312
35,0,0,0,1,0,1,0,0,0,0,0,0,0,-0.0512634,0.0191566,-0.045471,0.53773,0.537553,0.528314,0.579054,0.563926
36,1,0,0,1,0,1,0,0,0,0,0,0,0,-0.057979,0.0104306,-0.0574032,0.528233,0.512635,0.528314,0.561731,0.552394
37,0,1,0,1,0,1,0,0,0,0,0,0,0,-0.0335716,0.0264688,-0.0281699,0.614822,0.532069,0.60977,0.589738,0.571328
38,1,1,0,1,0,1,0,0,0,0,0,0,0,-0.0388989,0.0189579,-0.0418508,0.605325,0.519029,0.60977,0.588359,0.560056
39,0,0,1,1,0,1,0,0,0,0,0,0,0,-0.0518372,0.0180898,-0.0423344,0.53773,0.521878,0.528314,0.555322,0.5738
40,1,0,1,1,0,1,0,0,0,0,0,0,0,-0.0582166,0.010485,-0.0544794,0.528233,0.512255,0.528314,0.549837,0.572331
41,0,1,1,1,0,1,0,0,0,0,0,0,0,-0.0353054,0.0236848,-0.0269483,0.595633,0.51843,0.585042,0.566041,0.583272
42,1,1,1,1,0,1,0,0,0,0,0,0,0,-0.0404928,0.0170998,-0.0402743,0.586136,0.515021,0.585042,0.566095,0.580062
43,0,0,0,0,1,1,0,0,0,0,0,0,0,-0.0514788,0.0172304,-0.0521086,0.53773,0.512681,0.518572,0.58144,0.540746
44,1,0,0,0,1,1,0,0,0,0,0,0,0,-0.0581944,0.00849039,-0.0640405,0.528233,0.502602,0.518572,0.563599,0.525861
45,0,1,0,0,1,1,0,0,0,0,0,0,0,-0.0342573,0.0242563,-0.0351083,0.614822,0.522797,0.60977,0.608552,0.548186
46,1,1,0,0,1,1,0,0,0,0,0,0,0,-0.0395845,0.0167297,-0.048789,0.605325,0.514479,0.60977,0.594141,0.535931
47,0,0,1,0,1,1,0,0,0,0,0,0,0,-0.051527,0.0166135,-0.047551,0.53773,0.513134,0.518572,0.565056,0.56125
48,1,0,1,0,1,1,0,0,0,0,0,0,0,-0.0579064,0.00897557,-0.0596957,0.528233,0.508005,0.518572,0.547787,0.550315
49,0,1,1,0,1,1,0,0,0,0,0,0,0,-0.0350938,0.0223007,-0.0335435,0.595633,0.516203,0.585042,0.580586,0.56842
50,1,1,1,0,1,1,0,0,0,0,0,0,0,-0.0402811,0.0156861,-0.0468693,0.586136,0.513464,0.585042,0.576573,0.558244
51,0,0,0,1,1,1,0,0,0,0,0,0,0,-0.049562,0.0182068,-0.0474801,0.53773,0.516758,0.518572,0.579006,0.547084
52,1,0,0,1,1,1,0,0,0,0,0,0,0,-0.0562777,0.00949305,-0.059412,0.528233,0.511902,0.518572,0.565128,0.538907
53,0,1,0,1,1,1,0,0,0,0,0,0,0,-0.03187,0.025505,-0.030179,0.614822,0.520307,0.60977,0.603215,0.557089
54,1,1,0,1,1,1,0,0,0,0,0,0,0,-0.0371972,0.0180039,-0.0438598,0.605325,0.516144,0.60977,0.592582,0.547647
55,0,0,1,1,1,1,0,0,0,0,0,0,0,-0.0498173,0.0177689,-0.0443203,0.53773,0.515074,0.518572,0.566617,0.558316
56,0,1,1,1,1,1,0,0,0,0,0,0,0,-0.0332852,0.0233574,-0.0289342,0.595633,0.515825,0.585042,0.580744,0.567703
57,1,1,1,1,1,1,0,0,0,0,0,0,0,-0.0384726,0.016781,-0.0422601,0.586136,0.514803,0.585042,0.577362,0.566727
58,1,0,0,0,0,0,1,0,0,0,0,0,0,-0.0621686,0.00476822,-0.0636147,0.493271,0.473379,0.461003,0.524135,0.557067
59,1,1,0,0,0,0,1,0,0,0,0,0,0,-0.0435593,0.0130198,-0.0483631,0.579008,0.508326,0.573625,0.570282,0.562082
60,0,0,1,0,0,0,1,0,0,0,0,0,0,-0.0556146,0.0134024,-0.046957,0.502768,0.504902,0.461003,0.509768,0.589496
61,1,0,1,0,0,0,1,0,0,0,0,0,0,-0.0619939,0.00573915,-0.059102,0.493271,0.492971,0.461003,0.521906,0.577996
62,0,1,1,0,0,0,1,0,0,0,0,0,0,-0.0391816,0.0190908,-0.0329494,0.569316,0.513199,0.548897,0.519012,0.589711
63,1,1,1,0,0,0,1,0,0,0,0,0,0,-0.044369,0.0124579,-0.0462754,0.559819,0.508509,0.548897,0.524882,0.581798
64,0,0,0,1,0,0,1,0,0,0,0,0,0,-0.0526291,0.0152234,-0.0484954,0.502768,0.514915,0.461003,0.535282,0.579697
65,0,1,0,1,0,0,1,0,0,0,0,0,0,-0.0349375,0.0225266,-0.0311943,0.588506,0.521323,0.573625,0.541812,0.586618
66,1,1,0,1,0,0,1,0,0,0,0,0,0,-0.0402648,0.0150101,-0.0448752,0.579008,0.514705,0.573625,0.541812,0.575751
67,0,0,1,1,0,0,1,0,0,0,0,0,0,-0.0532031,0.0141591,-0.0453587,0.502768,0.513227,0.461003,0.535533,0.586359
68,1,0,1,1,0,0,1,0,0,0,0,0,0,-0.0595825,0.00654393,-0.0575038,0.493271,0.508872,0.461003,0.530061,0.586917
69,0,1,1,1,0,0,1,0,0,0,0,0,0,-0.0366713,0.019749,-0.0299726,0.569316,0.513698,0.548897,0.52693,0.589847
70,1,1,1,1,0,0,1,0,0,0,0,0,0,-0.0418587,0.0131571,-0.0432986,0.559819,0.51311,0.548897,0.528293,0.592875
71,1,0,0,0,1,0,1,0,0,0,0,0,0,-0.0626599,0.00398838,-0.0671015,0.493271,0.495263,0.451261,0.523857,0.546313
72,0,1,0,0,1,0,1,0,0,0,0,0,0,-0.0387235,0.0197618,-0.0381693,0.588506,0.514752,0.573625,0.56741,0.564971
73,1,1,0,0,1,0,1,0,0,0,0,0,0,-0.0440506,0.0122286,-0.05185,0.579008,0.511309,0.573625,0.573277,0.55354
74,0,0,1,0,1,0,1,0,0,0,0,0,0,-0.0559928,0.0121234,-0.0506119,0.502768,0.505815,0.451261,0.534824,0.577401
75,1,0,1,0,1,0,1,0,0,0,0,0,0,-0.0623721,0.00447561,-0.0627568,0.493271,0.505136,0.451261,0.529549,0.567304
76,0,1,1,0,1,0,1,0,0,0,0,0,0,-0.03956,0.0178085,-0.0366045,0.569316,0.512711,0.548897,0.53593,0.58365
77,1,1,1,0,1,0,1,0,0,0,0,0,0,-0.0447473,0.0111873,-0.0499303,0.559819,0.512061,0.548897,0.543796,0.573831
78,0,0,0,1,1,0,1,0,0,0,0,0,0,-0.0537934,0.0134061,-0.0513758,0.502768,0.510443,0.451261,0.525169,0.564744
79,1,0,0,1,1,0,1,0,0,0,0,0,0,-0.0605091,0.00468466,-0.0633078,0.493271,0.50938,0.451261,0.513952,0.557218
80,0,1,0,1,1,0,1,0,0,0,0,0,0,-0.036102,0.0206989,-0.0340748,0.588506,0.51701,0.573625,0.553705,0.574216
81,1,1,0,1,1,0,1,0,0,0,0,0,0,-0.0414293,0.0131936,-0.0477556,0.579008,0.514778,0.573625,0.544101,0.564856
82,0,0,1,1,1,0,1,0,0,0,0,0,0,-0.0540489,0.0129743,-0.048216,0.502768,0.512641,0.451261,0.539144,0.573582
83,1,0,1,1,1,0,1,0,0,0,0,0,0,-0.0604283,0.00537456,-0.0603609,0.493271,0.512106,0.451261,0.528847,0.572732
84,0,1,1,1,1,0,1,0,0,0,0,0,0,-0.0375174,0.0185601,-0.0328299,0.569316,0.514347,0.548897,0.549079,0.582577
85,1,1,1,1,1,0,1,0,0,0,0,0,0,-0.0427047,0.0119803,-0.0461558,0.559819,0.514191,0.548897,0.540183,0.58183
86,1,0,0,0,0,1,1,0,0,0,0,0,0,-0.0612917,0.00635251,-0.062021,0.505696,0.502101,0.485205,0.567115,0.539923
87,0,1,0,0,0,1,1,0,0,0,0,0,0,-0.0373551,0.022154,-0.0330883,0.600931,0.520494,0.573625,0.592888,0.555854
88,1,1,0,0,0,1,1,0,0,0,0,0,0,-0.0426822,0.0146097,-0.0467693,0.591434,0.51214,0.573625,0.592888,0.546144
89,0,0,1,0,0,1,1,0,0,0,0,0,0,-0.0547376,0.0149905,-0.0453633,0.515193,0.516288,0.485205,0.530939,0.569751
90,1,0,1,0,0,1,1,0,0,0,0,0,0,-0.0611168,0.00733245,-0.0575083,0.505696,0.507746,0.485205,0.528605,0.558407
91,0,1,1,0,0,1,1,0,0,0,0,0,0,-0.0383047,0.0206855,-0.0313555,0.581741,0.51528,0.548897,0.556843,0.575155
92,1,1,1,0,0,1,1,0,0,0,0,0,0,-0.043492,0.0140559,-0.0446815,0.572244,0.512549,0.548897,0.556843,0.56476
93,0,0,0,1,0,1,1,0,0,0,0,0,0,-0.051766,0.0169932,-0.0463007,0.515193,0.519421,0.485205,0.555102,0.560378
94,1,0,0,1,0,1,1,0,0,0,0,0,0,-0.0584817,0.00826374,-0.0582329,0.505696,0.511637,0.485205,0.552819,0.548707
95,1,1,0,1,0,1,1,0,0,0,0,0,0,-0.0394016,0.0167947,-0.0426804,0.591434,0.514645,0.573625,0.57952,0.556038
96,0,0,1,1,0,1,1,0,0,0,0,0,0,-0.0523399,0.0159327,-0.043164,0.515193,0.516018,0.485205,0.53456,0.578137
97,1,0,1,1,0,1,1,0,0,0,0,0,0,-0.0587193,0.00832312,-0.0553091,0.505696,0.512971,0.485205,0.53456,0.568791
98,0,1,1,1,0,1,1,0,0,0,0,0,0,-0.0358082,0.0215306,-0.0277777,0.581741,0.514841,0.548897,0.540249,0.5845
99,1,1,1,1,0,1,1,0,0,0,0,0,0,-0.0409956,0.0149419,-0.0411038,0.572244,0.514234,0.548897,0.540249,0.575348
100,0,0,0,0,1,1,1,0,0,0,0,0,0,-0.0533763,0.0147737,-0.0525445,0.515193,0.50178,0.475463,0.586813,0.536852
101,1,0,0,0,1,1,1,0,0,0,0,0,0,-0.0600919,0.00603087,-0.0644765,0.505696,0.504937,0.475463,0.569439,0.528446
102,0,1,0,0,1,1,1,0,0,0,0,0,0,-0.0361551,0.0218032,-0.0355441,0.600931,0.511946,0.573625,0.608197,0.544757
103,1,1,0,0,1,1,1,0,0,0,0,0,0,-0.0414823,0.0142739,-0.0492249,0.591434,0.512189,0.573625,0.606957,0.536887
104,0,0,1,0,1,1,1,0,0,0,0,0,0,-0.0534246,0.0141638,-0.0479868,0.515193,0.509672,0.475463,0.552143,0.5574
105,1,0,1,0,1,1,1,0,0,0,0,0,0,-0.059804,0.00652172,-0.0601317,0.505696,0.510272,0.475463,0.549952,0.546931
106,0,1,1,0,1,1,1,0,0,0,0,0,0,-0.0369916,0.0198538,-0.0339793,0.581741,0.513158,0.548897,0.571818,0.56417
107,1,1,1,0,1,1,1,0,0,0,0,0,0,-0.0421789,0.013236,-0.0473051,0.572244,0.513365,0.548897,0.571818,0.554536
108,0,0,0,1,1,1,1,0,0,0,0,0,0,-0.0514595,0.0157315,-0.0479159,0.515193,0.511069,0.475463,0.563842,0.546716
109,1,0,0,1,1,1,1,0,0,0,0,0,0,-0.0581752,0.00701497,-0.059848,0.505696,0.511738,0.475463,0.547505,0.534162
110,0,1,0,1,1,1,1,0,0,0,0,0,0,-0.0337678,0.0230337,-0.0306148,0.600931,0.514459,0.573625,0.591876,0.554261
111,1,1,0,1,1,1,1,0,0,0,0,0,0,-0.039095,0.0155299,-0.0442956,0.591434,0.514267,0.573625,0.582983,0.544577
112,0,0,1,1,1,1,1,0,0,0,0,0,0,-0.0517149,0.015301,-0.0447561,0.515193,0.513266,0.475463,0.540679,0.563574
113,1,0,1,1,1,1,1,0,0,0,0,0,0,-0.0580943,0.00770379,-0.0569011,0.505696,0.513433,0.475463,0.529319,0.555827
114,0,1,1,1,1,1,1,0,0,0,0,0,0,-0.0351831,0.0208927,-0.0293699,0.581741,0.514306,0.548897,0.545545,0.572065
115,1,1,1,1,1,1,1,0,0,0,0,0,0,-0.0403704,0.0143131,-0.0426959,0.572244,0.514423,0.548897,0.545545,0.563674
116,0,0,0,0,0,0,0,1,0,0,0,0,0,-0.0511499,0.0168877,-0.0500342,0.533094,0.517796,0.504112,0.525733,0.587642
117,1,0,0,0,0,0,0,1,0,0,0,0,0,-0.0578653,0.00811957,-0.0619661,0.523597,0.489162,0.504112,0.514977,0.579782
118,0,1,0,0,0,0,0,1,0,0,0,0,0,-0.033929,0.0239101,-0.0330339,0.610187,0.550741,0.614782,0.553629,0.588951
119,1,1,0,0,0,0,0,1,0,0,0,0,0,-0.0392561,0.0163592,-0.0467147,0.60069,0.520803,0.614782,0.54282,0.584581
120,0,0,1,0,0,0,0,1,0,0,0,0,0,-0.0513113,0.0167457,-0.0453085,0.533094,0.512942,0.504112,0.517785,0.583045
121,1,0,1,0,0,0,0,1,0,0,0,0,0,-0.0576905,0.00907475,-0.0574534,0.523597,0.499249,0.504112,0.511427,0.589656
122,0,1,1,0,0,0,0,1,0,0,0,0,0,-0.0348785,0.0224266,-0.0313012,0.590997,0.522709,0.590054,0.530269,0.585983
123,1,1,1,0,0,0,0,1,0,0,0,0,0,-0.0400657,0.0157852,-0.0446271,0.5815,0.51341,0.590054,0.534925,0.589567
124,0,0,0,1,0,0,0,1,0,0,0,0,0,-0.0483259,0.0185793,-0.046847,0.533094,0.523206,0.504112,0.536353,0.579963
125,1,0,0,1,0,0,0,1,0,0,0,0,0,-0.0550414,0.00984241,-0.058779,0.523597,0.510083,0.504112,0.523398,0.58522
126,0,1,0,1,0,0,0,1,0,0,0,0,0,-0.0306344,0.0258735,-0.029546,0.610187,0.533274,0.614782,0.556475,0.584293
127,1,1,0,1,0,0,0,1,0,0,0,0,0,-0.0359616,0.018353,-0.0432269,0.60069,0.520533,0.614782,0.547025,0.591031
128,0,0,1,1,0,0,0,1,0,0,0,0,0,-0.0488999,0.0174987,-0.0437104,0.533094,0.516323,0.504112,0.529758,0.574163
129,1,0,1,1,0,0,0,1,0,0,0,0,0,-0.0552791,0.00987604,-0.0558553,0.523597,0.511237,0.504112,0.520353,0.582778
130,0,1,1,1,0,0,0,1,0,0,0,0,0,-0.0323681,0.0230812,-0.0283244,0.590997,0.518187,0.590054,0.547088,0.577583
131,1,1,1,1,0,0,0,1,0,0,0,0,0,-0.0375554,0.0164808,-0.0416504,0.5815,0.515335,0.590054,0.549013,0.585288
132,0,0,0,0,1,0,0,1,0,0,0,0,0,-0.0511807,0.0166376,-0.0537254,0.533094,0.512335,0.49437,0.506956,0.575296
133,1,0,0,0,1,0,0,1,0,0,0,0,0,-0.0578962,0.00788428,-0.0656571,0.523597,0.505144,0.49437,0.503571,0.569051
134,0,1,0,0,1,0,0,1,0,0,0,0,0,-0.0339598,0.0236513,-0.0367252,0.610187,0.527411,0.614782,0.53187,0.584934
135,1,1,0,0,1,0,0,1,0,0,0,0,0,-0.0392869,0.0161134,-0.0504059,0.60069,0.517189,0.614782,0.534203,0.576349
136,0,0,1,0,1,0,0,1,0,0,0,0,0,-0.0512291,0.0160071,-0.0491677,0.533094,0.512847,0.49437,0.511652,0.583284
137,1,0,1,0,1,0,0,1,0,0,0,0,0,-0.0576083,0.0083508,-0.0613124,0.523597,0.508944,0.49437,0.513269,0.583925
138,0,1,1,0,1,0,0,1,0,0,0,0,0,-0.0347962,0.0216852,-0.0351604,0.590997,0.517472,0.590054,0.531502,0.587133
139,1,1,1,0,1,0,0,1,0,0,0,0,0,-0.0399834,0.015055,-0.0484862,0.5815,0.514328,0.590054,0.535088,0.592553
140,0,0,0,1,1,0,0,1,0,0,0,0,0,-0.0490297,0.017312,-0.0499316,0.533094,0.517397,0.49437,0.50054,0.570054
141,1,0,0,1,1,0,0,1,0,0,0,0,0,-0.0557453,0.00858716,-0.0618635,0.523597,0.513092,0.49437,0.496677,0.570062
142,0,1,0,1,1,0,0,1,0,0,0,0,0,-0.0313384,0.0245958,-0.0326308,0.610187,0.522591,0.614782,0.525555,0.580206
143,1,1,0,1,1,0,0,1,0,0,0,0,0,-0.0366655,0.0170859,-0.0463115,0.60069,0.517357,0.614782,0.52831,0.580386
144,0,0,1,1,1,0,0,1,0,0,0,0,0,-0.0492852,0.0168623,-0.0467718,0.533094,0.515215,0.49437,0.497665,0.57499
145,1,0,1,1,1,0,0,1,0,0,0,0,0,-0.0556644,0.00925407,-0.0589167,0.523597,0.513505,0.49437,0.498662,0.578227
146,0,1,1,1,1,0,0,1,0,0,0,0,0,-0.0327536,0.0224409,-0.031386,0.590997,0.516423,0.590054,0.511141,0.578526
147,1,1,1,1,1,0,0,1,0,0,0,0,0,-0.0379408,0.0158522,-0.0447119,0.5815,0.515166,0.590054,0.517056,0.586057
148,0,0,0,0,0,1,0,1,0,0,0,0,0,-0.0511941,0.0193792,-0.0465218,0.545519,0.532575,0.528314,0.53152,0.572382
149,0,1,0,0,0,1,0,1,0,0,0,0,0,-0.0339732,0.0264118,-0.0295213,0.622612,0.529427,0.614782,0.573813,0.578456
150,1,1,0,0,0,1,0,1,0,0,0,0,0,-0.0393003,0.018865,-0.0432023,0.613115,0.516717,0.614782,0.560955,0.567502
151,0,0,1,0,0,1,0,1,0,0,0,0,0,-0.0513555,0.0192506,-0.0417961,0.545519,0.52045,0.528314,0.527338,0.589181
152,1,0,1,0,0,1,0,1,0,0,0,0,0,-0.0577347,0.0115888,-0.0539411,0.536022,0.510566,0.528314,0.505676,0.580753
153,0,1,1,0,0,1,0,1,0,0,0,0,0,-0.0349227,0.024939,-0.0277885,0.603422,0.518704,0.590054,0.532696,0.592337
154,1,1,1,0,0,1,0,1,0,0,0,0,0,-0.0401099,0.0183048,-0.0411146,0.593925,0.514349,0.590054,0.533677,0.586748
155,0,0,0,1,0,1,0,1,0,0,0,0,0,-0.048384,0.0212653,-0.0427335,0.545519,0.523608,0.528314,0.533891,0.576646
156,1,0,0,1,0,1,0,1,0,0,0,0,0,-0.0550995,0.0125345,-0.0546657,0.536022,0.514399,0.528314,0.515816,0.571136
157,0,1,0,1,0,1,0,1,0,0,0,0,0,-0.0306925,0.0285739,-0.0254323,0.622612,0.521812,0.614782,0.558716,0.586089
158,1,1,0,1,0,1,0,1,0,0,0,0,0,-0.0360196,0.0210575,-0.0391133,0.613115,0.516711,0.614782,0.544152,0.578446
159,0,0,1,1,0,1,0,1,0,0,0,0,0,-0.0489579,0.020195,-0.0395969,0.545519,0.517578,0.528314,0.537834,0.584515
160,1,0,1,1,0,1,0,1,0,0,0,0,0,-0.0553371,0.0125818,-0.051742,0.536022,0.514021,0.528314,0.524977,0.584602
161,0,1,1,1,0,1,0,1,0,0,0,0,0,-0.0324262,0.0257868,-0.0242107,0.603422,0.516394,0.590054,0.544117,0.588767
162,1,1,1,1,0,1,0,1,0,0,0,0,0,-0.0376135,0.0191937,-0.0375368,0.593925,0.515025,0.590054,0.54175,0.59337
163,0,0,0,0,1,1,0,1,0,0,0,0,0,-0.0485995,0.0193633,-0.0493711,0.545519,0.514386,0.518572,0.547848,0.560002
164,1,0,0,0,1,1,0,1,0,0,0,0,0,-0.055315,0.0106184,-0.061303,0.536022,0.510715,0.518572,0.529955,0.549078
165,0,1,0,0,1,1,0,1,0,0,0,0,0,-0.0313782,0.0263844,-0.0323708,0.622612,0.518237,0.614782,0.576312,0.567522
166,1,1,0,0,1,1,0,1,0,0,0,0,0,-0.0367053,0.0188522,-0.0460515,0.613115,0.514979,0.614782,0.564072,0.557386
167,0,0,1,0,1,1,0,1,0,0,0,0,0,-0.0486477,0.0187437,-0.0448135,0.545519,0.514334,0.518572,0.52592,0.575131
168,1,0,1,0,1,1,0,1,0,0,0,0,0,-0.055027,0.0110972,-0.0569583,0.536022,0.512462,0.518572,0.510098,0.569387
169,0,1,1,0,1,1,0,1,0,0,0,0,0,-0.0322146,0.0244268,-0.030806,0.603422,0.515513,0.590054,0.55889,0.58412
170,1,1,1,0,1,1,0,1,0,0,0,0,0,-0.0374018,0.017804,-0.0441319,0.593925,0.51443,0.590054,0.549969,0.576921
171,0,0,0,1,1,1,0,1,0,0,0,0,0,-0.0466826,0.0203302,-0.0447426,0.545519,0.515681,0.518572,0.529331,0.561926
172,1,0,0,1,1,1,0,1,0,0,0,0,0,-0.0533983,0.0116116,-0.0566746,0.536022,0.513884,0.518572,0.515407,0.558233
173,0,1,0,1,1,1,0,1,0,0,0,0,0,-0.0289909,0.0276248,-0.0274415,0.622612,0.517047,0.614782,0.56034,0.571463
174,1,1,0,1,1,1,0,1,0,0,0,0,0,-0.034318,0.0201182,-0.0411224,0.613115,0.515422,0.614782,0.548428,0.566892
175,0,0,1,1,1,1,0,1,0,0,0,0,0,-0.0469379,0.0198898,-0.0415828,0.545519,0.51497,0.518572,0.519323,0.570412
176,1,0,1,1,1,1,0,1,0,0,0,0,0,-0.0533172,0.0122883,-0.0537277,0.536022,0.514235,0.518572,0.507632,0.569942
177,0,1,1,1,1,1,0,1,0,0,0,0,0,-0.0304061,0.025475,-0.0261967,0.603422,0.515268,0.590054,0.550952,0.579324
178,1,1,1,1,1,1,0,1,0,0,0,0,0,-0.0355933,0.0188906,-0.0395227,0.593925,0.514857,0.590054,0.54085,0.579028
179,0,0,0,0,0,0,1,1,0,0,0,0,0,-0.0533996,0.014675,-0.0497184,0.502768,0.50909,0.461003,0.533335,0.587048
180,1,0,0,0,0,0,1,1,0,0,0,0,0,-0.060115,0.00590342,-0.0616505,0.493271,0.500793,0.461003,0.514595,0.575235
181,0,1,0,0,0,0,1,1,0,0,0,0,0,-0.0361788,0.0217015,-0.032718,0.588506,0.520365,0.578637,0.532553,0.588487
182,1,1,0,0,0,0,1,1,0,0,0,0,0,-0.0415059,0.0141484,-0.0463989,0.579008,0.51331,0.578637,0.532343,0.579327
183,0,0,1,0,0,0,1,1,0,0,0,0,0,-0.0535611,0.0145403,-0.0449928,0.502768,0.511566,0.461003,0.520987,0.59074
184,1,0,1,0,0,0,1,1,0,0,0,0,0,-0.0599403,0.00686769,-0.0571377,0.493271,0.507245,0.461003,0.504402,0.591116
185,0,1,1,0,0,0,1,1,0,0,0,0,0,-0.0371284,0.0202237,-0.0309852,0.569316,0.514791,0.55391,0.520987,0.590323
186,1,1,1,0,0,0,1,1,0,0,0,0,0,-0.0423156,0.0135819,-0.0443112,0.559819,0.512836,0.55391,0.517944,0.590952
187,0,0,0,1,0,0,1,1,0,0,0,0,0,-0.0505756,0.0163548,-0.0465311,0.502768,0.515293,0.461003,0.546016,0.590217
188,1,0,0,1,0,0,1,1,0,0,0,0,0,-0.0572911,0.0076144,-0.0584633,0.493271,0.511227,0.461003,0.532473,0.58661
189,0,1,0,1,0,0,1,1,0,0,0,0,0,-0.0328843,0.0236532,-0.0292301,0.588506,0.517876,0.578637,0.545974,0.592422
190,1,1,0,1,0,0,1,1,0,0,0,0,0,-0.0382115,0.0161304,-0.042911,0.579008,0.515138,0.578637,0.545974,0.592284
191,0,0,1,1,0,0,1,1,0,0,0,0,0,-0.0511496,0.0152865,-0.0433945,0.502768,0.5144,0.461003,0.527535,0.584736
192,1,0,1,1,0,0,1,1,0,0,0,0,0,-0.0575288,0.00766202,-0.0555396,0.493271,0.512792,0.461003,0.51549,0.592259
193,0,1,1,1,0,0,1,1,0,0,0,0,0,-0.034618,0.020872,-0.0280084,0.569316,0.514658,0.55391,0.536144,0.586984
194,1,1,1,1,0,0,1,1,0,0,0,0,0,-0.0398053,0.0142711,-0.0413345,0.559819,0.514328,0.55391,0.529757,0.593243
195,0,0,0,0,1,0,1,1,0,0,0,0,0,-0.0538908,0.0138951,-0.0532054,0.502768,0.507306,0.451261,0.522157,0.576534
196,1,0,0,0,1,0,1,1,0,0,0,0,0,-0.0606063,0.00513942,-0.0651373,0.493271,0.508068,0.451261,0.510291,0.565961
197,0,1,0,0,1,0,1,1,0,0,0,0,0,-0.0366702,0.0209127,-0.0362051,0.588506,0.51529,0.578637,0.541291,0.582672
198,1,1,0,0,1,0,1,1,0,0,0,0,0,-0.0419973,0.0133731,-0.0498858,0.579008,0.513833,0.578637,0.538542,0.572867
199,0,0,1,0,1,0,1,1,0,0,0,0,0,-0.0539393,0.013277,-0.0486477,0.502768,0.511647,0.451261,0.520661,0.589709
200,1,0,1,0,1,0,1,1,0,0,0,0,0,-0.0603185,0.0056198,-0.0607925,0.493271,0.511426,0.451261,0.508725,0.58472
201,0,1,1,0,1,0,1,1,0,0,0,0,0,-0.0375067,0.0189571,-0.0346403,0.569316,0.514232,0.55391,0.523906,0.594264
202,1,1,1,0,1,0,1,1,0,0,0,0,0,-0.0426939,0.012327,-0.0479661,0.559819,0.513922,0.55391,0.525484,0.59108
203,0,0,0,1,1,0,1,1,0,0,0,0,0,-0.0517399,0.014553,-0.0494115,0.502768,0.513362,0.451261,0.524402,0.576692
204,1,0,0,1,1,0,1,1,0,0,0,0,0,-0.0584555,0.00582573,-0.0613436,0.493271,0.512972,0.451261,0.515436,0.575293
205,0,1,0,1,1,0,1,1,0,0,0,0,0,-0.0340488,0.0218409,-0.0321106,0.588506,0.51584,0.578637,0.543046,0.586191
206,1,1,0,1,1,0,1,1,0,0,0,0,0,-0.0393759,0.0143293,-0.0457914,0.579008,0.514926,0.578637,0.537331,0.58258
207,0,0,1,1,1,0,1,1,0,0,0,0,0,-0.0519954,0.0141178,-0.0462517,0.502768,0.514076,0.451261,0.52454,0.583715
208,1,0,1,1,1,0,1,1,0,0,0,0,0,-0.0583747,0.00650872,-0.0583967,0.493271,0.513879,0.451261,0.51749,0.584382
209,0,1,1,1,1,0,1,1,0,0,0,0,0,-0.0354641,0.0196992,-0.0308658,0.569316,0.514727,0.55391,0.536,0.588913
210,1,1,1,1,1,0,1,1,0,0,0,0,0,-0.0406513,0.0131105,-0.0441916,0.559819,0.514635,0.55391,0.533453,0.592954
211,0,0,0,0,0,1,1,1,0,0,0,0,0,-0.0520053,0.0166936,-0.0470069,0.515193,0.517624,0.485205,0.531724,0.569075
212,1,0,0,0,0,1,1,1,0,0,0,0,0,-0.0587208,0.00792758,-0.058939,0.505696,0.510583,0.485205,0.514746,0.557847
213,0,1,0,0,0,1,1,1,0,0,0,0,0,-0.0347845,0.0237304,-0.0300063,0.600931,0.517403,0.578637,0.559537,0.574248
214,1,1,0,0,0,1,1,1,0,0,0,0,0,-0.0401116,0.0161809,-0.0436873,0.591434,0.514139,0.578637,0.559537,0.563686
215,0,0,1,0,0,1,1,1,0,0,0,0,0,-0.0521668,0.0165701,-0.0422812,0.515193,0.515499,0.485205,0.521067,0.586973
216,1,0,1,0,0,1,1,1,0,0,0,0,0,-0.058546,0.00890482,-0.0544262,0.505696,0.512385,0.485205,0.507649,0.577191
217,0,1,1,0,0,1,1,1,0,0,0,0,0,-0.0357341,0.0222616,-0.0282735,0.581741,0.51518,0.55391,0.524233,0.591141
218,1,1,1,0,0,1,1,1,0,0,0,0,0,-0.0409213,0.0156252,-0.0415996,0.572244,0.514102,0.55391,0.524233,0.581916
219,0,0,0,1,0,1,1,1,0,0,0,0,0,-0.0491952,0.0185625,-0.0432186,0.515193,0.516665,0.485205,0.543482,0.578147
220,1,0,0,1,0,1,1,1,0,0,0,0,0,-0.0559108,0.00982802,-0.0551508,0.505696,0.513802,0.485205,0.527437,0.568201
221,0,1,0,1,0,1,1,1,0,0,0,0,0,-0.0315038,0.0258754,-0.0259172,0.600931,0.516097,0.578637,0.546835,0.584331
222,1,1,0,1,0,1,1,1,0,0,0,0,0,-0.036831,0.0183563,-0.0395983,0.591434,0.514879,0.578637,0.546381,0.575147
223,0,0,1,1,0,1,1,1,0,0,0,0,0,-0.0497692,0.0175019,-0.0400819,0.515193,0.515319,0.485205,0.535234,0.589917
224,1,0,1,1,0,1,1,1,0,0,0,0,0,-0.0561485,0.00988498,-0.0522271,0.505696,0.514198,0.485205,0.524558,0.586054
225,0,1,1,1,0,1,1,1,0,0,0,0,0,-0.0332376,0.0230971,-0.0246956,0.581741,0.514911,0.55391,0.535234,0.59597
226,1,1,1,1,0,1,1,1,0,0,0,0,0,-0.0384249,0.0165018,-0.0380218,0.572244,0.514651,0.55391,0.535234,0.592392
227,0,0,0,0,1,1,1,1,0,0,0,0,0,-0.0508056,0.0163662,-0.0494625,0.515193,0.510153,0.475463,0.549679,0.55767
228,1,0,0,0,1,1,1,1,0,0,0,0,0,-0.0575211,0.00761824,-0.0613945,0.505696,0.511345,0.475463,0.529911,0.547339
229,0,1,0,0,1,1,1,1,0,0,0,0,0,-0.0335846,0.023392,-0.032462,0.600931,0.513929,0.578637,0.586652,0.564794
230,1,1,0,0,1,1,1,1,0,0,0,0,0,-0.0389117,0.0158574,-0.0461429,0.591434,0.513958,0.578637,0.569522,0.555359
231,0,0,1,0,1,1,1,1,0,0,0,0,0,-0.0508539,0.0157563,-0.0449048,0.515193,0.512976,0.475463,0.539219,0.575643
232,1,0,1,0,1,1,1,1,0,0,0,0,0,-0.0572332,0.00810681,-0.0570497,0.505696,0.513208,0.475463,0.52172,0.566731
233,0,1,1,0,1,1,1,1,0,0,0,0,0,-0.034421,0.0214426,-0.0308972,0.581741,0.514272,0.55391,0.554487,0.582061
234,1,1,1,0,1,1,1,1,0,0,0,0,0,-0.0396082,0.0148181,-0.0442232,0.572244,0.514325,0.55391,0.550954,0.573889
235,0,0,0,1,1,1,1,1,0,0,0,0,0,-0.0488887,0.0173134,-0.0448339,0.515193,0.513493,0.475463,0.535182,0.565371
236,1,0,0,1,1,1,1,1,0,0,0,0,0,-0.0556044,0.00859168,-0.056766,0.505696,0.513742,0.475463,0.518516,0.556326
237,0,1,0,1,1,1,1,1,0,0,0,0,0,-0.0311973,0.0246131,-0.0275327,0.600931,0.514758,0.578637,0.567445,0.572887
238,1,1,0,1,1,1,1,1,0,0,0,0,0,-0.0365244,0.017104,-0.0412136,0.591434,0.514659,0.578637,0.550656,0.564543
239,0,0,1,1,1,1,1,1,0,0,0,0,0,-0.0491441,0.0168839,-0.041674,0.515193,0.514269,0.475463,0.543672,0.575826
240,1,0,1,1,1,1,1,1,0,0,0,0,0,-0.0555234,0.00927936,-0.0538191,0.505696,0.514331,0.475463,0.52965,0.574237
241,0,1,1,1,1,1,1,1,0,0,0,0,0,-0.0326125,0.0224731,-0.0262879,0.581741,0.514658,0.55391,0.551471,0.58423
242,1,1,1,1,1,1,1,1,0,0,0,0,0,-0.0377997,0.0158867,-0.0396139,0.572244,0.51469,0.55391,0.541619,0.58163
243,0,0,0,0,0,0,0,0,1,0,0,0,0,-0.0537117,0.0171699,-0.0495043,0.525305,0.516426,0.504112,0.527911,0.576859
244,1,0,0,0,0,0,0,0,1,0,0,0,0,-0.0604272,0.008402,-0.0614362,0.515808,0.484971,0.504112,0.556109,0.576403
245,0,1,0,0,0,0,0,0,1,0,0,0,0,-0.0364907,0.0242011,-0.032504,0.593433,0.549921,0.603449,0.58228,0.583093
246,1,1,0,0,0,0,0,0,1,0,0,0,0,-0.0418179,0.0166487,-0.0461849,0.583936,0.519586,0.603449,0.604117,0.585106
247,0,0,1,0,0,0,0,0,1,0,0,0,0,-0.0538731,0.017032,-0.0447787,0.525305,0.51202,0.504112,0.522573,0.572718
248,1,0,1,0,0,0,0,0,1,0,0,0,0,-0.0602522,0.00936312,-0.0569236,0.515808,0.498081,0.504112,0.556414,0.581264
249,0,1,1,0,0,0,0,0,1,0,0,0,0,-0.0374402,0.0227192,-0.0307713,0.574243,0.521667,0.578721,0.57235,0.576451
250,1,1,1,0,0,0,0,0,1,0,0,0,0,-0.0426276,0.016077,-0.0440972,0.564746,0.51292,0.578721,0.59223,0.584397
251,0,0,0,1,0,0,0,0,1,0,0,0,0,-0.0508878,0.0188645,-0.0463171,0.525305,0.526022,0.504112,0.577422,0.569557
252,1,0,0,1,0,0,0,0,1,0,0,0,0,-0.0576033,0.0101278,-0.0582492,0.515808,0.510252,0.504112,0.577395,0.571759
253,1,1,0,1,0,0,0,0,1,0,0,0,0,-0.0385235,0.0186472,-0.042697,0.583936,0.519898,0.603449,0.594025,0.581793
254,0,0,1,1,0,0,0,0,1,0,0,0,0,-0.0514617,0.0177899,-0.0431804,0.525305,0.517068,0.504112,0.568011,0.565252
255,1,0,1,1,0,0,0,0,1,0,0,0,0,-0.0578409,0.0101692,-0.0553255,0.515808,0.511397,0.504112,0.576796,0.572253
256,0,1,1,1,0,0,0,0,1,0,0,0,0,-0.0349299,0.0233792,-0.0277945,0.574243,0.516938,0.578721,0.576443,0.567984
257,1,1,1,1,0,0,0,0,1,0,0,0,0,-0.0401173,0.016778,-0.0411205,0.564746,0.514972,0.578721,0.589379,0.575248
258,0,0,0,0,1,0,0,0,1,0,0,0,0,-0.0537424,0.0169259,-0.0531955,0.525305,0.50951,0.49437,0.546618,0.562786
259,1,0,0,0,1,0,0,0,1,0,0,0,0,-0.060458,0.00817292,-0.0651274,0.515808,0.502749,0.49437,0.560695,0.56144
260,0,1,0,0,1,0,0,0,1,0,0,0,0,-0.0365214,0.0239485,-0.0361954,0.593433,0.525019,0.603449,0.577232,0.573393
261,1,1,0,0,1,0,0,0,1,0,0,0,0,-0.0418487,0.0164091,-0.049876,0.583936,0.515972,0.603449,0.594081,0.571993
262,0,0,1,0,1,0,0,0,1,0,0,0,0,-0.0537907,0.0163006,-0.0486379,0.525305,0.511663,0.49437,0.546968,0.569971
263,1,0,1,0,1,0,0,0,1,0,0,0,0,-0.0601699,0.00864636,-0.0607827,0.515808,0.508204,0.49437,0.562977,0.571513
264,0,1,1,0,1,0,0,0,1,0,0,0,0,-0.0373579,0.0219849,-0.0346305,0.574243,0.516304,0.578721,0.571279,0.576567
265,1,1,1,0,1,0,0,0,1,0,0,0,0,-0.0425452,0.0153541,-0.0479564,0.564746,0.51386,0.578721,0.586957,0.581245
266,0,0,0,1,1,0,0,0,1,0,0,0,0,-0.0515915,0.0176008,-0.0494017,0.525305,0.518118,0.49437,0.591658,0.556191
267,1,0,0,1,1,0,0,0,1,0,0,0,0,-0.0583071,0.0088762,-0.0613337,0.515808,0.513038,0.49437,0.593682,0.558042
268,1,1,0,1,1,0,0,0,1,0,0,0,0,-0.0392273,0.0173838,-0.0457817,0.583936,0.516932,0.603449,0.60719,0.568658
269,0,0,1,1,1,0,0,0,1,0,0,0,0,-0.0518469,0.0171592,-0.0462419,0.525305,0.51538,0.49437,0.581768,0.561679
270,1,0,1,1,1,0,0,0,1,0,0,0,0,-0.0582261,0.00955298,-0.0583869,0.515808,0.513523,0.49437,0.589241,0.564898
271,0,1,1,1,1,0,0,0,1,0,0,0,0,-0.0353153,0.0227445,-0.0308561,0.574243,0.515772,0.578721,0.591249,0.568967
272,1,1,1,1,1,0,0,0,1,0,0,0,0,-0.0405026,0.0161551,-0.0441819,0.564746,0.514962,0.578721,0.597296,0.574432
273,0,0,0,0,0,1,0,0,1,0,0,0,0,-0.0538748,0.0195759,-0.0472562,0.53773,0.535091,0.528314,0.593797,0.568176
274,1,0,0,0,0,1,0,0,1,0,0,0,0,-0.0605903,0.0108126,-0.0591883,0.528233,0.508861,0.528314,0.596323,0.559006
275,0,1,0,0,0,1,0,0,1,0,0,0,0,-0.0366538,0.0266158,-0.0302558,0.605858,0.529997,0.603449,0.602573,0.57757
276,1,1,0,0,0,1,0,0,1,0,0,0,0,-0.041981,0.0190663,-0.0439367,0.596361,0.51659,0.603449,0.61087,0.566894
277,0,0,1,0,0,1,0,0,1,0,0,0,0,-0.0540361,0.0194505,-0.0425306,0.53773,0.521249,0.528314,0.575963,0.577962
278,1,0,1,0,0,1,0,0,1,0,0,0,0,-0.0604153,0.0117891,-0.0546756,0.528233,0.510555,0.528314,0.580501,0.576773
279,0,1,1,0,0,1,0,0,1,0,0,0,0,-0.0376034,0.0251441,-0.028523,0.586668,0.518714,0.578721,0.582755,0.586583
280,1,1,1,0,0,1,0,0,1,0,0,0,0,-0.0427907,0.0185074,-0.0418491,0.577171,0.514314,0.578721,0.594592,0.585587
281,0,0,0,1,0,1,0,0,1,0,0,0,0,-0.0510647,0.0214626,-0.043468,0.53773,0.525848,0.528314,0.592866,0.564878
282,1,0,0,1,0,1,0,0,1,0,0,0,0,-0.0577803,0.0127308,-0.0554002,0.528233,0.514904,0.528314,0.591102,0.563229
283,0,1,0,1,0,1,0,0,1,0,0,0,0,-0.0333732,0.0287804,-0.0261668,0.605858,0.521729,0.603449,0.59718,0.574554
284,1,1,0,1,0,1,0,0,1,0,0,0,0,-0.0387005,0.0212613,-0.0398478,0.596361,0.516678,0.603449,0.596385,0.573046
285,0,0,1,1,0,1,0,0,1,0,0,0,0,-0.0516386,0.0203971,-0.0403313,0.53773,0.518312,0.528314,0.575861,0.571464
286,1,0,1,1,0,1,0,0,1,0,0,0,0,-0.0580179,0.0127841,-0.0524764,0.528233,0.514249,0.528314,0.575446,0.572971
287,0,1,1,1,0,1,0,0,1,0,0,0,0,-0.035107,0.0259946,-0.0249452,0.586668,0.51618,0.578721,0.57954,0.578588
288,1,1,1,1,0,1,0,0,1,0,0,0,0,-0.0402943,0.019399,-0.0382713,0.577171,0.514982,0.578721,0.583303,0.581813
289,0,0,0,0,1,1,0,0,1,0,0,0,0,-0.0512801,0.0195745,-0.0501055,0.53773,0.51799,0.518572,0.607655,0.553801
290,1,0,0,0,1,1,0,0,1,0,0,0,0,-0.0579957,0.0108288,-0.0620375,0.528233,0.511541,0.518572,0.601556,0.546599
291,0,1,0,0,1,1,0,0,1,0,0,0,0,-0.0340588,0.0266029,-0.0331053,0.605858,0.519094,0.603449,0.610895,0.563739
292,1,1,0,0,1,1,0,0,1,0,0,0,0,-0.0393861,0.0190681,-0.046786,0.596361,0.51517,0.603449,0.617274,0.555564
293,0,0,1,0,1,1,0,0,1,0,0,0,0,-0.0513283,0.0189589,-0.0455479,0.53773,0.515616,0.518572,0.593878,0.563546
294,1,0,1,0,1,1,0,0,1,0,0,0,0,-0.0577076,0.0113128,-0.0576928,0.528233,0.512821,0.518572,0.595909,0.562335
295,0,1,1,0,1,1,0,0,1,0,0,0,0,-0.0348953,0.0246471,-0.0315405,0.586668,0.515748,0.578721,0.594691,0.572929
296,1,1,1,0,1,1,0,0,1,0,0,0,0,-0.0400826,0.0180219,-0.0448664,0.577171,0.514502,0.578721,0.601002,0.571651
297,0,0,0,1,1,1,0,0,1,0,0,0,0,-0.0493634,0.0205399,-0.045477,0.53773,0.517688,0.518572,0.606834,0.549876
298,1,0,0,1,1,1,0,0,1,0,0,0,0,-0.0560791,0.0118205,-0.057409,0.528233,0.514505,0.518572,0.605555,0.549075
299,0,1,0,1,1,1,0,0,1,0,0,0,0,-0.0316716,0.0278438,-0.0281759,0.605858,0.517346,0.603449,0.609663,0.559995
300,1,1,0,1,1,1,0,0,1,0,0,0,0,-0.0369988,0.0203345,-0.0418568,0.596361,0.515531,0.603449,0.609663,0.559205
301,0,0,1,1,1,1,0,0,1,0,0,0,0,-0.0496187,0.0201057,-0.0423172,0.53773,0.515677,0.518572,0.600756,0.557805
302,1,0,1,1,1,1,0,0,1,0,0,0,0,-0.055998,0.0125046,-0.0544621,0.528233,0.51448,0.518572,0.600998,0.558297
303,0,1,1,1,1,1,0,0,1,0,0,0,0,-0.0330868,0.0256968,-0.0269312,0.586668,0.51531,0.578721,0.601044,0.567377
304,1,1,1,1,1,1,0,0,1,0,0,0,0,-0.0382741,0.0191098,-0.0402571,0.577171,0.514886,0.578721,0.602974,0.567799
305,0,0,0,0,0,0,1,0,1,0,0,0,0,-0.0555509,0.0161096,-0.0494779,0.502768,0.51052,0.461003,0.54257,0.583825
306,1,0,0,0,0,0,1,0,1,0,0,0,0,-0.0622664,0.0073359,-0.06141,0.493271,0.500073,0.461003,0.56072,0.575559
307,1,1,0,0,0,0,1,0,1,0,0,0,0,-0.0436573,0.0155869,-0.0461584,0.570044,0.512773,0.567305,0.603131,0.582061
308,0,0,1,0,0,0,1,0,1,0,0,0,0,-0.0557124,0.0159784,-0.0447523,0.502768,0.511941,0.461003,0.513551,0.583019
309,1,0,1,0,0,0,1,0,1,0,0,0,0,-0.0620916,0.00830411,-0.0568973,0.493271,0.507118,0.461003,0.537797,0.590296
310,0,1,1,0,0,0,1,0,1,0,0,0,0,-0.0392796,0.0216674,-0.0307447,0.560351,0.514272,0.542577,0.556834,0.5857
311,1,1,1,0,0,0,1,0,1,0,0,0,0,-0.044467,0.0150212,-0.0440707,0.550854,0.51261,0.542577,0.581751,0.591173
312,0,0,0,1,0,0,1,0,1,0,0,0,0,-0.052727,0.0177917,-0.0462906,0.502768,0.517076,0.461003,0.557413,0.578324
313,1,0,0,1,0,0,1,0,1,0,0,0,0,-0.0594426,0.00904916,-0.0582229,0.493271,0.511638,0.461003,0.556666,0.578576
314,0,1,0,1,0,0,1,0,1,0,0,0,0,-0.0350356,0.0251002,-0.0289896,0.579541,0.517101,0.567305,0.585566,0.584102
315,1,1,0,1,0,0,1,0,1,0,0,0,0,-0.0403629,0.0175732,-0.0426705,0.570044,0.514863,0.567305,0.588415,0.588033
316,0,0,1,1,0,0,1,0,1,0,0,0,0,-0.0533009,0.0167277,-0.043154,0.502768,0.514952,0.461003,0.549775,0.574408
317,0,1,1,1,0,0,1,0,1,0,0,0,0,-0.0367693,0.0223197,-0.0277679,0.560351,0.514139,0.542577,0.557431,0.577518
318,1,1,1,1,0,0,1,0,1,0,0,0,0,-0.0419567,0.0157144,-0.0410939,0.550854,0.514176,0.542577,0.567977,0.585108
319,0,0,0,0,1,0,1,0,1,0,0,0,0,-0.0560422,0.0153378,-0.0529648,0.502768,0.509138,0.451261,0.559505,0.569194
320,1,0,0,0,1,0,1,0,1,0,0,0,0,-0.0627577,0.00657991,-0.0648969,0.493271,0.508284,0.451261,0.578427,0.564534
321,0,1,0,0,1,0,1,0,1,0,0,0,0,-0.0388215,0.0223634,-0.0359647,0.579541,0.515195,0.567305,0.594457,0.578997
322,1,1,0,0,1,0,1,0,1,0,0,0,0,-0.0441487,0.0148196,-0.0496453,0.570044,0.513681,0.567305,0.608301,0.572236
323,0,0,1,0,1,0,1,0,1,0,0,0,0,-0.0560906,0.014723,-0.0484072,0.502768,0.512269,0.451261,0.548108,0.577912
324,1,0,1,0,1,0,1,0,1,0,0,0,0,-0.0624698,0.00706423,-0.0605521,0.493271,0.511557,0.451261,0.565506,0.5773
325,1,1,1,0,1,0,1,0,1,0,0,0,0,-0.0448453,0.0137744,-0.0477256,0.550854,0.513855,0.542577,0.596028,0.586426
326,0,0,0,1,1,0,1,0,1,0,0,0,0,-0.0538913,0.0159964,-0.049171,0.502768,0.514697,0.451261,0.570183,0.56534
327,1,0,0,1,1,0,1,0,1,0,0,0,0,-0.0606069,0.00726698,-0.0611031,0.493271,0.513373,0.451261,0.578554,0.564585
328,0,1,0,1,1,0,1,0,1,0,0,0,0,-0.0362001,0.0232944,-0.0318701,0.579541,0.515694,0.567305,0.588075,0.574832
329,1,1,0,1,1,0,1,0,1,0,0,0,0,-0.0415274,0.0157786,-0.0455509,0.570044,0.514876,0.567305,0.597454,0.574061
330,0,0,1,1,1,0,1,0,1,0,0,0,0,-0.0541468,0.0155669,-0.0460112,0.502768,0.514531,0.451261,0.563542,0.571084
331,1,0,1,1,1,0,1,0,1,0,0,0,0,-0.060526,0.00795614,-0.0581562,0.493271,0.514041,0.451261,0.571555,0.573191
332,0,1,1,1,1,0,1,0,1,0,0,0,0,-0.0376154,0.0211548,-0.0306252,0.560351,0.514588,0.542577,0.57334,0.579145
333,1,1,1,1,1,0,1,0,1,0,0,0,0,-0.0428027,0.0145617,-0.0439511,0.550854,0.514598,0.542577,0.580757,0.581844
334,0,0,0,0,0,1,1,0,1,0,0,0,0,-0.054674,0.0177052,-0.0478841,0.515193,0.520046,0.485205,0.587443,0.568273
335,0,1,0,0,0,1,1,0,1,0,0,0,0,-0.0374531,0.0247478,-0.0308836,0.591966,0.517854,0.567305,0.600629,0.57469
336,1,1,0,0,0,1,1,0,1,0,0,0,0,-0.0427803,0.0171929,-0.0445646,0.582469,0.514188,0.567305,0.600629,0.564188
337,0,0,1,0,0,1,1,0,1,0,0,0,0,-0.0548354,0.0175825,-0.0431585,0.515193,0.516344,0.485205,0.560351,0.583305
338,1,0,1,0,0,1,1,0,1,0,0,0,0,-0.0612146,0.00991343,-0.0553036,0.505696,0.512599,0.485205,0.560351,0.576839
339,0,1,1,0,0,1,1,0,1,0,0,0,0,-0.0384027,0.0232783,-0.0291508,0.572776,0.515261,0.542577,0.578865,0.590891
340,1,1,1,0,0,1,1,0,1,0,0,0,0,-0.04359,0.0166353,-0.0424769,0.563279,0.514119,0.542577,0.583104,0.583582
341,0,0,0,1,0,1,1,0,1,0,0,0,0,-0.0518639,0.019578,-0.0440959,0.515193,0.518053,0.485205,0.583507,0.570537
342,1,0,0,1,0,1,1,0,1,0,0,0,0,-0.0585796,0.0108407,-0.0560282,0.505696,0.514223,0.485205,0.583507,0.566836
343,0,1,0,1,0,1,1,0,1,0,0,0,0,-0.0341725,0.0268987,-0.0267946,0.591966,0.516141,0.567305,0.597833,0.579609
344,1,1,0,1,0,1,1,0,1,0,0,0,0,-0.0394998,0.0193743,-0.0404757,0.582469,0.514899,0.567305,0.597833,0.574514
345,0,0,1,1,0,1,1,0,1,0,0,0,0,-0.0524378,0.0185178,-0.0409592,0.515193,0.515797,0.485205,0.550061,0.578705
346,1,0,1,1,0,1,1,0,1,0,0,0,0,-0.0588171,0.0108971,-0.0531044,0.505696,0.514368,0.485205,0.550061,0.577901
347,0,1,1,1,0,1,1,0,1,0,0,0,0,-0.0359063,0.0241177,-0.0255729,0.572776,0.514857,0.542577,0.56904,0.586791
348,1,1,1,1,0,1,1,0,1,0,0,0,0,-0.0410936,0.0175157,-0.038899,0.563279,0.514646,0.542577,0.56977,0.586401
349,0,0,0,0,1,1,1,0,1,0,0,0,0,-0.0534742,0.017394,-0.0503397,0.515193,0.513733,0.475463,0.60834,0.555693
350,1,0,0,0,1,1,1,0,1,0,0,0,0,-0.0601898,0.00864318,-0.0622718,0.505696,0.512494,0.475463,0.60939,0.545275
351,0,1,0,0,1,1,1,0,1,0,0,0,0,-0.0362532,0.0244256,-0.0333394,0.591966,0.514989,0.567305,0.620008,0.563437
352,1,1,0,0,1,1,1,0,1,0,0,0,0,-0.0415803,0.0168857,-0.0470202,0.582469,0.514305,0.567305,0.62211,0.553796
353,0,0,1,0,1,1,1,0,1,0,0,0,0,-0.0535225,0.0167843,-0.0457821,0.515193,0.514277,0.475463,0.583574,0.569211
354,1,0,1,0,1,1,1,0,1,0,0,0,0,-0.0599017,0.00913111,-0.057927,0.505696,0.513651,0.475463,0.589672,0.56519
355,0,1,1,0,1,1,1,0,1,0,0,0,0,-0.0370896,0.0224749,-0.0317746,0.572776,0.51463,0.542577,0.601436,0.577848
356,1,1,1,0,1,1,1,0,1,0,0,0,0,-0.0422769,0.0158438,-0.0451005,0.563279,0.514452,0.542577,0.608063,0.573125
357,0,0,0,1,1,1,1,0,1,0,0,0,0,-0.0515574,0.0183433,-0.0457111,0.515193,0.515066,0.475463,0.601508,0.5569
358,1,0,0,1,1,1,1,0,1,0,0,0,0,-0.0582731,0.0096188,-0.0576433,0.505696,0.514287,0.475463,0.601508,0.552872
359,0,1,0,1,1,1,1,0,1,0,0,0,0,-0.0338659,0.0256507,-0.02841,0.591966,0.515138,0.567305,0.615952,0.566029
360,1,1,0,1,1,1,1,0,1,0,0,0,0,-0.0391931,0.0181365,-0.0420909,0.582469,0.514799,0.567305,0.615952,0.562741
361,0,0,1,1,1,1,1,0,1,0,0,0,0,-0.0518128,0.0179151,-0.0425513,0.515193,0.514836,0.475463,0.566391,0.564763
362,1,0,1,1,1,1,1,0,1,0,0,0,0,-0.0581921,0.0103069,-0.0546963,0.505696,0.514537,0.475463,0.566391,0.56456
363,0,1,1,1,1,1,1,0,1,0,0,0,0,-0.0352812,0.023509,-0.0271651,0.572776,0.514772,0.542577,0.582682,0.573348
364,1,1,1,1,1,1,1,0,1,0,0,0,0,-0.0404685,0.016916,-0.0404911,0.563279,0.514737,0.542577,0.58362,0.573045
365,0,0,0,0,0,0,0,1,1,0,0,0,0,-0.050486,0.0193256,-0.0470337,0.533094,0.516462,0.504112,0.503805,0.577193
366,1,0,0,0,0,0,0,1,1,0,0,0,0,-0.0572014,0.0105538,-0.0589657,0.523597,0.504873,0.504112,0.511273,0.585529
367,0,1,0,0,0,0,0,1,1,0,0,0,0,-0.0332652,0.0263472,-0.0300335,0.601222,0.529464,0.608461,0.569462,0.580837
368,1,1,0,0,0,0,0,1,1,0,0,0,0,-0.0385923,0.0187907,-0.0437144,0.591725,0.517484,0.608461,0.586595,0.588207
369,0,0,1,0,0,0,0,1,1,0,0,0,0,-0.0506474,0.019183,-0.0423081,0.533094,0.51419,0.504112,0.52033,0.570975
370,1,0,1,0,0,0,0,1,1,0,0,0,0,-0.0570265,0.0115061,-0.0544531,0.523597,0.509058,0.504112,0.54245,0.579254
371,0,1,1,0,0,0,0,1,1,0,0,0,0,-0.0342147,0.0248628,-0.0283007,0.582032,0.518005,0.583734,0.555435,0.573613
372,1,1,1,0,0,0,0,1,1,0,0,0,0,-0.0394019,0.0182137,-0.0416268,0.572535,0.514474,0.583734,0.571616,0.581186
373,0,0,0,1,0,0,0,1,1,0,0,0,0,-0.047662,0.0210097,-0.0438465,0.533094,0.519392,0.504112,0.554992,0.568742
374,1,0,0,1,0,0,0,1,1,0,0,0,0,-0.0543776,0.0122691,-0.0557786,0.523597,0.513506,0.504112,0.547819,0.576902
375,0,1,0,1,0,0,0,1,1,0,0,0,0,-0.0299707,0.0283053,-0.0265456,0.601222,0.521742,0.608461,0.577492,0.572177
376,1,1,0,1,0,0,0,1,1,0,0,0,0,-0.0352979,0.0207792,-0.0402266,0.591725,0.517068,0.608461,0.580485,0.580068
377,0,0,1,1,0,0,0,1,1,0,0,0,0,-0.048236,0.0199288,-0.0407099,0.533094,0.515818,0.504112,0.552189,0.563728
378,1,0,1,1,0,0,0,1,1,0,0,0,0,-0.0546151,0.0123002,-0.052855,0.523597,0.513699,0.504112,0.54932,0.570794
379,0,1,1,1,0,0,0,1,1,0,0,0,0,-0.0317044,0.0255111,-0.025324,0.582032,0.515889,0.583734,0.56434,0.565383
380,1,1,1,1,0,0,0,1,1,0,0,0,0,-0.0368917,0.018903,-0.0386501,0.572535,0.515022,0.583734,0.574684,0.573149
381,0,0,0,0,1,0,0,1,1,0,0,0,0,-0.0505168,0.0190917,-0.0507249,0.533094,0.513237,0.49437,0.526203,0.573462
382,1,0,0,0,1,0,0,1,1,0,0,0,0,-0.0572323,0.0103347,-0.0626568,0.523597,0.510754,0.49437,0.536309,0.573911
383,0,1,0,0,1,0,0,1,1,0,0,0,0,-0.033296,0.0261047,-0.0337248,0.601222,0.519142,0.608461,0.577621,0.581104
384,1,1,0,0,1,0,0,1,1,0,0,0,0,-0.0386231,0.0185612,-0.0474056,0.591725,0.515554,0.608461,0.580794,0.584124
385,0,0,1,0,1,0,0,1,1,0,0,0,0,-0.0505651,0.0184614,-0.0461673,0.533094,0.5138,0.49437,0.552175,0.571945
386,1,0,1,0,1,0,0,1,1,0,0,0,0,-0.0569442,0.0107991,-0.0583121,0.523597,0.512529,0.49437,0.551697,0.579716
387,0,1,1,0,1,0,0,1,1,0,0,0,0,-0.0341324,0.0241383,-0.03216,0.582032,0.515583,0.583734,0.568263,0.574866
388,1,1,1,0,1,0,0,1,1,0,0,0,0,-0.0393196,0.0175004,-0.0454859,0.572535,0.514586,0.583734,0.572369,0.582244
389,0,0,0,1,1,0,0,1,1,0,0,0,0,-0.0483659,0.0197566,-0.0469312,0.533094,0.516189,0.49437,0.546654,0.566388
390,1,0,0,1,1,0,0,1,1,0,0,0,0,-0.0550814,0.0110281,-0.0588632,0.523597,0.514295,0.49437,0.546647,0.569
391,0,1,0,1,1,0,0,1,1,0,0,0,0,-0.0306746,0.0270418,-0.0296303,0.601222,0.517499,0.608461,0.582501,0.573277
392,1,1,0,1,1,0,0,1,1,0,0,0,0,-0.0360018,0.0195264,-0.0433112,0.591725,0.515723,0.608461,0.583596,0.578803
393,0,0,1,1,1,0,0,1,1,0,0,0,0,-0.0486213,0.0193086,-0.0437714,0.533094,0.515085,0.49437,0.545633,0.564901
394,1,0,1,1,1,0,0,1,1,0,0,0,0,-0.0550004,0.0116945,-0.0559164,0.523597,0.514392,0.49437,0.544712,0.572018
395,0,1,1,1,1,0,0,1,1,0,0,0,0,-0.0320898,0.0248871,-0.0283855,0.582032,0.515262,0.583734,0.568996,0.567456
396,1,1,1,1,1,0,0,1,1,0,0,0,0,-0.037277,0.0182907,-0.0417115,0.572535,0.51492,0.583734,0.572027,0.57469
397,0,0,0,0,0,1,0,1,1,0,0,0,0,-0.0505303,0.0218151,-0.0435213,0.545519,0.522643,0.528314,0.583641,0.580417
398,1,0,0,0,0,1,0,1,1,0,0,0,0,-0.0572457,0.0130489,-0.0554535,0.536022,0.513,0.528314,0.563379,0.577951
399,0,1,0,0,0,1,0,1,1,0,0,0,0,-0.0333094,0.0288469,-0.0265209,0.613647,0.520977,0.608461,0.598331,0.589699
400,1,1,0,0,0,1,0,1,1,0,0,0,0,-0.0386365,0.0212945,-0.0402019,0.60415,0.515783,0.608461,0.601648,0.585481
401,0,0,1,0,0,1,0,1,1,0,0,0,0,-0.0506916,0.0216859,-0.0387957,0.545519,0.517324,0.528314,0.557039,0.581716
402,1,0,1,0,0,1,0,1,1,0,0,0,0,-0.0570707,0.0140182,-0.0509408,0.536022,0.513393,0.528314,0.548865,0.588248
403,0,1,1,0,0,1,0,1,1,0,0,0,0,-0.0342589,0.0273733,-0.0247881,0.594457,0.516474,0.583734,0.572935,0.584116
404,1,1,1,0,0,1,0,1,1,0,0,0,0,-0.0394462,0.0207314,-0.0381143,0.58496,0.514755,0.583734,0.586244,0.590509
405,0,0,0,1,0,1,0,1,1,0,0,0,0,-0.0477202,0.0236938,-0.0397331,0.545519,0.519032,0.528314,0.574151,0.575238
406,1,0,0,1,0,1,0,1,1,0,0,0,0,-0.0544358,0.0149593,-0.0516654,0.536022,0.514982,0.528314,0.562494,0.575375
407,0,1,0,1,0,1,0,1,1,0,0,0,0,-0.0300288,0.0310038,-0.0224318,0.613647,0.517612,0.608461,0.590317,0.582772
408,1,1,0,1,0,1,0,1,1,0,0,0,0,-0.035356,0.0234819,-0.036113,0.60415,0.515632,0.608461,0.590512,0.584813
409,0,0,1,1,0,1,0,1,1,0,0,0,0,-0.048294,0.0226232,-0.0365964,0.545519,0.516163,0.528314,0.566916,0.574266
410,1,0,1,1,0,1,0,1,1,0,0,0,0,-0.0546732,0.015004,-0.0487416,0.536022,0.514659,0.528314,0.56793,0.581752
411,0,1,1,1,0,1,0,1,1,0,0,0,0,-0.0317625,0.0282148,-0.0212103,0.594457,0.515416,0.583734,0.578439,0.576627
412,1,1,1,1,0,1,0,1,1,0,0,0,0,-0.0369498,0.021614,-0.0345365,0.58496,0.514929,0.583734,0.58461,0.583591
413,0,0,0,0,1,1,0,1,1,0,0,0,0,-0.0479356,0.0218217,-0.0463707,0.545519,0.516115,0.518572,0.575232,0.566396
414,1,0,0,0,1,1,0,1,1,0,0,0,0,-0.0546512,0.013073,-0.0583027,0.536022,0.513749,0.518572,0.563568,0.564788
415,0,1,0,0,1,1,0,1,1,0,0,0,0,-0.0307145,0.028842,-0.0293703,0.613647,0.516582,0.608461,0.596188,0.575942
416,1,1,0,0,1,1,0,1,1,0,0,0,0,-0.0360416,0.0213042,-0.0430512,0.60415,0.515055,0.608461,0.590405,0.574972
417,0,0,1,0,1,1,0,1,1,0,0,0,0,-0.0479838,0.0212022,-0.041813,0.545519,0.515162,0.518572,0.560182,0.574989
418,1,0,1,0,1,1,0,1,1,0,0,0,0,-0.0543631,0.0135497,-0.053958,0.536022,0.514136,0.518572,0.552464,0.574477
419,0,1,1,0,1,1,0,1,1,0,0,0,0,-0.0315508,0.0268841,-0.0278056,0.594457,0.515233,0.583734,0.573888,0.583659
420,1,1,1,0,1,1,0,1,1,0,0,0,0,-0.0367381,0.0202536,-0.0411316,0.58496,0.514744,0.583734,0.586584,0.583398
421,0,0,0,1,1,1,0,1,1,0,0,0,0,-0.0460188,0.0227794,-0.0417421,0.545519,0.515929,0.518572,0.575138,0.562031
422,1,0,0,1,1,1,0,1,1,0,0,0,0,-0.0527345,0.0140571,-0.0536743,0.536022,0.514751,0.518572,0.56381,0.561811
423,0,1,0,1,1,1,0,1,1,0,0,0,0,-0.0283272,0.0300755,-0.024441,0.613647,0.515829,0.608461,0.59423,0.571735
424,1,1,0,1,1,1,0,1,1,0,0,0,0,-0.0336544,0.0225633,-0.038122,0.60415,0.515125,0.608461,0.587552,0.571464
425,0,0,1,1,1,1,0,1,1,0,0,0,0,-0.0462741,0.0223407,-0.0385823,0.545519,0.515156,0.518572,0.57015,0.567976
426,1,0,1,1,1,1,0,1,1,0,0,0,0,-0.0526534,0.0147333,-0.0507273,0.536022,0.514713,0.518572,0.5628,0.569991
427,0,1,1,1,1,1,0,1,1,0,0,0,0,-0.0297424,0.0279259,-0.0231962,0.594457,0.51503,0.583734,0.580763,0.576779
428,1,1,1,1,1,1,0,1,1,0,0,0,0,-0.0349296,0.0213336,-0.0365223,0.58496,0.514861,0.583734,0.584293,0.578841
429,0,0,0,0,0,0,1,1,1,0,0,0,0,-0.0532239,0.0172959,-0.0467573,0.502768,0.513619,0.461003,0.541847,0.586419
430,1,0,0,0,0,0,1,1,1,0,0,0,0,-0.0599394,0.00851882,-0.0586895,0.493271,0.509818,0.461003,0.548005,0.591303
431,0,1,0,0,0,0,1,1,1,0,0,0,0,-0.0360033,0.0243222,-0.0297569,0.579541,0.517225,0.572317,0.576416,0.588621
432,1,1,0,0,0,0,1,1,1,0,0,0,0,-0.0413305,0.0167616,-0.0434379,0.570044,0.514397,0.572317,0.584382,0.591603
433,0,0,1,0,0,0,1,1,1,0,0,0,0,-0.0533854,0.0171609,-0.0420316,0.502768,0.513906,0.461003,0.535045,0.580032
434,1,0,1,0,0,0,1,1,1,0,0,0,0,-0.0597646,0.00947985,-0.0541768,0.493271,0.512148,0.461003,0.544365,0.587419
435,0,1,1,0,0,0,1,1,1,0,0,0,0,-0.0369528,0.0228435,-0.0280241,0.560351,0.514843,0.547589,0.539001,0.581715
436,1,1,1,0,0,0,1,1,1,0,0,0,0,-0.0421401,0.0161916,-0.0413502,0.550854,0.514134,0.547589,0.553632,0.588246
437,0,0,0,1,0,0,1,1,1,0,0,0,0,-0.0504,0.0189671,-0.04357,0.502768,0.51581,0.461003,0.552619,0.578508
438,1,0,0,1,0,0,1,1,1,0,0,0,0,-0.0571156,0.0102212,-0.0555023,0.493271,0.513794,0.461003,0.551141,0.586468
439,0,1,0,1,0,0,1,1,1,0,0,0,0,-0.0327088,0.0262677,-0.0262689,0.579541,0.515915,0.572317,0.567184,0.581311
440,1,1,0,1,0,0,1,1,1,0,0,0,0,-0.0380361,0.0187375,-0.03995,0.570044,0.51497,0.572317,0.566598,0.588438
441,0,0,1,1,0,0,1,1,1,0,0,0,0,-0.050974,0.0178984,-0.0404334,0.502768,0.514929,0.461003,0.549278,0.572333
442,1,0,1,1,0,0,1,1,1,0,0,0,0,-0.0573532,0.0102654,-0.0525786,0.493271,0.514197,0.461003,0.548455,0.580104
443,0,1,1,1,0,0,1,1,1,0,0,0,0,-0.0344425,0.0234843,-0.0250473,0.560351,0.514666,0.547589,0.549278,0.574592
444,1,1,1,1,0,0,1,1,1,0,0,0,0,-0.0396298,0.0168734,-0.0383734,0.550854,0.514634,0.547589,0.554317,0.581464
445,0,0,0,0,1,0,1,1,1,0,0,0,0,-0.0537152,0.0165326,-0.0502442,0.502768,0.512865,0.451261,0.551541,0.580605
446,1,0,0,0,1,0,1,1,1,0,0,0,0,-0.0604308,0.00777126,-0.0621763,0.493271,0.512569,0.451261,0.547771,0.579938
447,0,1,0,0,1,0,1,1,1,0,0,0,0,-0.0364947,0.0235499,-0.033244,0.579541,0.515152,0.572317,0.580408,0.589439
448,1,1,0,0,1,0,1,1,1,0,0,0,0,-0.0418218,0.0160027,-0.0469248,0.570044,0.514515,0.572317,0.590689,0.58879
449,0,0,1,0,1,0,1,1,1,0,0,0,0,-0.0537637,0.0159142,-0.0456865,0.502768,0.513933,0.451261,0.555021,0.581588
450,1,0,1,0,1,0,1,1,1,0,0,0,0,-0.0601429,0.00824861,-0.0578315,0.493271,0.513678,0.451261,0.557811,0.588144
451,0,1,1,0,1,0,1,1,1,0,0,0,0,-0.0373312,0.0215936,-0.0316792,0.560351,0.514623,0.547589,0.560906,0.583898
452,1,1,1,0,1,0,1,1,1,0,0,0,0,-0.0425184,0.0149534,-0.0450051,0.550854,0.514508,0.547589,0.573383,0.590164
453,0,0,0,1,1,0,1,1,1,0,0,0,0,-0.0515643,0.01718,-0.0464504,0.502768,0.51483,0.451261,0.553429,0.575261
454,1,0,0,1,1,0,1,1,1,0,0,0,0,-0.0582799,0.00844714,-0.0583826,0.493271,0.51434,0.451261,0.550449,0.576137
455,0,1,0,1,1,0,1,1,1,0,0,0,0,-0.0338733,0.0244702,-0.0291494,0.579541,0.515224,0.572317,0.56992,0.583029
456,1,1,0,1,1,0,1,1,1,0,0,0,0,-0.0392005,0.0169511,-0.0428303,0.570044,0.514885,0.572317,0.579428,0.584981
457,0,0,1,1,1,0,1,1,1,0,0,0,0,-0.0518198,0.0167459,-0.0432905,0.502768,0.514735,0.451261,0.556905,0.574804
458,1,0,1,1,1,0,1,1,1,0,0,0,0,-0.0581991,0.00912841,-0.0554357,0.493271,0.514553,0.451261,0.55568,0.582081
459,0,1,1,1,1,0,1,1,1,0,0,0,0,-0.0352886,0.0223278,-0.0279046,0.560351,0.514765,0.547589,0.558587,0.577099
460,1,1,1,1,1,0,1,1,1,0,0,0,0,-0.0404758,0.015729,-0.0412306,0.550854,0.514755,0.547589,0.566062,0.583642
461,0,0,0,0,0,1,1,1,1,0,0,0,0,-0.0518298,0.0193164,-0.0440457,0.515193,0.516876,0.485205,0.565158,0.585322
462,1,0,0,0,0,1,1,1,1,0,0,0,0,-0.0585453,0.0105448,-0.055978,0.505696,0.513574,0.485205,0.562772,0.576215
463,0,1,0,0,0,1,1,1,1,0,0,0,0,-0.034609,0.026353,-0.0270452,0.591966,0.516131,0.572317,0.59024,0.592199
464,1,1,0,0,0,1,1,1,1,0,0,0,0,-0.0399362,0.0187959,-0.0407263,0.582469,0.514701,0.572317,0.587919,0.58335
465,0,0,1,0,0,1,1,1,1,0,0,0,0,-0.0519912,0.0191925,-0.0393201,0.515193,0.515431,0.485205,0.532811,0.589887
466,1,0,1,0,0,1,1,1,1,0,0,0,0,-0.0583704,0.0115188,-0.0514653,0.505696,0.514061,0.485205,0.532811,0.592478
467,0,1,1,0,0,1,1,1,1,0,0,0,0,-0.0355586,0.0248832,-0.0253124,0.572776,0.515057,0.547589,0.559659,0.591111
468,0,0,0,1,0,1,1,1,1,0,0,0,0,-0.0490197,0.0211765,-0.0402574,0.515193,0.516065,0.485205,0.550583,0.581543
469,1,0,0,1,0,1,1,1,1,0,0,0,0,-0.0557353,0.0124365,-0.0521898,0.505696,0.514652,0.485205,0.550231,0.58103
470,0,1,0,1,0,1,1,1,1,0,0,0,0,-0.0313284,0.0284918,-0.0229561,0.591966,0.515391,0.572317,0.577433,0.590143
471,1,1,0,1,0,1,1,1,1,0,0,0,0,-0.0366556,0.0209652,-0.0366373,0.582469,0.514895,0.572317,0.577433,0.589682
472,0,0,1,1,0,1,1,1,1,0,0,0,0,-0.0495936,0.0201154,-0.0371208,0.515193,0.5152,0.485205,0.544059,0.583455
473,1,0,1,1,0,1,1,1,1,0,0,0,0,-0.0559729,0.0124901,-0.0492661,0.505696,0.514673,0.485205,0.544059,0.588403
474,0,1,1,1,0,1,1,1,1,0,0,0,0,-0.0330621,0.0257112,-0.0217345,0.572776,0.514866,0.547589,0.549598,0.585108
475,1,1,1,1,0,1,1,1,1,0,0,0,0,-0.0382495,0.0191057,-0.0350608,0.563279,0.514773,0.547589,0.550801,0.591028
476,0,0,0,0,1,1,1,1,1,0,0,0,0,-0.05063,0.0190113,-0.0465013,0.515193,0.514467,0.475463,0.580498,0.572434
477,1,0,0,0,1,1,1,1,1,0,0,0,0,-0.0573456,0.0102577,-0.0584335,0.505696,0.51402,0.475463,0.567688,0.565579
478,0,1,0,0,1,1,1,1,1,0,0,0,0,-0.0334091,0.0260369,-0.0295009,0.591966,0.514947,0.572317,0.596524,0.581532
479,1,1,0,0,1,1,1,1,1,0,0,0,0,-0.0387362,0.0184947,-0.0431819,0.582469,0.51467,0.572317,0.598631,0.573765
480,0,0,1,0,1,1,1,1,1,0,0,0,0,-0.0506783,0.0184011,-0.0419436,0.515193,0.514638,0.475463,0.549644,0.580364
481,1,0,1,0,1,1,1,1,1,0,0,0,0,-0.0570576,0.0107433,-0.0540887,0.505696,0.514411,0.475463,0.554321,0.579969
482,0,1,1,0,1,1,1,1,1,0,0,0,0,-0.0342455,0.0240868,-0.0279361,0.572776,0.514775,0.547589,0.575443,0.58851
483,1,1,1,0,1,1,1,1,1,0,0,0,0,-0.0394328,0.0174521,-0.0412622,0.563279,0.5147,0.547589,0.583545,0.588285
484,0,0,0,1,1,1,1,1,1,0,0,0,0,-0.0487132,0.0199483,-0.0418727,0.515193,0.51493,0.475463,0.562352,0.568635
485,1,0,0,1,1,1,1,1,1,0,0,0,0,-0.0554289,0.011221,-0.053805,0.505696,0.514643,0.475463,0.549721,0.568324
486,1,1,0,1,1,1,1,1,1,0,0,0,0,-0.036349,0.0197337,-0.0382526,0.582469,0.514828,0.572317,0.584506,0.576981
487,0,0,1,1,1,1,1,1,1,0,0,0,0,-0.0489686,0.0195199,-0.0387129,0.515193,0.514833,0.475463,0.550125,0.575449
488,1,0,1,1,1,1,1,1,1,0,0,0,0,-0.0553479,0.011907,-0.0508581,0.505696,0.514723,0.475463,0.553088,0.575824
489,0,1,1,1,1,1,1,1,1,0,0,0,0,-0.0324371,0.0251097,-0.0233267,0.572776,0.514812,0.547589,0.56557,0.583368
490,1,1,1,1,1,1,1,1,1,0,0,0,0,-0.0376243,0.0185132,-0.0366529,0.563279,0.514795,0.547589,0.569126,0.583714
491,0,0,0,0,0,0,0,0,0,1,0,0,0,-0.061805,0.0114592,-0.0592603,0.525305,0.392339,0.488513,0.473673,0.562423
492,1,0,0,0,0,0,0,0,0,1,0,0,0,-0.0685205,0.00269609,-0.0711921,0.515808,0.412679,0.488513,0.472788,0.556786
493,0,1,0,0,0,0,0,0,0,1,0,0,0,-0.0445841,0.0184825,-0.0422605,0.602397,0.504051,0.588538,0.504921,0.572803
494,1,1,0,0,0,0,0,0,0,1,0,0,0,-0.0499113,0.0109372,-0.055941,0.5929,0.492387,0.588538,0.521157,0.564102
495,0,0,1,0,0,0,0,0,0,1,0,0,0,-0.0619665,0.0113221,-0.0545347,0.525305,0.467709,0.488513,0.475989,0.57106
496,1,0,1,0,0,0,0,0,0,1,0,0,0,-0.0683457,0.00365783,-0.0666795,0.515808,0.471423,0.488513,0.485017,0.571034
497,0,1,1,0,0,0,0,0,0,1,0,0,0,-0.0455337,0.0170039,-0.0405277,0.583207,0.506851,0.56381,0.496929,0.580329
498,1,1,1,0,0,0,0,0,0,1,0,0,0,-0.050721,0.010369,-0.0538533,0.57371,0.503424,0.56381,0.518266,0.58086
499,0,0,0,1,0,0,0,0,0,1,0,0,0,-0.0589812,0.0131614,-0.0560732,0.525305,0.478872,0.488513,0.532707,0.557092
500,1,0,0,1,0,0,0,0,0,1,0,0,0,-0.0656967,0.00442946,-0.0680051,0.515808,0.487169,0.488513,0.521216,0.557228
501,0,1,0,1,0,0,0,0,0,1,0,0,0,-0.0412897,0.0204553,-0.0387727,0.602397,0.516175,0.588538,0.529533,0.567773
502,1,1,0,1,0,0,0,0,0,1,0,0,0,-0.0466169,0.0129403,-0.0524532,0.5929,0.511755,0.588538,0.529777,0.56739
503,0,0,1,1,0,0,0,0,0,1,0,0,0,-0.0595551,0.0120855,-0.0529367,0.525305,0.500637,0.488513,0.512503,0.563435
504,1,0,1,1,0,0,0,0,0,1,0,0,0,-0.0659344,0.00446939,-0.0650815,0.515808,0.503032,0.488513,0.506062,0.565717
505,0,1,1,1,0,0,0,0,0,1,0,0,0,-0.0430235,0.0176676,-0.037551,0.583207,0.513078,0.56381,0.515683,0.571347
506,1,1,1,1,0,0,0,0,0,1,0,0,0,-0.0482108,0.0110736,-0.0508767,0.57371,0.512534,0.56381,0.527838,0.57522
507,0,0,0,0,1,0,0,0,0,1,0,0,0,-0.0618357,0.0111966,-0.0629515,0.525305,0.431566,0.478771,0.476641,0.54728
508,1,0,0,0,1,0,0,0,0,1,0,0,0,-0.0685512,0.00244843,-0.0748831,0.515808,0.464274,0.478771,0.487607,0.542268
509,0,1,0,0,1,0,0,0,0,1,0,0,0,-0.0446149,0.0182112,-0.0459518,0.602397,0.498,0.588538,0.503738,0.557765
510,1,1,0,0,1,0,0,0,0,1,0,0,0,-0.049942,0.0106789,-0.0596321,0.5929,0.502234,0.588538,0.517045,0.552678
511,0,0,1,0,1,0,0,0,0,1,0,0,0,-0.0618841,0.0105714,-0.0583939,0.525305,0.483444,0.478771,0.487312,0.556774
512,1,0,1,0,1,0,0,0,0,1,0,0,0,-0.0682634,0.00292173,-0.0705384,0.515808,0.494013,0.478771,0.493436,0.556185
513,0,1,1,0,1,0,0,0,0,1,0,0,0,-0.0454513,0.0162503,-0.044387,0.583207,0.507184,0.56381,0.509503,0.566964
514,1,1,1,0,1,0,0,0,0,1,0,0,0,-0.0506386,0.0096266,-0.0577124,0.57371,0.509016,0.56381,0.519664,0.565927
515,0,0,0,1,1,0,0,0,0,1,0,0,0,-0.0596848,0.0118808,-0.0591578,0.525305,0.489217,0.478771,0.496873,0.542495
516,1,0,0,1,1,0,0,0,0,1,0,0,0,-0.0664004,0.00316098,-0.0710896,0.515808,0.500296,0.478771,0.494345,0.542115
517,0,1,0,1,1,0,0,0,0,1,0,0,0,-0.0419934,0.0191642,-0.0418575,0.602397,0.512052,0.588538,0.507376,0.553405
518,1,1,0,1,1,0,0,0,0,1,0,0,0,-0.0473206,0.0116599,-0.0555378,0.5929,0.512565,0.588538,0.511933,0.552808
519,0,0,1,1,1,0,0,0,0,1,0,0,0,-0.0599403,0.0114369,-0.0559981,0.525305,0.50506,0.478771,0.493884,0.548937
520,1,0,1,1,1,0,0,0,0,1,0,0,0,-0.0663195,0.00383528,-0.0681428,0.515808,0.508873,0.478771,0.493854,0.551432
521,0,1,1,1,1,0,0,0,0,1,0,0,0,-0.0434087,0.017015,-0.0406126,0.583207,0.512997,0.56381,0.509567,0.55936
522,1,1,1,1,1,0,0,0,0,1,0,0,0,-0.0485959,0.0104327,-0.0539381,0.57371,0.513566,0.56381,0.513011,0.561532
523,0,0,0,0,0,1,0,0,0,1,0,0,0,-0.061968,0.0138565,-0.0570123,0.53773,0.494753,0.525588,0.506789,0.548433
524,1,0,0,0,0,1,0,0,0,1,0,0,0,-0.0686835,0.00509806,-0.0689442,0.528233,0.482977,0.525588,0.494424,0.536003
525,0,1,0,0,0,1,0,0,0,1,0,0,0,-0.0447473,0.0208885,-0.0400124,0.614822,0.514491,0.601412,0.516357,0.555624
526,1,1,0,0,0,1,0,0,0,1,0,0,0,-0.0500744,0.0133461,-0.0536929,0.605325,0.50663,0.601412,0.524384,0.54403
527,0,0,1,0,0,1,0,0,0,1,0,0,0,-0.0621295,0.013732,-0.0522868,0.53773,0.50681,0.525588,0.495627,0.562615
528,1,0,1,0,0,1,0,0,0,1,0,0,0,-0.0685087,0.00607519,-0.0644315,0.528233,0.500976,0.525588,0.494746,0.557748
529,0,1,1,0,0,1,0,0,0,1,0,0,0,-0.0456968,0.0194202,-0.0382796,0.595633,0.51351,0.576684,0.491342,0.571697
530,1,1,1,0,0,1,0,0,0,1,0,0,0,-0.0508841,0.0127908,-0.0516053,0.586136,0.510743,0.576684,0.506532,0.56533
531,0,0,0,1,0,1,0,0,0,1,0,0,0,-0.0591581,0.0157503,-0.0532242,0.53773,0.50806,0.525588,0.528338,0.549042
532,1,0,0,1,0,1,0,0,0,1,0,0,0,-0.0658736,0.00702334,-0.0651562,0.528233,0.505949,0.525588,0.523697,0.544387
533,0,1,0,1,0,1,0,0,0,1,0,0,0,-0.0414667,0.0230571,-0.0359235,0.614822,0.515292,0.601412,0.525681,0.558903
534,1,1,0,1,0,1,0,0,0,1,0,0,0,-0.0467938,0.0155451,-0.0496041,0.605325,0.513287,0.601412,0.524381,0.554532
535,0,0,1,1,0,1,0,0,0,1,0,0,0,-0.059732,0.0146836,-0.0500876,0.53773,0.512046,0.525588,0.513183,0.558103
536,1,0,1,1,0,1,0,0,0,1,0,0,0,-0.0661113,0.00707523,-0.0622325,0.528233,0.51098,0.525588,0.512859,0.557314
537,0,1,1,1,0,1,0,0,0,1,0,0,0,-0.0432004,0.0202739,-0.0347019,0.595633,0.514312,0.576684,0.511829,0.567354
538,1,1,1,1,0,1,0,0,0,1,0,0,0,-0.0483877,0.0136855,-0.0480276,0.586136,0.513879,0.576684,0.512807,0.566422
539,0,0,0,0,1,1,0,0,0,1,0,0,0,-0.0593735,0.0138313,-0.0598616,0.53773,0.49002,0.515846,0.503127,0.532558
540,1,0,0,0,1,1,0,0,0,1,0,0,0,-0.066089,0.0050904,-0.0717934,0.528233,0.497189,0.515846,0.484585,0.519135
541,0,1,0,0,1,1,0,0,0,1,0,0,0,-0.0421523,0.0208517,-0.0428618,0.614822,0.509131,0.601412,0.522943,0.542743
542,1,1,0,0,1,1,0,0,0,1,0,0,0,-0.0474794,0.013324,-0.0565422,0.605325,0.509939,0.601412,0.512746,0.530284
543,0,0,1,0,1,1,0,0,0,1,0,0,0,-0.0594218,0.0132158,-0.0553041,0.53773,0.505463,0.515846,0.50606,0.547789
544,1,0,1,0,1,1,0,0,0,1,0,0,0,-0.0658011,0.00557428,-0.0674487,0.528233,0.507516,0.515846,0.488507,0.54276
545,0,1,1,0,1,1,0,0,0,1,0,0,0,-0.0429887,0.0188986,-0.041297,0.595633,0.512295,0.576684,0.50535,0.55734
546,1,1,1,0,1,1,0,0,0,1,0,0,0,-0.048176,0.0122806,-0.0546225,0.586136,0.512623,0.576684,0.510092,0.552814
547,0,0,0,1,1,1,0,0,0,1,0,0,0,-0.0574567,0.014805,-0.0552332,0.53773,0.505916,0.515846,0.509059,0.533799
548,1,0,0,1,1,1,0,0,0,1,0,0,0,-0.0641723,0.00609036,-0.067165,0.528233,0.509287,0.515846,0.495409,0.527834
549,0,1,0,1,1,1,0,0,0,1,0,0,0,-0.039765,0.0220979,-0.0379326,0.614822,0.513231,0.601412,0.521711,0.544196
550,1,1,0,1,1,1,0,0,0,1,0,0,0,-0.0450921,0.0145957,-0.0516131,0.605325,0.513641,0.601412,0.510035,0.539389
551,0,0,1,1,1,1,0,0,0,1,0,0,0,-0.0577121,0.0143686,-0.0520735,0.53773,0.511441,0.515846,0.512581,0.542609
552,1,0,1,1,1,1,0,0,0,1,0,0,0,-0.0640914,0.00677198,-0.0642182,0.528233,0.512567,0.515846,0.501955,0.542479
553,0,1,1,1,1,1,0,0,0,1,0,0,0,-0.0411802,0.0199523,-0.0366878,0.595633,0.51399,0.576684,0.512031,0.552335
554,1,1,1,1,1,1,0,0,0,1,0,0,0,-0.0463675,0.0133725,-0.0500134,0.586136,0.514247,0.576684,0.511561,0.552179
555,0,0,0,0,0,0,1,0,0,1,0,0,0,-0.0633476,0.0101401,-0.0594357,0.502768,0.461771,0.445403,0.50131,0.565628
556,1,0,0,0,0,0,1,0,0,1,0,0,0,-0.0700631,0.00137356,-0.0713677,0.493271,0.473921,0.445403,0.513132,0.553261
557,1,1,0,0,0,0,1,0,0,1,0,0,0,-0.0514541,0.00961945,-0.0561163,0.579008,0.503642,0.552394,0.526024,0.56022
558,0,0,1,0,0,0,1,0,0,1,0,0,0,-0.0635092,0.0100103,-0.0547101,0.502768,0.494492,0.445403,0.491591,0.577258
559,1,0,1,0,0,0,1,0,0,1,0,0,0,-0.0698884,0.00234347,-0.066855,0.493271,0.497473,0.445403,0.503439,0.573815
560,0,1,1,0,0,0,1,0,0,1,0,0,0,-0.0470765,0.0156943,-0.040703,0.569316,0.509188,0.527666,0.501265,0.585954
561,0,0,0,1,0,0,1,0,0,1,0,0,0,-0.0605238,0.0118273,-0.0562485,0.502768,0.499572,0.445403,0.52959,0.564236
562,1,0,0,1,0,0,1,0,0,1,0,0,0,-0.0672393,0.00309181,-0.0681806,0.493271,0.503234,0.445403,0.527475,0.562503
563,0,1,0,1,0,0,1,0,0,1,0,0,0,-0.0428325,0.0191253,-0.038948,0.588506,0.512416,0.552394,0.52972,0.573389
564,1,1,0,1,0,0,1,0,0,1,0,0,0,-0.0481597,0.0116077,-0.0526285,0.579008,0.512298,0.552394,0.52972,0.571374
565,0,0,1,1,0,0,1,0,0,1,0,0,0,-0.0610978,0.0107631,-0.053112,0.502768,0.508841,0.445403,0.519982,0.571469
566,1,0,1,1,0,0,1,0,0,1,0,0,0,-0.0674771,0.00314441,-0.0652569,0.493271,0.509932,0.445403,0.515634,0.571902
567,0,1,1,1,0,0,1,0,0,1,0,0,0,-0.0445663,0.0163484,-0.0377263,0.569316,0.513105,0.527666,0.515532,0.580028
568,1,1,1,1,0,0,1,0,0,1,0,0,0,-0.0497536,0.00975305,-0.051052,0.559819,0.513449,0.527666,0.520091,0.580438
569,1,0,0,0,1,0,1,0,0,1,0,0,0,-0.0705543,0.000597161,-0.0748544,0.493271,0.492733,0.435661,0.513672,0.541741
570,0,1,0,0,1,0,1,0,0,1,0,0,0,-0.0466182,0.016366,-0.0459229,0.588506,0.503774,0.552394,0.524241,0.560089
571,1,1,0,0,1,0,1,0,0,1,0,0,0,-0.0519454,0.00883164,-0.0596032,0.579008,0.508306,0.552394,0.546613,0.549678
572,0,0,1,0,1,0,1,0,0,1,0,0,0,-0.0638873,0.00873435,-0.058365,0.502768,0.499905,0.435661,0.519029,0.562814
573,1,0,1,0,1,0,1,0,0,1,0,0,0,-0.0702666,0.00108304,-0.0705096,0.493271,0.505822,0.435661,0.522818,0.560647
574,0,1,1,0,1,0,1,0,0,1,0,0,0,-0.0474547,0.0144151,-0.044358,0.569316,0.510211,0.527666,0.526981,0.571637
575,1,1,1,0,1,0,1,0,0,1,0,0,0,-0.052642,0.0077906,-0.0576835,0.559819,0.511965,0.527666,0.542835,0.569495
576,0,0,0,1,1,0,1,0,0,1,0,0,0,-0.0616879,0.0100133,-0.0591289,0.502768,0.502976,0.435661,0.509586,0.549705
577,1,0,0,1,1,0,1,0,0,1,0,0,0,-0.0684035,0.00129103,-0.0710608,0.493271,0.508339,0.435661,0.505474,0.547414
578,0,1,0,1,1,0,1,0,0,1,0,0,0,-0.0439968,0.0173008,-0.0418285,0.588506,0.512146,0.552394,0.529555,0.5594
579,1,1,0,1,1,0,1,0,0,1,0,0,0,-0.049324,0.0097944,-0.0555088,0.579008,0.513261,0.552394,0.527584,0.557397
580,0,0,1,1,1,0,1,0,0,1,0,0,0,-0.0619435,0.00958283,-0.0559692,0.502768,0.510331,0.435661,0.515978,0.557674
581,1,0,1,1,1,0,1,0,0,1,0,0,0,-0.0683228,0.00197958,-0.068114,0.493271,0.512202,0.435661,0.514141,0.55774
582,0,1,1,1,1,0,1,0,0,1,0,0,0,-0.0454121,0.0151639,-0.0405836,0.569316,0.513538,0.527666,0.529237,0.566796
583,1,1,1,1,1,0,1,0,0,1,0,0,0,-0.0505994,0.00858083,-0.0539091,0.559819,0.514084,0.527666,0.528908,0.566661
584,0,0,0,0,0,1,1,0,0,1,0,0,0,-0.0624707,0.011711,-0.057842,0.515193,0.503539,0.482479,0.517074,0.545639
585,1,1,0,0,0,1,1,0,0,1,0,0,0,-0.0505771,0.0112007,-0.0545226,0.591434,0.51074,0.565267,0.530566,0.541562
586,0,0,1,0,0,1,1,0,0,1,0,0,0,-0.0626322,0.0115898,-0.0531164,0.515193,0.510418,0.482479,0.509414,0.565116
587,1,0,1,0,0,1,1,0,0,1,0,0,0,-0.0690114,0.00392816,-0.0652613,0.505696,0.509063,0.482479,0.507031,0.554611
588,0,1,1,0,0,1,1,0,0,1,0,0,0,-0.0461996,0.0172804,-0.0391092,0.581741,0.513378,0.54054,0.505474,0.571378
589,1,1,1,0,0,1,1,0,0,1,0,0,0,-0.0513868,0.0106475,-0.0524349,0.572244,0.5129,0.54054,0.505296,0.561858
590,1,0,0,1,0,1,1,0,0,1,0,0,0,-0.0663763,0.00485798,-0.065986,0.505696,0.510859,0.482479,0.525357,0.54414
591,0,1,0,1,0,1,1,0,0,1,0,0,0,-0.0419694,0.0208983,-0.0367531,0.600931,0.513983,0.565267,0.52635,0.561892
592,1,1,0,1,0,1,1,0,0,1,0,0,0,-0.0472966,0.0133834,-0.0504338,0.591434,0.513755,0.565267,0.525917,0.552096
593,0,0,1,1,0,1,1,0,0,1,0,0,0,-0.0602347,0.0125279,-0.0509173,0.515193,0.513367,0.482479,0.523925,0.563495
594,1,0,1,1,0,1,1,0,0,1,0,0,0,-0.066614,0.00491475,-0.0630622,0.505696,0.513139,0.482479,0.522954,0.561785
595,0,1,1,1,0,1,1,0,0,1,0,0,0,-0.0437032,0.0181211,-0.0355314,0.581741,0.514258,0.54054,0.517375,0.571718
596,1,1,1,1,0,1,1,0,0,1,0,0,0,-0.0488905,0.0115291,-0.0488572,0.572244,0.514283,0.54054,0.517375,0.570514
597,0,0,0,0,1,1,1,0,0,1,0,0,0,-0.0612709,0.0113755,-0.0602976,0.515193,0.500361,0.472737,0.52059,0.530522
598,1,0,0,0,1,1,1,0,0,1,0,0,0,-0.0679864,0.00263184,-0.0722294,0.505696,0.506294,0.472737,0.502704,0.52166
599,0,1,0,0,1,1,1,0,0,1,0,0,0,-0.04405,0.0183995,-0.0432977,0.600931,0.510346,0.565267,0.522978,0.540327
600,1,1,0,0,1,1,1,0,0,1,0,0,0,-0.0493771,0.0108691,-0.0569781,0.591434,0.512104,0.565267,0.521406,0.529387
601,0,0,1,0,1,1,1,0,0,1,0,0,0,-0.0613193,0.010767,-0.05574,0.515193,0.509407,0.472737,0.514105,0.550564
602,1,0,1,0,1,1,1,0,0,1,0,0,0,-0.0676986,0.00312138,-0.0678847,0.505696,0.511361,0.472737,0.511635,0.542281
603,0,1,1,0,1,1,1,0,0,1,0,0,0,-0.0448865,0.0164526,-0.0417328,0.581741,0.51301,0.54054,0.514105,0.559324
604,1,1,1,0,1,1,1,0,0,1,0,0,0,-0.0500737,0.00983152,-0.0550584,0.572244,0.513663,0.54054,0.514105,0.550635
605,0,0,0,1,1,1,1,0,0,1,0,0,0,-0.0593541,0.0123306,-0.0556691,0.515193,0.509899,0.472737,0.522355,0.537145
606,1,0,0,1,1,1,1,0,0,1,0,0,0,-0.0660697,0.00361318,-0.0676011,0.505696,0.51208,0.472737,0.506018,0.527676
607,0,1,0,1,1,1,1,0,0,1,0,0,0,-0.0416627,0.0196275,-0.0383684,0.600931,0.513415,0.565267,0.528024,0.546888
608,1,1,0,1,1,1,1,0,0,1,0,0,0,-0.0469898,0.0121226,-0.0520489,0.591434,0.514037,0.565267,0.521922,0.538514
609,0,0,1,1,1,1,1,0,0,1,0,0,0,-0.0596096,0.0119014,-0.0525093,0.515193,0.512969,0.472737,0.520237,0.549375
610,1,0,1,1,1,1,1,0,0,1,0,0,0,-0.0659889,0.00430068,-0.0646541,0.505696,0.513728,0.472737,0.511965,0.546597
611,0,1,1,1,1,1,1,0,0,1,0,0,0,-0.043078,0.0174885,-0.0371236,0.581741,0.514212,0.54054,0.518624,0.558145
612,1,1,1,1,1,1,1,0,0,1,0,0,0,-0.0482652,0.0109055,-0.0504492,0.572244,0.514478,0.54054,0.518624,0.556079
613,0,0,0,0,0,0,0,1,0,1,0,0,0,-0.058819,0.0142571,-0.0579051,0.533094,0.470294,0.488513,0.508098,0.573757
614,1,0,0,0,0,0,0,1,0,1,0,0,0,-0.0655343,0.00548723,-0.0698368,0.523597,0.477848,0.488513,0.500848,0.572496
615,0,1,0,0,0,0,0,1,0,1,0,0,0,-0.0415985,0.0212719,-0.0409053,0.610187,0.512193,0.59355,0.532298,0.584062
616,1,1,0,0,0,0,0,1,0,1,0,0,0,-0.0469256,0.0137191,-0.0545857,0.60069,0.507239,0.59355,0.532319,0.581497
617,0,0,1,0,0,0,0,1,0,1,0,0,0,-0.0589806,0.0141157,-0.0531795,0.533094,0.497697,0.488513,0.506818,0.575024
618,1,0,1,0,0,0,0,1,0,1,0,0,0,-0.0653596,0.00643963,-0.0653242,0.523597,0.499092,0.488513,0.508015,0.581925
619,0,1,1,0,0,0,0,1,0,1,0,0,0,-0.042548,0.0197907,-0.0391725,0.590997,0.512392,0.568823,0.52433,0.578522
620,1,1,1,0,0,0,0,1,0,1,0,0,0,-0.0477352,0.0131446,-0.0524981,0.5815,0.510886,0.568823,0.528894,0.585937
621,0,0,0,1,0,0,0,1,0,1,0,0,0,-0.0559952,0.0159456,-0.054718,0.533094,0.501871,0.488513,0.534165,0.56735
622,1,0,0,1,0,0,0,1,0,1,0,0,0,-0.0627106,0.00720689,-0.0666498,0.523597,0.504962,0.488513,0.520933,0.569031
623,0,1,0,1,0,0,0,1,0,1,0,0,0,-0.038304,0.0232321,-0.0374175,0.610187,0.515947,0.59355,0.540772,0.576302
624,1,1,0,1,0,0,0,1,0,1,0,0,0,-0.0436311,0.0157096,-0.051098,0.60069,0.514024,0.59355,0.541483,0.578625
625,0,0,1,1,0,0,0,1,0,1,0,0,0,-0.0565692,0.0148636,-0.0515814,0.533094,0.509708,0.488513,0.514892,0.567082
626,1,0,1,1,0,0,0,1,0,1,0,0,0,-0.0629483,0.00723584,-0.0637262,0.523597,0.510603,0.488513,0.509396,0.574861
627,0,1,1,1,0,0,0,1,0,1,0,0,0,-0.0400377,0.0204399,-0.0361958,0.590997,0.514414,0.568823,0.53064,0.570058
628,1,1,1,1,0,0,0,1,0,1,0,0,0,-0.045225,0.0138348,-0.0495215,0.5815,0.514104,0.568823,0.535488,0.577653
629,0,0,0,0,1,0,0,1,0,1,0,0,0,-0.0588498,0.0140101,-0.0615962,0.533094,0.484373,0.478771,0.513015,0.559518
630,1,0,0,0,1,0,0,1,0,1,0,0,0,-0.0655651,0.00525496,-0.0735277,0.523597,0.496441,0.478771,0.514451,0.558454
631,0,1,0,0,1,0,0,1,0,1,0,0,0,-0.0416293,0.0210161,-0.0445965,0.610187,0.509079,0.59355,0.536123,0.569648
632,1,1,0,0,1,0,0,1,0,1,0,0,0,-0.0469563,0.0134763,-0.0582768,0.60069,0.51042,0.59355,0.537987,0.568373
633,0,0,1,0,1,0,0,1,0,1,0,0,0,-0.0588982,0.0133797,-0.0570386,0.533094,0.503349,0.478771,0.5138,0.567107
634,1,0,1,0,1,0,0,1,0,1,0,0,0,-0.0652773,0.00571826,-0.0691831,0.523597,0.507251,0.478771,0.514429,0.568011
635,0,1,1,0,1,0,0,1,0,1,0,0,0,-0.0424657,0.0190519,-0.0430317,0.590997,0.512179,0.568823,0.531279,0.576546
636,1,1,1,0,1,0,0,1,0,1,0,0,0,-0.0476528,0.012417,-0.0563572,0.5815,0.512774,0.568823,0.534587,0.577261
637,0,0,0,1,1,0,0,1,0,1,0,0,0,-0.0566988,0.014681,-0.0578026,0.533094,0.505492,0.478771,0.510346,0.553645
638,1,0,0,1,1,0,0,1,0,1,0,0,0,-0.0634143,0.00595432,-0.0697343,0.523597,0.509589,0.478771,0.510339,0.554549
639,0,1,0,1,1,0,0,1,0,1,0,0,0,-0.0390078,0.021957,-0.0405022,0.610187,0.514004,0.59355,0.524554,0.564166
640,1,1,0,1,1,0,0,1,0,1,0,0,0,-0.0443349,0.0144452,-0.0541826,0.60069,0.514101,0.59355,0.529474,0.564762
641,0,0,1,1,1,0,0,1,0,1,0,0,0,-0.0569544,0.0142309,-0.0546429,0.533094,0.511265,0.478771,0.507233,0.559097
642,1,0,1,1,1,0,0,1,0,1,0,0,0,-0.0633334,0.00661762,-0.0667875,0.523597,0.512675,0.478771,0.507948,0.562018
643,0,1,1,1,1,0,0,1,0,1,0,0,0,-0.0404231,0.0198032,-0.0392574,0.590997,0.514225,0.568823,0.515784,0.568603
644,1,1,1,1,1,0,0,1,0,1,0,0,0,-0.0456102,0.0132099,-0.0525829,0.5815,0.514401,0.568823,0.521357,0.571427
645,0,0,0,0,0,1,0,1,0,1,0,0,0,-0.0588632,0.0167412,-0.0543928,0.545519,0.507614,0.525588,0.525586,0.564789
646,1,0,0,0,0,1,0,1,0,1,0,0,0,-0.0655785,0.00797693,-0.0663246,0.536022,0.503321,0.525588,0.499858,0.555968
647,0,1,0,0,0,1,0,1,0,1,0,0,0,-0.0416427,0.0237661,-0.0373928,0.622612,0.515134,0.606424,0.524394,0.573998
648,1,1,0,0,0,1,0,1,0,1,0,0,0,-0.0469697,0.0162174,-0.0510734,0.613115,0.512034,0.606424,0.528963,0.563996
649,0,0,1,0,0,1,0,1,0,1,0,0,0,-0.0590247,0.0166131,-0.0496672,0.545519,0.511943,0.525588,0.514573,0.574005
650,1,0,1,0,0,1,0,1,0,1,0,0,0,-0.0654038,0.00894624,-0.061812,0.536022,0.509811,0.525588,0.501678,0.572748
651,0,1,1,0,0,1,0,1,0,1,0,0,0,-0.0425922,0.0222956,-0.03566,0.603422,0.514503,0.581696,0.513281,0.582743
652,1,1,1,0,0,1,0,1,0,1,0,0,0,-0.0477794,0.0156568,-0.0489858,0.593925,0.513407,0.581696,0.527837,0.581842
653,0,0,0,1,0,1,0,1,0,1,0,0,0,-0.0560532,0.0186238,-0.0506047,0.545519,0.512425,0.525588,0.542752,0.560994
654,1,0,0,1,0,1,0,1,0,1,0,0,0,-0.0627686,0.00989115,-0.0625366,0.536022,0.511669,0.525588,0.527015,0.560096
655,0,1,0,1,0,1,0,1,0,1,0,0,0,-0.0383621,0.0259246,-0.0333039,0.622612,0.515197,0.606424,0.540282,0.570483
656,1,1,0,1,0,1,0,1,0,1,0,0,0,-0.0436891,0.0184064,-0.0469846,0.613115,0.514367,0.606424,0.540282,0.569416
657,0,0,1,1,0,1,0,1,0,1,0,0,0,-0.0566272,0.0175521,-0.0474681,0.545519,0.513835,0.525588,0.528779,0.568317
658,1,0,1,1,0,1,0,1,0,1,0,0,0,-0.0630063,0.00993377,-0.059613,0.536022,0.51345,0.525588,0.525624,0.568845
659,0,1,1,1,0,1,0,1,0,1,0,0,0,-0.0400958,0.0231377,-0.0320823,0.603422,0.514709,0.581696,0.525131,0.577015
660,1,1,1,1,0,1,0,1,0,1,0,0,0,-0.045283,0.0165399,-0.0454081,0.593925,0.514516,0.581696,0.531414,0.577468
661,0,0,0,0,1,1,0,1,0,1,0,0,0,-0.0562686,0.0167295,-0.0572421,0.545519,0.505757,0.515846,0.519389,0.549832
662,1,0,0,0,1,1,0,1,0,1,0,0,0,-0.0629841,0.00798278,-0.0691738,0.536022,0.508411,0.515846,0.508717,0.543971
663,0,1,0,0,1,1,0,1,0,1,0,0,0,-0.0390477,0.023743,-0.0402422,0.622612,0.512873,0.606424,0.529543,0.55986
664,1,1,0,0,1,1,0,1,0,1,0,0,0,-0.0443748,0.0162089,-0.0539226,0.613115,0.513103,0.606424,0.52657,0.552812
665,0,0,1,0,1,1,0,1,0,1,0,0,0,-0.056317,0.01611,-0.0526845,0.545519,0.511402,0.515846,0.52398,0.559879
666,1,0,1,0,1,1,0,1,0,1,0,0,0,-0.0626961,0.00845841,-0.0648291,0.536022,0.512163,0.515846,0.514802,0.559273
667,0,1,1,0,1,1,0,1,0,1,0,0,0,-0.0398841,0.0217872,-0.0386775,0.603422,0.513946,0.581696,0.529388,0.568956
668,1,1,1,0,1,1,0,1,0,1,0,0,0,-0.0450713,0.0151598,-0.052003,0.593925,0.514042,0.581696,0.536659,0.56823
669,0,0,0,1,1,1,0,1,0,1,0,0,0,-0.0543518,0.0176923,-0.0526137,0.545519,0.511575,0.515846,0.520572,0.546611
670,1,0,0,1,1,1,0,1,0,1,0,0,0,-0.0610673,0.00897189,-0.0645455,0.536022,0.512825,0.515846,0.50807,0.545881
671,0,1,0,1,1,1,0,1,0,1,0,0,0,-0.0366604,0.0249792,-0.0353131,0.622612,0.514301,0.606424,0.531332,0.556529
672,1,1,0,1,1,1,0,1,0,1,0,0,0,-0.0419875,0.0174706,-0.0489936,0.613115,0.514424,0.606424,0.521885,0.55625
673,0,0,1,1,1,1,0,1,0,1,0,0,0,-0.0546072,0.0172516,-0.0494539,0.545519,0.513589,0.515846,0.526377,0.554266
674,1,0,1,1,1,1,0,1,0,1,0,0,0,-0.0609864,0.00964498,-0.0615986,0.536022,0.514006,0.515846,0.517708,0.554769
675,1,1,1,1,1,1,0,1,0,1,0,0,0,-0.0432628,0.0162415,-0.0473939,0.593925,0.514624,0.581696,0.534991,0.563868
676,0,0,0,0,0,0,1,1,0,1,0,0,0,-0.0610686,0.0120512,-0.0575894,0.502768,0.495373,0.445403,0.524841,0.57931
677,0,1,0,0,0,0,1,1,0,1,0,0,0,-0.0438483,0.0190701,-0.0405896,0.588506,0.511106,0.557406,0.526378,0.587415
678,1,1,0,0,0,0,1,1,0,1,0,0,0,-0.0491753,0.0115152,-0.0542701,0.579008,0.51093,0.557406,0.532056,0.578632
679,0,0,1,0,0,0,1,1,0,1,0,0,0,-0.0612303,0.0119171,-0.0528638,0.502768,0.507372,0.445403,0.513583,0.584658
680,1,0,1,0,0,0,1,1,0,1,0,0,0,-0.0676093,0.00423939,-0.0650086,0.493271,0.508516,0.445403,0.502646,0.586686
681,0,1,1,0,0,0,1,1,0,1,0,0,0,-0.0447978,0.0175946,-0.0388567,0.569316,0.512903,0.532678,0.513583,0.58695
682,1,1,1,0,0,0,1,1,0,1,0,0,0,-0.049985,0.0109482,-0.0521824,0.559819,0.512941,0.532678,0.523845,0.592046
683,0,0,0,1,0,0,1,1,0,1,0,0,0,-0.0582448,0.0137278,-0.0544023,0.502768,0.509263,0.445403,0.536089,0.574981
684,1,0,0,1,0,0,1,1,0,1,0,0,0,-0.0649602,0.00498572,-0.0663343,0.493271,0.510667,0.445403,0.529882,0.574222
685,0,1,0,1,0,0,1,1,0,1,0,0,0,-0.0405538,0.0210185,-0.0371017,0.588506,0.514131,0.557406,0.536089,0.583685
686,1,1,0,1,0,0,1,1,0,1,0,0,0,-0.0458809,0.0134939,-0.0507822,0.579008,0.514004,0.557406,0.536089,0.583349
687,0,0,1,1,0,0,1,1,0,1,0,0,0,-0.0588189,0.0126582,-0.0512657,0.502768,0.512641,0.445403,0.524292,0.577162
688,1,0,1,1,0,0,1,1,0,1,0,0,0,-0.065198,0.00502863,-0.0634106,0.493271,0.513063,0.445403,0.51208,0.581995
689,0,1,1,1,0,0,1,1,0,1,0,0,0,-0.0422876,0.0182374,-0.03588,0.569316,0.514262,0.532678,0.521293,0.579476
690,1,1,1,1,0,0,1,1,0,1,0,0,0,-0.0474748,0.011632,-0.0492057,0.559819,0.514358,0.532678,0.523145,0.586493
691,0,0,0,0,1,0,1,1,0,1,0,0,0,-0.0615598,0.0112743,-0.0610763,0.502768,0.500222,0.435661,0.51149,0.565556
692,1,0,0,0,1,0,1,1,0,1,0,0,0,-0.0682751,0.00251684,-0.0730081,0.493271,0.506765,0.435661,0.506158,0.561116
693,0,1,0,0,1,0,1,1,0,1,0,0,0,-0.0443395,0.0182842,-0.0440766,0.588506,0.510892,0.557406,0.531857,0.574722
694,1,1,0,0,1,0,1,1,0,1,0,0,0,-0.0496666,0.0107427,-0.0577569,0.579008,0.5125,0.557406,0.533994,0.568994
695,0,0,1,0,1,0,1,1,0,1,0,0,0,-0.0616084,0.0106562,-0.0565187,0.502768,0.509342,0.435661,0.509715,0.573703
696,1,0,1,0,1,0,1,1,0,1,0,0,0,-0.0679874,0.00299398,-0.0686634,0.493271,0.511538,0.435661,0.503994,0.573177
697,0,1,1,0,1,0,1,1,0,1,0,0,0,-0.045176,0.0163305,-0.0425118,0.569316,0.513176,0.532678,0.518313,0.581951
698,1,1,1,0,1,0,1,1,0,1,0,0,0,-0.0503631,0.00969578,-0.0558372,0.559819,0.513799,0.532678,0.520522,0.5818
699,0,0,0,1,1,0,1,1,0,1,0,0,0,-0.0594089,0.0119287,-0.0572826,0.502768,0.510479,0.435661,0.525892,0.561141
700,1,0,0,1,1,0,1,1,0,1,0,0,0,-0.0661243,0.00319964,-0.0692145,0.493271,0.512474,0.435661,0.522389,0.561104
701,0,1,0,1,1,0,1,1,0,1,0,0,0,-0.0417181,0.0192089,-0.0399822,0.588506,0.513899,0.557406,0.544535,0.570461
702,1,1,0,1,1,0,1,1,0,1,0,0,0,-0.0470452,0.0116954,-0.0536626,0.579008,0.514284,0.557406,0.544284,0.570213
703,0,0,1,1,1,0,1,1,0,1,0,0,0,-0.0596645,0.0114931,-0.0541229,0.502768,0.513175,0.435661,0.520461,0.567691
704,1,0,1,1,1,0,1,1,0,1,0,0,0,-0.0660436,0.00387898,-0.0662677,0.493271,0.513872,0.435661,0.5169,0.568749
705,0,1,1,1,1,0,1,1,0,1,0,0,0,-0.0431334,0.0170682,-0.0387373,0.569316,0.514372,0.532678,0.533552,0.576228
706,1,1,1,1,1,0,1,1,0,1,0,0,0,-0.0483206,0.010475,-0.0520629,0.559819,0.514563,0.532678,0.532514,0.577179
707,0,0,0,0,0,1,1,1,0,1,0,0,0,-0.0596744,0.0140598,-0.054878,0.515193,0.510689,0.482479,0.523707,0.56486
708,1,0,0,0,0,1,1,1,0,1,0,0,0,-0.0663897,0.00529202,-0.0668099,0.505696,0.509976,0.482479,0.51592,0.554448
709,0,1,0,0,0,1,1,1,0,1,0,0,0,-0.042454,0.021089,-0.0378779,0.600931,0.513961,0.570279,0.522789,0.571483
710,1,1,0,0,0,1,1,1,0,1,0,0,0,-0.047781,0.0135376,-0.0515585,0.591434,0.513394,0.570279,0.522789,0.562085
711,0,0,1,0,0,1,1,1,0,1,0,0,0,-0.059836,0.0139368,-0.0501524,0.515193,0.513209,0.482479,0.512164,0.57873
712,1,0,1,0,0,1,1,1,0,1,0,0,0,-0.0662151,0.00626646,-0.0622972,0.505696,0.51273,0.482479,0.50915,0.5734
713,0,1,1,0,0,1,1,1,0,1,0,0,0,-0.0434035,0.0196224,-0.0361451,0.581741,0.514339,0.545552,0.511633,0.58675
714,1,1,1,0,0,1,1,1,0,1,0,0,0,-0.0485907,0.0129815,-0.0494708,0.572244,0.514143,0.545552,0.511062,0.580151
715,0,0,0,1,0,1,1,1,0,1,0,0,0,-0.0568644,0.0159251,-0.0510898,0.515193,0.513495,0.482479,0.533625,0.566761
716,1,0,0,1,0,1,1,1,0,1,0,0,0,-0.0635799,0.00718891,-0.0630219,0.505696,0.513402,0.482479,0.528721,0.563369
717,0,1,0,1,0,1,1,1,0,1,0,0,0,-0.0391734,0.0232304,-0.033789,0.600931,0.514575,0.570279,0.530463,0.575202
718,1,1,0,1,0,1,1,1,0,1,0,0,0,-0.0445005,0.0157094,-0.0474697,0.591434,0.514466,0.570279,0.530463,0.571187
719,0,0,1,1,0,1,1,1,0,1,0,0,0,-0.0574384,0.0148631,-0.0479532,0.515193,0.514292,0.482479,0.525404,0.574093
720,1,0,1,1,0,1,1,1,0,1,0,0,0,-0.0638176,0.00724118,-0.0600982,0.505696,0.514216,0.482479,0.525404,0.57379
721,0,1,1,1,0,1,1,1,0,1,0,0,0,-0.0409071,0.0204522,-0.0325673,0.581741,0.514637,0.545552,0.520255,0.58176
722,1,1,1,1,0,1,1,1,0,1,0,0,0,-0.0460944,0.0138522,-0.0458931,0.572244,0.514637,0.545552,0.520255,0.581627
723,0,0,0,0,1,1,1,1,0,1,0,0,0,-0.0584746,0.013736,-0.0573335,0.515193,0.509506,0.472737,0.525756,0.552557
724,1,0,0,0,1,1,1,1,0,1,0,0,0,-0.06519,0.00498625,-0.0692654,0.505696,0.511709,0.472737,0.506754,0.54327
725,0,1,0,0,1,1,1,1,0,1,0,0,0,-0.041254,0.0207542,-0.0403336,0.600931,0.513218,0.570279,0.532346,0.560393
726,1,1,0,0,1,1,1,1,0,1,0,0,0,-0.046581,0.0132177,-0.054014,0.591434,0.513847,0.570279,0.524276,0.551825
727,0,0,1,0,1,1,1,1,0,1,0,0,0,-0.0585231,0.0131261,-0.0527759,0.515193,0.512831,0.472737,0.524227,0.565637
728,1,0,1,0,1,1,1,1,0,1,0,0,0,-0.0649022,0.00547159,-0.0649206,0.505696,0.513557,0.472737,0.516763,0.561927
729,0,1,1,0,1,1,1,1,0,1,0,0,0,-0.0420905,0.0188066,-0.0387688,0.581741,0.514171,0.545552,0.524227,0.573711
730,1,1,1,0,1,1,1,1,0,1,0,0,0,-0.0472776,0.0121774,-0.0520944,0.572244,0.514404,0.545552,0.532807,0.569937
731,0,0,0,1,1,1,1,1,0,1,0,0,0,-0.0565579,0.0146791,-0.052705,0.515193,0.513014,0.472737,0.536343,0.553662
732,1,0,0,1,1,1,1,1,0,1,0,0,0,-0.0632733,0.00595557,-0.064637,0.505696,0.513826,0.472737,0.520564,0.549318
733,0,1,0,1,1,1,1,1,0,1,0,0,0,-0.0388667,0.0219711,-0.0354043,0.600931,0.514323,0.570279,0.545051,0.562589
734,1,1,0,1,1,1,1,1,0,1,0,0,0,-0.0441938,0.0144601,-0.0490849,0.591434,0.514545,0.570279,0.534957,0.559129
735,0,0,1,1,1,1,1,1,0,1,0,0,0,-0.0568133,0.0142492,-0.0495453,0.515193,0.514141,0.472737,0.538147,0.560715
736,1,0,1,1,1,1,1,1,0,1,0,0,0,-0.0631925,0.00663965,-0.0616901,0.505696,0.514423,0.472737,0.527036,0.561051
737,0,1,1,1,1,1,1,1,0,1,0,0,0,-0.040282,0.0198322,-0.0341595,0.581741,0.514604,0.545552,0.537668,0.568985
738,1,1,1,1,1,1,1,1,0,1,0,0,0,-0.0454691,0.0132412,-0.0474852,0.572244,0.514699,0.545552,0.538486,0.56918
739,0,0,0,0,0,0,0,0,1,1,0,0,0,-0.0616883,0.0116606,-0.0573991,0.525305,0.475546,0.488513,0.49544,0.560526
740,1,0,0,0,0,0,0,0,1,1,0,0,0,-0.0684036,0.00289587,-0.0693309,0.515808,0.476409,0.488513,0.527132,0.560592
741,0,1,0,0,0,0,0,0,1,1,0,0,0,-0.0444677,0.0186845,-0.0403994,0.593433,0.513821,0.582218,0.560474,0.570892
742,1,1,0,0,0,0,0,0,1,1,0,0,0,-0.0497949,0.0111357,-0.0540798,0.583936,0.506759,0.582218,0.59631,0.570696
743,0,0,1,0,0,0,0,0,1,1,0,0,0,-0.0618498,0.0115248,-0.0526735,0.525305,0.49954,0.488513,0.503694,0.565483
744,1,0,1,0,0,0,0,0,1,1,0,0,0,-0.0682288,0.00385754,-0.0648183,0.515808,0.498724,0.488513,0.538281,0.568902
745,0,1,1,0,0,0,0,0,1,1,0,0,0,-0.0454173,0.0172062,-0.0386666,0.574243,0.512777,0.55749,0.541309,0.568669
746,1,1,1,0,0,0,0,0,1,1,0,0,0,-0.0506045,0.0105662,-0.0519922,0.564746,0.510715,0.55749,0.563074,0.576406
747,0,0,0,1,0,0,0,0,1,1,0,0,0,-0.0588645,0.0133532,-0.0542119,0.525305,0.505265,0.488513,0.544255,0.553294
748,1,0,0,1,0,0,0,0,1,1,0,0,0,-0.0655799,0.00461956,-0.0661439,0.515808,0.505555,0.488513,0.553419,0.555531
749,0,1,0,1,0,0,0,0,1,1,0,0,0,-0.0411733,0.0206506,-0.0369115,0.593433,0.516355,0.582218,0.564418,0.563636
750,0,0,1,1,0,0,0,0,1,1,0,0,0,-0.0594384,0.0122782,-0.0510754,0.525305,0.510897,0.488513,0.550994,0.557184
751,1,0,1,1,0,0,0,0,1,1,0,0,0,-0.0658175,0.00465902,-0.0632203,0.515808,0.510874,0.488513,0.559267,0.561402
752,0,1,1,1,0,0,0,0,1,1,0,0,0,-0.042907,0.0178611,-0.0356899,0.574243,0.514422,0.55749,0.556764,0.560941
753,1,1,1,1,0,0,0,0,1,1,0,0,0,-0.0480943,0.0112621,-0.0490155,0.564746,0.514098,0.55749,0.5667,0.567897
754,0,0,0,0,1,0,0,0,1,1,0,0,0,-0.061719,0.011418,-0.0610903,0.525305,0.487325,0.478771,0.518297,0.546608
755,1,0,0,0,1,0,0,0,1,1,0,0,0,-0.0684344,0.00266809,-0.073022,0.515808,0.496287,0.478771,0.534103,0.546268
756,0,1,0,0,1,0,0,0,1,1,0,0,0,-0.0444985,0.0184331,-0.0440907,0.593433,0.50961,0.582218,0.546991,0.557543
757,1,1,0,0,1,0,0,0,1,1,0,0,0,-0.0498255,0.0108974,-0.057771,0.583936,0.510219,0.582218,0.569382,0.556847
758,0,0,1,0,1,0,0,0,1,1,0,0,0,-0.0617674,0.010794,-0.0565327,0.525305,0.504403,0.478771,0.536099,0.553216
759,1,0,1,0,1,0,0,0,1,1,0,0,0,-0.0681465,0.00314124,-0.0686773,0.515808,0.507254,0.478771,0.5447,0.555421
760,0,1,1,0,1,0,0,0,1,1,0,0,0,-0.0453349,0.0164724,-0.0425259,0.574243,0.512298,0.55749,0.543661,0.563392
761,1,1,1,0,1,0,0,0,1,1,0,0,0,-0.0505221,0.00984368,-0.0558513,0.564746,0.512702,0.55749,0.56099,0.565341
762,0,0,0,1,1,0,0,0,1,1,0,0,0,-0.0595681,0.0120916,-0.0572966,0.525305,0.507304,0.478771,0.555236,0.539064
763,1,0,0,1,1,0,0,0,1,1,0,0,0,-0.0662835,0.00337022,-0.0692284,0.515808,0.510014,0.478771,0.555114,0.541746
764,0,1,0,1,1,0,0,0,1,1,0,0,0,-0.041877,0.0193787,-0.0399963,0.593433,0.514198,0.582218,0.572416,0.55018
765,1,1,0,1,1,0,0,0,1,1,0,0,0,-0.0472041,0.0118709,-0.0536767,0.583936,0.514126,0.582218,0.581528,0.552481
766,0,0,1,1,1,0,0,0,1,1,0,0,0,-0.0598236,0.0116496,-0.0541369,0.525305,0.51191,0.478771,0.559317,0.544536
767,1,0,1,1,1,0,0,0,1,1,0,0,0,-0.0662026,0.00404498,-0.0662816,0.515808,0.512851,0.478771,0.560778,0.547856
768,0,1,1,1,1,0,0,0,1,1,0,0,0,-0.0432923,0.0172286,-0.0387515,0.574243,0.514246,0.55749,0.558389,0.554733
769,1,1,1,1,1,0,0,0,1,1,0,0,0,-0.0484794,0.0106414,-0.052077,0.564746,0.514405,0.55749,0.566975,0.557894
770,0,0,0,0,0,1,0,0,1,1,0,0,0,-0.0618513,0.0140566,-0.0551511,0.53773,0.510586,0.525588,0.552554,0.553105
771,1,0,0,0,0,1,0,0,1,1,0,0,0,-0.0685666,0.00529638,-0.0670831,0.528233,0.503174,0.525588,0.565866,0.54981
772,0,1,0,0,0,1,0,0,1,1,0,0,0,-0.0446309,0.0210891,-0.0381513,0.605858,0.515854,0.595091,0.575016,0.56285
773,1,1,0,0,0,1,0,0,1,1,0,0,0,-0.0499579,0.0135432,-0.0518318,0.596361,0.511902,0.595091,0.588539,0.56011
774,0,0,1,0,0,1,0,0,1,1,0,0,0,-0.0620128,0.0139333,-0.0504256,0.53773,0.513008,0.525588,0.525912,0.562041
775,1,0,1,0,0,1,0,0,1,1,0,0,0,-0.0683918,0.00627343,-0.0625704,0.528233,0.509819,0.525588,0.54014,0.561331
776,0,1,1,0,0,1,0,0,1,1,0,0,0,-0.0455804,0.0196211,-0.0364185,0.586668,0.5147,0.570364,0.544476,0.571215
777,1,1,1,0,0,1,0,0,1,1,0,0,0,-0.0507676,0.0129866,-0.0497441,0.577171,0.513365,0.570364,0.566805,0.570468
778,0,0,0,1,0,1,0,0,1,1,0,0,0,-0.0590414,0.0159408,-0.051363,0.53773,0.51407,0.525588,0.55864,0.548653
779,1,0,0,1,0,1,0,0,1,1,0,0,0,-0.0657568,0.00721213,-0.0632951,0.528233,0.512033,0.525588,0.555759,0.548074
780,0,1,0,1,0,1,0,0,1,1,0,0,0,-0.0413503,0.0232512,-0.0340624,0.605858,0.515418,0.595091,0.568666,0.558708
781,1,1,0,1,0,1,0,0,1,1,0,0,0,-0.0466774,0.0157357,-0.047743,0.596361,0.514402,0.595091,0.571826,0.558017
782,0,0,1,1,0,1,0,0,1,1,0,0,0,-0.0596153,0.0148749,-0.0482264,0.53773,0.514421,0.525588,0.536646,0.554668
783,1,0,1,1,0,1,0,0,1,1,0,0,0,-0.0659944,0.0072635,-0.0603714,0.528233,0.513604,0.525588,0.542106,0.556871
784,1,1,1,1,0,1,0,0,1,1,0,0,0,-0.0482712,0.0138727,-0.0461664,0.577171,0.514526,0.570364,0.555546,0.566077
785,0,0,0,0,1,1,0,0,1,1,0,0,0,-0.0592568,0.0140591,-0.0580004,0.53773,0.508526,0.515846,0.572536,0.538666
786,1,0,0,0,1,1,0,0,1,1,0,0,0,-0.0659722,0.00531652,-0.0699322,0.528233,0.508974,0.515846,0.575464,0.534906
787,0,1,0,0,1,1,0,0,1,1,0,0,0,-0.0420359,0.0210802,-0.0410007,0.605858,0.513639,0.595091,0.578284,0.548992
788,1,1,0,0,1,1,0,0,1,1,0,0,0,-0.047363,0.013549,-0.0546811,0.596361,0.513239,0.595091,0.590277,0.545881
789,0,0,1,0,1,1,0,0,1,1,0,0,0,-0.0593051,0.0134448,-0.0534429,0.53773,0.512411,0.515846,0.539398,0.547616
790,1,0,1,0,1,1,0,0,1,1,0,0,0,-0.0656842,0.00580025,-0.0655876,0.528233,0.512393,0.515846,0.551397,0.547317
791,0,1,1,0,1,1,0,0,1,1,0,0,0,-0.0428724,0.0191272,-0.0394359,0.586668,0.514204,0.570364,0.547515,0.557218
792,1,1,1,0,1,1,0,0,1,1,0,0,0,-0.0480595,0.0125042,-0.0527614,0.577171,0.514094,0.570364,0.5631,0.556894
793,0,0,0,1,1,1,0,0,1,1,0,0,0,-0.05734,0.0150232,-0.0533719,0.53773,0.512867,0.515846,0.565843,0.533709
794,1,0,0,1,1,1,0,0,1,1,0,0,0,-0.0640555,0.00630696,-0.0653039,0.528233,0.513211,0.515846,0.570468,0.533782
795,0,1,0,1,1,1,0,0,1,1,0,0,0,-0.0396486,0.0223198,-0.0360715,0.605858,0.514594,0.595091,0.575249,0.544136
796,1,1,0,1,1,1,0,0,1,1,0,0,0,-0.0449757,0.0148141,-0.0497519,0.596361,0.514515,0.595091,0.580295,0.544168
797,0,0,1,1,1,1,0,0,1,1,0,0,0,-0.0575954,0.0145887,-0.0502122,0.53773,0.514057,0.515846,0.543317,0.541035
798,1,0,1,1,1,1,0,0,1,1,0,0,0,-0.0639745,0.00698905,-0.062357,0.528233,0.514156,0.515846,0.549761,0.542214
799,0,1,1,1,1,1,0,0,1,1,0,0,0,-0.0410639,0.0201734,-0.0348267,0.586668,0.51463,0.570364,0.548929,0.550751
800,1,1,1,1,1,1,0,0,1,1,0,0,0,-0.046251,0.0135886,-0.0481522,0.577171,0.514656,0.570364,0.55914,0.551853
801,0,0,0,0,0,0,1,0,1,1,0,0,0,-0.0635275,0.0106028,-0.0573728,0.502768,0.497545,0.445403,0.516656,0.567775
802,1,0,0,0,0,0,1,0,1,1,0,0,0,-0.0702428,0.00183222,-0.0693048,0.493271,0.499417,0.445403,0.544544,0.566048
803,0,1,0,0,0,0,1,0,1,1,0,0,0,-0.0463071,0.01763,-0.0403731,0.579541,0.511531,0.546073,0.566041,0.576771
804,1,1,0,0,0,0,1,0,1,1,0,0,0,-0.0516342,0.0100764,-0.0540535,0.570044,0.51064,0.546073,0.589517,0.575526
805,0,0,1,0,0,0,1,0,1,1,0,0,0,-0.0636891,0.0104736,-0.0526472,0.502768,0.508139,0.445403,0.508713,0.574372
806,1,0,1,0,0,0,1,0,1,1,0,0,0,-0.0700681,0.00280094,-0.0647921,0.493271,0.508372,0.445403,0.535444,0.575368
807,0,1,1,0,0,0,1,0,1,1,0,0,0,-0.0472566,0.0161568,-0.0386402,0.560351,0.512981,0.521345,0.526606,0.577988
808,1,1,1,0,0,0,1,0,1,1,0,0,0,-0.0524438,0.0095128,-0.0519658,0.550854,0.512836,0.521345,0.548928,0.583735
809,0,0,0,1,0,0,1,0,1,1,0,0,0,-0.0607037,0.0122828,-0.0541856,0.502768,0.510616,0.445403,0.550274,0.562144
810,1,0,0,1,0,0,1,0,1,1,0,0,0,-0.0674191,0.0035434,-0.0661178,0.493271,0.510926,0.445403,0.554893,0.562927
811,0,1,0,1,0,0,1,0,1,1,0,0,0,-0.0430127,0.0195838,-0.0368851,0.579541,0.514226,0.546073,0.563104,0.571576
812,0,0,1,1,0,0,1,0,1,1,0,0,0,-0.0612777,0.0112183,-0.051049,0.502768,0.513118,0.445403,0.541311,0.566369
813,1,0,1,1,0,0,1,0,1,1,0,0,0,-0.0676568,0.00359375,-0.0631941,0.493271,0.513178,0.445403,0.551601,0.569598
814,0,1,1,1,0,0,1,0,1,1,0,0,0,-0.0447464,0.016804,-0.0356634,0.560351,0.514247,0.521345,0.538009,0.570383
815,1,1,1,1,0,0,1,0,1,1,0,0,0,-0.0499336,0.0102009,-0.0489891,0.550854,0.514346,0.521345,0.549216,0.577777
816,0,0,0,0,1,0,1,0,1,1,0,0,0,-0.0640187,0.00983277,-0.0608597,0.502768,0.50219,0.435661,0.536224,0.55394
817,1,0,0,0,1,0,1,0,1,1,0,0,0,-0.070734,0.00107812,-0.0727916,0.493271,0.506991,0.435661,0.555231,0.553069
818,0,1,0,0,1,0,1,0,1,1,0,0,0,-0.0467984,0.016851,-0.0438601,0.579541,0.511345,0.546073,0.560427,0.563534
819,1,1,0,0,1,0,1,0,1,1,0,0,0,-0.0521255,0.00931092,-0.0575404,0.570044,0.512503,0.546073,0.583041,0.562582
820,0,0,1,0,1,0,1,0,1,1,0,0,0,-0.0640672,0.00921934,-0.0563021,0.502768,0.510055,0.435661,0.539077,0.561899
821,1,0,1,0,1,0,1,0,1,1,0,0,0,-0.0704463,0.00156212,-0.0684469,0.493271,0.511643,0.435661,0.555886,0.561932
822,0,1,1,0,1,0,1,0,1,1,0,0,0,-0.0476349,0.0148992,-0.0422952,0.560351,0.513315,0.521345,0.549107,0.570901
823,1,1,1,0,1,0,1,0,1,1,0,0,0,-0.052822,0.00826699,-0.0556207,0.550854,0.513801,0.521345,0.563514,0.570846
824,0,0,0,1,1,0,1,0,1,1,0,0,0,-0.0618678,0.0104903,-0.057066,0.502768,0.511476,0.435661,0.551685,0.54888
825,1,0,0,1,1,0,1,0,1,1,0,0,0,-0.0685832,0.00176407,-0.068998,0.493271,0.512753,0.435661,0.555771,0.549186
826,0,1,0,1,1,0,1,0,1,1,0,0,0,-0.044177,0.0177809,-0.0397656,0.579541,0.514069,0.546073,0.550089,0.558756
827,1,1,0,1,1,0,1,0,1,1,0,0,0,-0.0495041,0.0102688,-0.053446,0.570044,0.514328,0.546073,0.560002,0.558868
828,0,0,1,1,1,0,1,0,1,1,0,0,0,-0.0621234,0.0100603,-0.0539062,0.502768,0.513534,0.435661,0.549861,0.554158
829,1,0,1,1,1,0,1,0,1,1,0,0,0,-0.0685024,0.00245119,-0.0660511,0.493271,0.513982,0.435661,0.556807,0.556859
830,0,1,1,1,1,0,1,0,1,1,0,0,0,-0.0455923,0.0156418,-0.0385207,0.560351,0.514416,0.521345,0.548009,0.56329
831,1,1,1,1,1,0,1,0,1,1,0,0,0,-0.0507794,0.00905102,-0.0518463,0.550854,0.514578,0.521345,0.555534,0.56591
832,0,0,0,0,0,1,1,0,1,1,0,0,0,-0.0626505,0.012183,-0.0557791,0.515193,0.512161,0.482479,0.553781,0.558988
833,1,0,0,0,0,1,1,0,1,1,0,0,0,-0.0693659,0.00341719,-0.0677112,0.505696,0.51002,0.482479,0.558018,0.551785
834,1,1,0,0,0,1,1,0,1,1,0,0,0,-0.0507572,0.011667,-0.0524598,0.582469,0.513352,0.558947,0.579491,0.560044
835,0,0,1,0,0,1,1,0,1,1,0,0,0,-0.0628121,0.0120624,-0.0510535,0.515193,0.513741,0.482479,0.524605,0.567684
836,1,0,1,0,0,1,1,0,1,1,0,0,0,-0.0691911,0.00439491,-0.0631985,0.505696,0.512769,0.482479,0.532032,0.566559
837,0,1,1,0,0,1,1,0,1,1,0,0,0,-0.0463797,0.0177523,-0.0370463,0.572776,0.514437,0.534219,0.540631,0.575789
838,1,1,1,0,0,1,1,0,1,1,0,0,0,-0.0515669,0.0111115,-0.050372,0.563279,0.514129,0.534219,0.556372,0.574709
839,0,0,0,1,0,1,1,0,1,1,0,0,0,-0.0598406,0.0140533,-0.051991,0.515193,0.514246,0.482479,0.547677,0.555318
840,1,0,0,1,0,1,1,0,1,1,0,0,0,-0.066556,0.0053191,-0.0639231,0.505696,0.51359,0.482479,0.547325,0.554629
841,0,1,0,1,0,1,1,0,1,1,0,0,0,-0.0421496,0.0213665,-0.0346902,0.591966,0.514685,0.558947,0.567499,0.564291
842,1,1,0,1,0,1,1,0,1,1,0,0,0,-0.0474767,0.0138459,-0.0483709,0.582469,0.514488,0.558947,0.568417,0.563558
843,0,0,1,1,0,1,1,0,1,1,0,0,0,-0.0604146,0.0129927,-0.0488544,0.515193,0.514561,0.482479,0.538707,0.562706
844,1,0,1,1,0,1,1,0,1,1,0,0,0,-0.0667937,0.00537359,-0.0609994,0.505696,0.514293,0.482479,0.541625,0.562686
845,0,1,1,1,0,1,1,0,1,1,0,0,0,-0.0438833,0.0185863,-0.0334685,0.572776,0.514661,0.534219,0.530975,0.571023
846,1,1,1,1,0,1,1,0,1,1,0,0,0,-0.0490705,0.0119865,-0.0467943,0.563279,0.514643,0.534219,0.540692,0.570992
847,0,0,0,0,1,1,1,0,1,1,0,0,0,-0.0614508,0.0118755,-0.0582347,0.515193,0.511291,0.472737,0.552316,0.54421
848,1,0,0,0,1,1,1,0,1,1,0,0,0,-0.0681662,0.00312788,-0.0701666,0.505696,0.512182,0.472737,0.563125,0.538527
849,0,1,0,0,1,1,1,0,1,1,0,0,0,-0.0442302,0.0188997,-0.0412349,0.591966,0.513764,0.558947,0.572309,0.554057
850,1,1,0,0,1,1,1,0,1,1,0,0,0,-0.0495572,0.0113635,-0.0549153,0.582469,0.513987,0.558947,0.582516,0.548989
851,0,0,1,0,1,1,1,0,1,1,0,0,0,-0.0614992,0.0112671,-0.0536771,0.515193,0.513484,0.472737,0.527196,0.55426
852,1,0,1,0,1,1,1,0,1,1,0,0,0,-0.0678783,0.0036155,-0.0658219,0.505696,0.51374,0.472737,0.542414,0.553856
853,0,1,1,0,1,1,1,0,1,1,0,0,0,-0.0450666,0.0169519,-0.03967,0.572776,0.514363,0.534219,0.543872,0.562873
854,1,1,1,0,1,1,1,0,1,1,0,0,0,-0.0502538,0.010323,-0.0529956,0.563279,0.514457,0.534219,0.558897,0.562452
855,0,0,0,1,1,1,1,0,1,1,0,0,0,-0.059534,0.0128236,-0.0536061,0.515193,0.513774,0.472737,0.541496,0.541597
856,1,0,0,1,1,1,1,0,1,1,0,0,0,-0.0662495,0.00410225,-0.0655382,0.505696,0.514073,0.472737,0.549545,0.54096
857,0,1,0,1,1,1,1,0,1,1,0,0,0,-0.0418429,0.0201236,-0.0363056,0.591966,0.514529,0.558947,0.557257,0.551071
858,1,1,0,1,1,1,1,0,1,1,0,0,0,-0.0471699,0.012613,-0.0499861,0.582469,0.514614,0.558947,0.564049,0.550773
859,0,0,1,1,1,1,1,0,1,1,0,0,0,-0.0597895,0.0123949,-0.0504464,0.515193,0.514418,0.472737,0.534969,0.548727
860,1,0,1,1,1,1,1,0,1,1,0,0,0,-0.0661686,0.0047883,-0.0625913,0.505696,0.514517,0.472737,0.543634,0.549369
861,0,1,1,1,1,1,1,0,1,1,0,0,0,-0.0432581,0.0179824,-0.0350607,0.572776,0.514674,0.534219,0.532182,0.557478
862,1,1,1,1,1,1,1,0,1,1,0,0,0,-0.0484453,0.0113917,-0.0483864,0.563279,0.514724,0.534219,0.542972,0.55806
863,0,0,0,0,0,0,0,1,1,1,0,0,0,-0.0580638,0.0141104,-0.0550524,0.533094,0.500686,0.488513,0.499653,0.569439
864,1,0,0,0,0,0,0,1,1,1,0,0,0,-0.064779,0.00534043,-0.0669842,0.523597,0.500975,0.488513,0.51366,0.571514
865,0,1,0,0,0,0,0,1,1,1,0,0,0,-0.0408435,0.0211233,-0.0380527,0.601222,0.515019,0.58723,0.546776,0.573068
866,1,1,0,0,0,0,0,1,1,1,0,0,0,-0.0461705,0.0135694,-0.0517332,0.591725,0.512139,0.58723,0.569167,0.58013
867,0,0,1,0,0,0,0,1,1,1,0,0,0,-0.0582253,0.0139689,-0.0503268,0.533094,0.509319,0.488513,0.513269,0.563531
868,1,0,1,0,0,0,0,1,1,1,0,0,0,-0.0646042,0.00629199,-0.0624716,0.523597,0.509009,0.488513,0.534562,0.571758
869,0,1,1,0,0,0,0,1,1,1,0,0,0,-0.041793,0.019642,-0.0363198,0.582032,0.514281,0.562502,0.541103,0.566404
870,1,1,1,0,0,0,0,1,1,1,0,0,0,-0.0469801,0.0129937,-0.0496455,0.572535,0.513419,0.562502,0.564518,0.573617
871,0,0,0,1,0,0,0,1,1,1,0,0,0,-0.0552399,0.0157926,-0.0518652,0.533094,0.511448,0.488513,0.548028,0.56137
872,1,0,0,1,0,0,0,1,1,1,0,0,0,-0.0619552,0.0070538,-0.0637972,0.523597,0.511539,0.488513,0.557285,0.565199
873,0,1,0,1,0,0,0,1,1,1,0,0,0,-0.037549,0.0230793,-0.0345648,0.601222,0.515641,0.58723,0.551277,0.564926
874,1,1,0,1,0,0,0,1,1,1,0,0,0,-0.0428761,0.0155558,-0.0482454,0.591725,0.514667,0.58723,0.557565,0.572807
875,0,0,1,1,0,0,0,1,1,1,0,0,0,-0.0558139,0.0147102,-0.0487287,0.533094,0.513431,0.488513,0.557417,0.556418
876,1,0,1,1,0,0,0,1,1,1,0,0,0,-0.0621929,0.0070815,-0.0608736,0.523597,0.513416,0.488513,0.559059,0.563675
877,0,1,1,1,0,0,0,1,1,1,0,0,0,-0.0392827,0.0202853,-0.0333431,0.582032,0.514769,0.562502,0.556099,0.559016
878,1,1,1,1,0,0,0,1,1,1,0,0,0,-0.0444699,0.013678,-0.0466689,0.572535,0.514604,0.562502,0.566139,0.56606
879,0,0,0,0,1,0,0,1,1,1,0,0,0,-0.0580946,0.0138773,-0.0587435,0.533094,0.504815,0.478771,0.524128,0.55699
880,1,0,0,0,1,0,0,1,1,1,0,0,0,-0.0648098,0.00512213,-0.0706752,0.523597,0.508105,0.478771,0.535811,0.55819
881,0,1,0,0,1,0,0,1,1,1,0,0,0,-0.0408743,0.0208816,-0.0417439,0.601222,0.513095,0.58723,0.563783,0.567265
882,1,1,0,0,1,0,0,1,1,1,0,0,0,-0.0462012,0.0133406,-0.0554243,0.591725,0.513226,0.58723,0.566049,0.568351
883,0,0,1,0,1,0,0,1,1,1,0,0,0,-0.058143,0.0132471,-0.0541859,0.533094,0.51103,0.478771,0.544841,0.562011
884,1,0,1,0,1,0,0,1,1,1,0,0,0,-0.0645219,0.00558473,-0.0663305,0.523597,0.512076,0.478771,0.547924,0.565137
885,0,1,1,0,1,0,0,1,1,1,0,0,0,-0.0417107,0.0189173,-0.0401791,0.582032,0.513964,0.562502,0.564989,0.567977
886,1,1,1,0,1,0,0,1,1,1,0,0,0,-0.0468977,0.0122803,-0.0535046,0.572535,0.514079,0.562502,0.567298,0.574214
887,0,0,0,1,1,0,0,1,1,1,0,0,0,-0.0559437,0.014541,-0.0549499,0.533094,0.512104,0.478771,0.541277,0.54923
888,1,0,0,1,1,0,0,1,1,1,0,0,0,-0.062659,0.00581432,-0.0668817,0.523597,0.513098,0.478771,0.538882,0.55235
889,0,1,0,1,1,0,0,1,1,1,0,0,0,-0.0382528,0.0218174,-0.0376496,0.601222,0.514675,0.58723,0.55883,0.559639
890,1,1,0,1,1,0,0,1,1,1,0,0,0,-0.0435798,0.0143045,-0.05133,0.591725,0.514609,0.58723,0.563185,0.562494
891,0,0,1,1,1,0,0,1,1,1,0,0,0,-0.0561992,0.0140913,-0.0517901,0.533094,0.513768,0.478771,0.551374,0.552957
892,1,0,1,1,1,0,0,1,1,1,0,0,0,-0.0625781,0.0064771,-0.0639349,0.523597,0.514113,0.478771,0.549884,0.557339
893,0,1,1,1,1,0,0,1,1,1,0,0,0,-0.0396681,0.0196625,-0.0364047,0.582032,0.51464,0.562502,0.562173,0.560492
894,1,1,1,1,1,0,0,1,1,1,0,0,0,-0.0448551,0.013067,-0.0497303,0.572535,0.514684,0.562502,0.56514,0.566065
895,0,0,0,0,0,1,0,1,1,1,0,0,0,-0.058108,0.0165869,-0.0515401,0.545519,0.51337,0.525588,0.542706,0.564604
896,1,0,0,0,0,1,0,1,1,1,0,0,0,-0.0648232,0.00782253,-0.0634721,0.536022,0.510638,0.525588,0.539947,0.563457
897,0,1,0,0,0,1,0,1,1,1,0,0,0,-0.0408877,0.02361,-0.0345402,0.613647,0.515386,0.600104,0.572667,0.573932
898,1,1,0,0,0,1,0,1,1,1,0,0,0,-0.0462146,0.0160601,-0.0482208,0.60415,0.513843,0.600104,0.582483,0.572813
899,0,0,1,0,0,1,0,1,1,1,0,0,0,-0.0582695,0.0164588,-0.0468145,0.545519,0.514195,0.525588,0.531998,0.571106
900,1,0,1,0,0,1,0,1,1,1,0,0,0,-0.0646484,0.00879098,-0.0589594,0.536022,0.51302,0.525588,0.544364,0.572352
901,0,1,1,0,0,1,0,1,1,1,0,0,0,-0.0418372,0.0221394,-0.0328074,0.594457,0.514846,0.575376,0.535331,0.576901
902,1,1,1,0,0,1,0,1,1,1,0,0,0,-0.0470242,0.0154983,-0.0461332,0.58496,0.514322,0.575376,0.551182,0.580758
903,0,0,0,1,0,1,0,1,1,1,0,0,0,-0.055298,0.018463,-0.0477519,0.545519,0.514593,0.525588,0.552072,0.558821
904,1,0,0,1,0,1,0,1,1,1,0,0,0,-0.0620133,0.00973032,-0.0596841,0.536022,0.51384,0.525588,0.552257,0.559682
905,0,1,0,1,0,1,0,1,1,1,0,0,0,-0.0376071,0.0257642,-0.0304512,0.613647,0.515123,0.600104,0.557916,0.568321
906,1,1,0,1,0,1,0,1,1,1,0,0,0,-0.0429341,0.0182448,-0.044132,0.60415,0.514711,0.600104,0.560451,0.569186
907,0,0,1,1,0,1,0,1,1,1,0,0,0,-0.055872,0.017391,-0.0446154,0.545519,0.514692,0.525588,0.54406,0.563381
908,1,0,1,1,0,1,0,1,1,1,0,0,0,-0.0622509,0.00977165,-0.0567604,0.536022,0.51439,0.525588,0.549199,0.566287
909,0,1,1,1,0,1,0,1,1,1,0,0,0,-0.0393407,0.0229754,-0.0292296,0.594457,0.514823,0.575376,0.540107,0.569812
910,1,1,1,1,0,1,0,1,1,1,0,0,0,-0.0445279,0.0163754,-0.0425555,0.58496,0.514728,0.575376,0.551689,0.574642
911,0,0,0,0,1,1,0,1,1,1,0,0,0,-0.0555135,0.0165968,-0.0543894,0.545519,0.512543,0.515846,0.545572,0.550854
912,1,0,0,0,1,1,0,1,1,1,0,0,0,-0.0622288,0.00784996,-0.0663212,0.536022,0.512706,0.515846,0.542123,0.550513
913,0,1,0,0,1,1,0,1,1,1,0,0,0,-0.0382928,0.0236085,-0.0373896,0.613647,0.514449,0.600104,0.567056,0.560641
914,1,1,0,0,1,1,0,1,1,1,0,0,0,-0.0436198,0.0160732,-0.0510701,0.60415,0.514272,0.600104,0.573917,0.560252
915,0,0,1,0,1,1,0,1,1,1,0,0,0,-0.0555618,0.0159775,-0.0498318,0.545519,0.513948,0.515846,0.546553,0.558684
916,1,0,1,0,1,1,0,1,1,1,0,0,0,-0.0619408,0.00832488,-0.0619765,0.536022,0.513941,0.515846,0.546773,0.558908
917,0,1,1,0,1,1,0,1,1,1,0,0,0,-0.0391292,0.0216527,-0.0358248,0.594457,0.514617,0.575376,0.544995,0.567779
918,1,1,1,0,1,1,0,1,1,1,0,0,0,-0.0443163,0.015023,-0.0491505,0.58496,0.514566,0.575376,0.560542,0.56803
919,0,0,0,1,1,1,0,1,1,1,0,0,0,-0.0535967,0.0175531,-0.0497609,0.545519,0.514118,0.515846,0.545438,0.545401
920,1,0,0,1,1,1,0,1,1,1,0,0,0,-0.0603121,0.00883254,-0.0616929,0.536022,0.514244,0.515846,0.54078,0.546121
921,0,1,0,1,1,1,0,1,1,1,0,0,0,-0.0359055,0.0248403,-0.0324604,0.613647,0.514764,0.600104,0.556043,0.55535
922,1,1,0,1,1,1,0,1,1,1,0,0,0,-0.0412325,0.0173306,-0.046141,0.60415,0.514723,0.600104,0.566871,0.555942
923,0,0,1,1,1,1,0,1,1,1,0,0,0,-0.0538521,0.0171127,-0.0466012,0.545519,0.514546,0.515846,0.549662,0.550893
924,1,0,1,1,1,1,0,1,1,1,0,0,0,-0.0602311,0.0095051,-0.0587461,0.536022,0.514582,0.515846,0.555588,0.553378
925,0,1,1,1,1,1,0,1,1,1,0,0,0,-0.0373206,0.0226906,-0.0312155,0.594457,0.51476,0.575376,0.5459,0.559992
926,1,1,1,1,1,1,0,1,1,1,0,0,0,-0.0425077,0.0160992,-0.0445413,0.58496,0.514765,0.575376,0.556086,0.562558
927,0,0,0,0,0,0,1,1,1,1,0,0,0,-0.0608017,0.0120816,-0.0547761,0.502768,0.508555,0.445403,0.524161,0.577246
928,1,0,0,0,0,0,1,1,1,1,0,0,0,-0.067517,0.00330634,-0.0667081,0.493271,0.509259,0.445403,0.545022,0.577067
929,0,1,0,0,0,0,1,1,1,1,0,0,0,-0.0435815,0.0190991,-0.0377763,0.579541,0.513794,0.551085,0.544737,0.581142
930,1,1,0,0,0,0,1,1,1,1,0,0,0,-0.0489086,0.0115411,-0.0514569,0.570044,0.513381,0.551085,0.564399,0.585954
931,0,0,1,0,0,0,1,1,1,1,0,0,0,-0.0609634,0.0119476,-0.0500505,0.502768,0.512397,0.445403,0.521206,0.572786
932,1,0,1,0,0,0,1,1,1,1,0,0,0,-0.0673423,0.0042665,-0.0621954,0.493271,0.512489,0.445403,0.544381,0.580074
933,0,1,1,0,0,0,1,1,1,1,0,0,0,-0.0445311,0.0176235,-0.0360434,0.560351,0.514213,0.526357,0.537717,0.574333
934,1,1,1,0,0,0,1,1,1,1,0,0,0,-0.0497182,0.0109724,-0.0493691,0.550854,0.514128,0.526357,0.552678,0.581135
935,0,0,0,1,0,0,1,1,1,1,0,0,0,-0.0579778,0.0137508,-0.0515889,0.502768,0.513316,0.445403,0.554644,0.570394
936,1,0,0,1,0,0,1,1,1,1,0,0,0,-0.0646932,0.00500671,-0.0635211,0.493271,0.513434,0.445403,0.559994,0.573087
937,0,1,0,1,0,0,1,1,1,1,0,0,0,-0.0402871,0.0210425,-0.0342883,0.579541,0.514685,0.551085,0.553101,0.57433
938,1,1,0,1,0,0,1,1,1,1,0,0,0,-0.0456142,0.0135149,-0.047969,0.570044,0.514559,0.551085,0.558577,0.581029
939,0,0,1,1,0,0,1,1,1,1,0,0,0,-0.0585519,0.0126805,-0.0484523,0.502768,0.51421,0.445403,0.538627,0.565533
940,1,0,1,1,0,0,1,1,1,1,0,0,0,-0.0649309,0.00504755,-0.0605974,0.493271,0.514234,0.445403,0.546759,0.573318
941,0,1,1,1,0,0,1,1,1,1,0,0,0,-0.0420208,0.0182592,-0.0330666,0.560351,0.51464,0.526357,0.539491,0.567706
942,1,1,1,1,0,0,1,1,1,1,0,0,0,-0.047208,0.0116492,-0.0463924,0.550854,0.514663,0.526357,0.549425,0.574707
943,0,0,0,0,1,0,1,1,1,1,0,0,0,-0.0612929,0.0113197,-0.058263,0.502768,0.510205,0.435661,0.552848,0.564887
944,1,0,0,0,1,0,1,1,1,1,0,0,0,-0.0680082,0.00256025,-0.0701949,0.493271,0.511978,0.435661,0.549935,0.564614
945,0,1,0,0,1,0,1,1,1,1,0,0,0,-0.0440728,0.0183283,-0.0412633,0.579541,0.513604,0.551085,0.56279,0.574031
946,1,1,0,0,1,0,1,1,1,1,0,0,0,-0.0493998,0.0107837,-0.0549437,0.570044,0.514002,0.551085,0.576132,0.573705
947,0,0,1,0,1,0,1,1,1,1,0,0,0,-0.0613415,0.0107014,-0.0537054,0.502768,0.513079,0.435661,0.551699,0.570469
948,1,0,1,0,1,0,1,1,1,1,0,0,0,-0.0677205,0.00303581,-0.0658501,0.493271,0.513666,0.435661,0.549638,0.572367
949,0,1,1,0,1,0,1,1,1,1,0,0,0,-0.0449093,0.0163741,-0.0396984,0.560351,0.51429,0.526357,0.556887,0.577071
950,1,1,1,0,1,0,1,1,1,1,0,0,0,-0.0500964,0.00973479,-0.053024,0.550854,0.514458,0.526357,0.565156,0.580563
951,0,0,0,1,1,0,1,1,1,1,0,0,0,-0.059142,0.0119659,-0.0544692,0.502768,0.513604,0.435661,0.558374,0.558694
952,1,0,0,1,1,0,1,1,1,1,0,0,0,-0.0658574,0.00323496,-0.0664013,0.493271,0.514077,0.435661,0.553667,0.560224
953,0,1,0,1,1,0,1,1,1,1,0,0,0,-0.0414515,0.0192472,-0.0371688,0.579541,0.514571,0.551085,0.558461,0.567962
954,1,1,0,1,1,0,1,1,1,1,0,0,0,-0.0467785,0.0117308,-0.0508493,0.570044,0.514654,0.551085,0.5681,0.569462
955,0,0,1,1,1,0,1,1,1,1,0,0,0,-0.0593976,0.0115301,-0.0513095,0.502768,0.514352,0.435661,0.559771,0.562515
956,1,0,1,1,1,0,1,1,1,1,0,0,0,-0.0657766,0.00391256,-0.0634544,0.493271,0.514518,0.435661,0.5564,0.56591
957,0,1,1,1,1,0,1,1,1,1,0,0,0,-0.0428667,0.0171047,-0.035924,0.560351,0.514682,0.526357,0.560877,0.570272
958,1,1,1,1,1,0,1,1,1,1,0,0,0,-0.0480538,0.0105069,-0.0492496,0.550854,0.514737,0.526357,0.567933,0.574033
959,0,0,0,0,0,1,1,1,1,1,0,0,0,-0.0594075,0.0140859,-0.0520646,0.515193,0.513872,0.482479,0.540655,0.570268
960,1,0,0,0,0,1,1,1,1,1,0,0,0,-0.0661228,0.00531608,-0.0639967,0.505696,0.513092,0.482479,0.540939,0.56911
961,0,1,0,0,0,1,1,1,1,1,0,0,0,-0.0421873,0.0211137,-0.0350646,0.591966,0.514687,0.563959,0.560886,0.578568
962,1,1,0,0,0,1,1,1,1,1,0,0,0,-0.0475142,0.0135592,-0.0487453,0.582469,0.514314,0.563959,0.563227,0.577813
963,0,0,1,0,0,1,1,1,1,1,0,0,0,-0.0595691,0.013963,-0.047339,0.515193,0.514435,0.482479,0.525564,0.577547
964,1,0,1,0,0,1,1,1,1,1,0,0,0,-0.065948,0.0062892,-0.059484,0.505696,0.51408,0.482479,0.530726,0.577209
965,0,1,1,0,0,1,1,1,1,1,0,0,0,-0.0431368,0.019647,-0.0333318,0.572776,0.514702,0.539231,0.523309,0.583862
966,1,1,1,0,0,1,1,1,1,1,0,0,0,-0.0483239,0.0130014,-0.0466576,0.563279,0.514579,0.539231,0.534851,0.584744
967,0,0,0,1,0,1,1,1,1,1,0,0,0,-0.0565975,0.0159434,-0.0482765,0.515193,0.514623,0.482479,0.54892,0.565942
968,1,0,0,1,0,1,1,1,1,1,0,0,0,-0.0633129,0.00720526,-0.0602087,0.505696,0.514384,0.482479,0.549148,0.565845
969,0,1,0,1,0,1,1,1,1,1,0,0,0,-0.0389067,0.0232498,-0.0309756,0.591966,0.514797,0.563959,0.546461,0.574456
970,1,1,0,1,0,1,1,1,1,1,0,0,0,-0.0442337,0.0157258,-0.0446564,0.582469,0.514713,0.563959,0.547585,0.574336
971,0,0,1,1,0,1,1,1,1,1,0,0,0,-0.0571715,0.0148808,-0.0451398,0.515193,0.51473,0.482479,0.5357,0.571207
972,1,0,1,1,0,1,1,1,1,1,0,0,0,-0.0635506,0.00725541,-0.0572849,0.505696,0.514633,0.482479,0.54058,0.572803
973,0,1,1,1,0,1,1,1,1,1,0,0,0,-0.0406404,0.0204694,-0.0297539,0.572776,0.514772,0.539231,0.531049,0.578546
974,1,1,1,1,0,1,1,1,1,1,0,0,0,-0.0458276,0.0138648,-0.0430798,0.563279,0.514761,0.539231,0.539603,0.580393
975,0,0,0,0,1,1,1,1,1,1,0,0,0,-0.0582078,0.0137839,-0.0545201,0.515193,0.513532,0.472737,0.546393,0.557795
976,1,0,0,0,1,1,1,1,1,1,0,0,0,-0.0649231,0.00503219,-0.0664521,0.505696,0.513863,0.472737,0.54916,0.556117
977,0,1,0,0,1,1,1,1,1,1,0,0,0,-0.0409874,0.0208008,-0.0375203,0.591966,0.514452,0.563959,0.565502,0.566563
978,1,1,0,0,1,1,1,1,1,1,0,0,0,-0.0463143,0.0132612,-0.0512008,0.582469,0.514525,0.563959,0.580216,0.565978
979,0,0,1,0,1,1,1,1,1,1,0,0,0,-0.0582562,0.0131739,-0.0499625,0.515193,0.514333,0.472737,0.539039,0.564916
980,1,0,1,0,1,1,1,1,1,1,0,0,0,-0.0646353,0.00551594,-0.0621074,0.505696,0.514428,0.472737,0.552976,0.565045
981,0,1,1,0,1,1,1,1,1,1,0,0,0,-0.0418238,0.0188528,-0.0359554,0.572776,0.514659,0.539231,0.54061,0.573096
982,1,1,1,0,1,1,1,1,1,1,0,0,0,-0.0470109,0.012219,-0.0492811,0.563279,0.514691,0.539231,0.555675,0.573184
983,0,0,0,1,1,1,1,1,1,1,0,0,0,-0.056291,0.0147194,-0.0498916,0.515193,0.51444,0.472737,0.551752,0.552939
984,1,0,0,1,1,1,1,1,1,1,0,0,0,-0.0630064,0.00599401,-0.0618238,0.505696,0.514551,0.472737,0.554718,0.553513
985,0,1,0,1,1,1,1,1,1,1,0,0,0,-0.0386,0.0220126,-0.032591,0.591966,0.514722,0.563959,0.548706,0.561864
986,1,1,0,1,1,1,1,1,1,1,0,0,0,-0.043927,0.0144986,-0.0462716,0.582469,0.514749,0.563959,0.559112,0.562341
987,0,0,1,1,1,1,1,1,1,1,0,0,0,-0.0565465,0.0142893,-0.0467318,0.515193,0.514674,0.472737,0.545682,0.558986
988,1,0,1,1,1,1,1,1,1,1,0,0,0,-0.0629255,0.00667633,-0.0588769,0.505696,0.514711,0.472737,0.556244,0.560103
989,0,1,1,1,1,1,1,1,1,1,0,0,0,-0.0400153,0.0198718,-0.0313461,0.572776,0.514769,0.539231,0.544079,0.567296
990,1,1,1,1,1,1,1,1,1,1,0,0,0,-0.0452024,0.0132762,-0.0446719,0.563279,0.514787,0.539231,0.555134,0.568333
991,0,0,0,0,0,0,0,0,0,0,1,0,0,-0.054216,0.014607,-0.049211,0.480709,0.485771,0.504112,0.496296,0.556205
992,1,0,0,0,0,0,0,0,0,0,1,0,0,-0.0609315,0.00584437,-0.0611429,0.480709,0.467017,0.504112,0.500162,0.542764
993,0,1,0,0,0,0,0,0,0,0,1,0,0,-0.0369949,0.0216359,-0.0322106,0.581831,0.522213,0.60977,0.559952,0.562582
994,1,1,0,0,0,0,0,0,0,0,1,0,0,-0.0423221,0.0140911,-0.0458914,0.581831,0.506413,0.60977,0.572341,0.550056
995,0,0,1,0,0,0,0,0,0,0,1,0,0,-0.0543775,0.0144699,-0.0444853,0.480709,0.500852,0.504112,0.507815,0.573711
996,1,0,1,0,0,0,0,0,0,0,1,0,0,-0.0607568,0.00680864,-0.0566302,0.480709,0.490377,0.504112,0.530497,0.564986
997,0,1,1,0,0,0,0,0,0,0,1,0,0,-0.0379445,0.0201562,-0.0304777,0.562641,0.511944,0.585042,0.542022,0.581734
998,1,1,1,0,0,0,0,0,0,0,1,0,0,-0.0431318,0.0135239,-0.0438037,0.562641,0.507785,0.585042,0.559386,0.571521
999,0,0,0,1,0,0,0,0,0,0,1,0,0,-0.051392,0.0163079,-0.0460238,0.480709,0.509619,0.504112,0.533836,0.559476
1000,1,0,0,1,0,0,0,0,0,0,1,0,0,-0.0581076,0.00757643,-0.0579558,0.480709,0.501848,0.504112,0.528845,0.554359
1001,1,1,0,1,0,0,0,0,0,0,1,0,0,-0.0390276,0.0160927,-0.0424036,0.581831,0.514661,0.60977,0.555728,0.56211
1002,0,0,1,1,0,0,0,0,0,0,1,0,0,-0.051966,0.0152341,-0.0428871,0.480709,0.511224,0.504112,0.535914,0.568328
1003,1,0,1,1,0,0,0,0,0,0,1,0,0,-0.0583454,0.00762092,-0.0550321,0.480709,0.508073,0.504112,0.533166,0.567771
1004,0,1,1,1,0,0,0,0,0,0,1,0,0,-0.0354342,0.0208213,-0.027501,0.562641,0.513458,0.585042,0.53642,0.577734
1005,1,1,1,1,0,0,0,0,0,0,1,0,0,-0.0406215,0.01423,-0.040827,0.562641,0.513095,0.585042,0.551097,0.57731
1006,0,0,0,0,1,0,0,0,0,0,1,0,0,-0.0542468,0.0143394,-0.0529023,0.480709,0.513929,0.49437,0.480279,0.542278
1007,1,0,0,0,1,0,0,0,0,0,1,0,0,-0.0609624,0.00559168,-0.0648341,0.480709,0.501918,0.49437,0.488447,0.527937
1008,0,1,0,0,1,0,0,0,0,0,1,0,0,-0.0370258,0.0213596,-0.0359019,0.581831,0.52165,0.60977,0.526209,0.549977
1009,1,1,0,0,1,0,0,0,0,0,1,0,0,-0.0423529,0.0138279,-0.0495826,0.581831,0.513637,0.60977,0.538591,0.538462
1010,0,0,1,0,1,0,0,0,0,0,1,0,0,-0.0542952,0.0137148,-0.0483445,0.480709,0.513309,0.49437,0.515298,0.557955
1011,1,0,1,0,1,0,0,0,0,0,1,0,0,-0.0606745,0.00606811,-0.0604893,0.480709,0.507487,0.49437,0.523185,0.55191
1012,0,1,1,0,1,0,0,0,0,0,1,0,0,-0.0378622,0.0193981,-0.034337,0.562641,0.51525,0.585042,0.542681,0.567445
1013,1,1,1,0,1,0,0,0,0,0,1,0,0,-0.0430495,0.0127771,-0.0476629,0.562641,0.512899,0.585042,0.553391,0.559866
1014,0,0,0,1,1,0,0,0,0,0,1,0,0,-0.0520958,0.0150225,-0.0491085,0.480709,0.517072,0.49437,0.511814,0.543637
1015,1,0,0,1,1,0,0,0,0,0,1,0,0,-0.0588115,0.00630314,-0.0610404,0.480709,0.511782,0.49437,0.511608,0.538065
1016,1,1,0,1,1,0,0,0,0,0,1,0,0,-0.0397315,0.0148075,-0.0454883,0.581831,0.515753,0.60977,0.550191,0.548779
1017,0,0,1,1,1,0,0,0,0,0,1,0,0,-0.0523513,0.0145792,-0.0459486,0.480709,0.515054,0.49437,0.523204,0.552808
1018,1,0,1,1,1,0,0,0,0,0,1,0,0,-0.0587307,0.00698057,-0.0580935,0.480709,0.512971,0.49437,0.524083,0.552438
1019,0,1,1,1,1,0,0,0,0,0,1,0,0,-0.0358196,0.0201625,-0.0305626,0.562641,0.51524,0.585042,0.534923,0.562616
1020,1,1,1,1,1,0,0,0,0,0,1,0,0,-0.0410068,0.0135829,-0.0438885,0.562641,0.514546,0.585042,0.539066,0.562197
1021,0,0,0,0,0,1,0,0,0,0,1,0,0,-0.054379,0.0170082,-0.0469629,0.493134,0.516253,0.528314,0.581078,0.533546
1022,1,0,0,0,0,1,0,0,0,0,1,0,0,-0.0610946,0.00825028,-0.0588949,0.493134,0.499129,0.528314,0.573526,0.524126
1023,1,1,0,0,0,1,0,0,0,0,1,0,0,-0.0424852,0.016504,-0.0436433,0.594256,0.511004,0.60977,0.596933,0.531426
1024,0,0,1,0,0,1,0,0,0,0,1,0,0,-0.0545405,0.0168837,-0.0422373,0.493134,0.514324,0.528314,0.551946,0.555344
1025,1,0,1,0,0,1,0,0,0,0,1,0,0,-0.0609198,0.00922991,-0.0543822,0.493134,0.506558,0.528314,0.549566,0.543809
1026,0,1,1,0,0,1,0,0,0,0,1,0,0,-0.0381076,0.0225763,-0.0282295,0.575066,0.514438,0.585042,0.572191,0.562052
1027,1,1,1,0,0,1,0,0,0,0,1,0,0,-0.0432949,0.0159496,-0.0415556,0.575066,0.512121,0.585042,0.57578,0.551409
1028,0,0,0,1,0,1,0,0,0,0,1,0,0,-0.0515689,0.0189006,-0.0431747,0.493134,0.516847,0.528314,0.575488,0.54405
1029,1,0,0,1,0,1,0,0,0,0,1,0,0,-0.0582846,0.0101742,-0.0551068,0.493134,0.51061,0.528314,0.570859,0.530136
1030,1,1,0,1,0,1,0,0,0,0,1,0,0,-0.0392045,0.0187013,-0.0395544,0.594256,0.514388,0.60977,0.580872,0.540744
1031,0,0,1,1,0,1,0,0,0,0,1,0,0,-0.0521429,0.0178359,-0.040038,0.493134,0.51505,0.528314,0.550378,0.558873
1032,1,0,1,1,0,1,0,0,0,0,1,0,0,-0.0585223,0.0102305,-0.052183,0.493134,0.512576,0.528314,0.550053,0.553336
1033,0,1,1,1,0,1,0,0,0,0,1,0,0,-0.0356111,0.0234314,-0.0246517,0.575066,0.514524,0.585042,0.561421,0.567747
1034,1,1,1,1,0,1,0,0,0,0,1,0,0,-0.0407985,0.0168456,-0.0379778,0.575066,0.514138,0.585042,0.5646,0.561222
1035,0,0,0,0,1,1,0,0,0,0,1,0,0,-0.0517844,0.0169762,-0.0498123,0.493134,0.507828,0.518572,0.590591,0.5169
1036,1,0,0,0,1,1,0,0,0,0,1,0,0,-0.0585001,0.00823585,-0.0617442,0.493134,0.506772,0.518572,0.573509,0.521182
1037,1,1,0,0,1,1,0,0,0,0,1,0,0,-0.0398902,0.0164752,-0.0464926,0.594256,0.512762,0.60977,0.600583,0.524539
1038,0,0,1,0,1,1,0,0,0,0,1,0,0,-0.0518327,0.0163613,-0.0452546,0.493134,0.511875,0.518572,0.587096,0.540957
1039,1,0,1,0,1,1,0,0,0,0,1,0,0,-0.0582121,0.00872282,-0.0573994,0.493134,0.510911,0.518572,0.571506,0.526796
1040,0,1,1,0,1,1,0,0,0,0,1,0,0,-0.0353995,0.0220486,-0.031247,0.575066,0.513829,0.585042,0.590434,0.548815
1041,1,1,1,0,1,1,0,0,0,0,1,0,0,-0.0405868,0.0154333,-0.0445729,0.575066,0.513568,0.585042,0.59459,0.537714
1042,0,0,0,1,1,1,0,0,0,0,1,0,0,-0.0498675,0.0179487,-0.0451837,0.493134,0.512874,0.518572,0.584422,0.523841
1043,1,0,0,1,1,1,0,0,0,0,1,0,0,-0.0565833,0.00923464,-0.0571157,0.493134,0.512372,0.518572,0.570723,0.513865
1044,1,1,0,1,1,1,0,0,0,0,1,0,0,-0.0375029,0.0177454,-0.0415634,0.594256,0.514494,0.60977,0.593879,0.522634
1045,0,0,1,1,1,1,0,0,0,0,1,0,0,-0.050123,0.0175129,-0.0420238,0.493134,0.513921,0.518572,0.575213,0.54214
1046,1,0,1,1,1,1,0,0,0,0,1,0,0,-0.0565024,0.00991935,-0.0541687,0.493134,0.51366,0.518572,0.563665,0.535924
1047,0,1,1,1,1,1,0,0,0,0,1,0,0,-0.033591,0.0231019,-0.0266377,0.575066,0.514508,0.585042,0.581182,0.552023
1048,1,1,1,1,1,1,0,0,0,0,1,0,0,-0.0387783,0.0165248,-0.0399636,0.575066,0.514505,0.585042,0.581182,0.547273
1049,0,0,0,0,0,0,1,0,0,0,1,0,0,-0.0557587,0.0132882,-0.0493863,0.458172,0.494043,0.422792,0.501767,0.551979
1050,1,0,0,0,0,0,1,0,0,0,1,0,0,-0.0624742,0.00452208,-0.0613184,0.458172,0.491103,0.422792,0.513534,0.53914
1051,0,1,0,0,0,0,1,0,0,0,1,0,0,-0.0385378,0.0203211,-0.0323858,0.567939,0.509447,0.535414,0.540244,0.55802
1052,1,1,0,0,0,0,1,0,0,0,1,0,0,-0.0438649,0.0127737,-0.0460667,0.567939,0.507739,0.535414,0.544812,0.546193
1053,0,0,1,0,0,0,1,0,0,0,1,0,0,-0.0559202,0.0131584,-0.0446606,0.458172,0.505915,0.422792,0.502719,0.571536
1054,1,0,1,0,0,0,1,0,0,0,1,0,0,-0.0622995,0.00549455,-0.0568056,0.458172,0.503383,0.422792,0.51507,0.560445
1055,0,1,1,0,0,0,1,0,0,0,1,0,0,-0.0394874,0.0188468,-0.0306529,0.548749,0.510681,0.510687,0.512158,0.576855
1056,1,1,1,0,0,0,1,0,0,0,1,0,0,-0.0446746,0.0122132,-0.0439789,0.548749,0.510655,0.510687,0.522742,0.566701
1057,0,0,0,1,0,0,1,0,0,0,1,0,0,-0.0529347,0.0149741,-0.046199,0.458172,0.509192,0.422792,0.521278,0.56188
1058,1,0,0,1,0,0,1,0,0,0,1,0,0,-0.0596503,0.00623903,-0.0581312,0.458172,0.507677,0.422792,0.521278,0.550546
1059,0,1,0,1,0,0,1,0,0,0,1,0,0,-0.0352432,0.0222774,-0.0288978,0.567939,0.513261,0.535414,0.520792,0.568429
1060,1,1,0,1,0,0,1,0,0,0,1,0,0,-0.0405705,0.0147603,-0.0425788,0.567939,0.512941,0.535414,0.520792,0.557846
1061,0,0,1,1,0,0,1,0,0,0,1,0,0,-0.0535088,0.013912,-0.0430623,0.458172,0.51212,0.422792,0.5275,0.57326
1062,0,1,1,1,0,0,1,0,0,0,1,0,0,-0.036977,0.0195024,-0.0276761,0.548749,0.512925,0.510687,0.521082,0.581974
1063,1,1,1,1,0,0,1,0,0,0,1,0,0,-0.0421644,0.0129097,-0.0410022,0.548749,0.51349,0.510687,0.522525,0.576692
1064,0,0,0,0,1,0,1,0,0,0,1,0,0,-0.05625,0.0124909,-0.0528733,0.458172,0.503164,0.41305,0.5219,0.538953
1065,1,0,0,0,1,0,1,0,0,0,1,0,0,-0.0629656,0.00374066,-0.0648052,0.458172,0.505016,0.41305,0.528693,0.526642
1066,1,1,0,0,1,0,1,0,0,0,1,0,0,-0.0443563,0.0119809,-0.0495536,0.567939,0.511941,0.535414,0.550841,0.535704
1067,0,0,1,0,1,0,1,0,0,0,1,0,0,-0.0562985,0.011878,-0.0483156,0.458172,0.510077,0.41305,0.536564,0.558582
1068,1,0,1,0,1,0,1,0,0,0,1,0,0,-0.0626778,0.0042297,-0.0604604,0.458172,0.510192,0.41305,0.541357,0.548343
1069,0,1,1,0,1,0,1,0,0,0,1,0,0,-0.0398657,0.0175632,-0.0343079,0.548749,0.512876,0.510687,0.536524,0.56536
1070,1,1,1,0,1,0,1,0,0,0,1,0,0,-0.045053,0.0109414,-0.0476338,0.548749,0.513177,0.510687,0.551712,0.555869
1071,0,0,0,1,1,0,1,0,0,0,1,0,0,-0.054099,0.0131553,-0.0490794,0.458172,0.511565,0.41305,0.520206,0.54611
1072,1,0,0,1,1,0,1,0,0,0,1,0,0,-0.0608147,0.0044334,-0.0610114,0.458172,0.51183,0.41305,0.508484,0.535633
1073,0,1,0,1,1,0,1,0,0,0,1,0,0,-0.0364078,0.0204482,-0.0317783,0.567939,0.514225,0.535414,0.532667,0.555205
1074,1,1,0,1,1,0,1,0,0,0,1,0,0,-0.0417349,0.0129422,-0.0454591,0.567939,0.514148,0.535414,0.531756,0.545707
1075,0,0,1,1,1,0,1,0,0,0,1,0,0,-0.0543546,0.0127255,-0.0459195,0.458172,0.5134,0.41305,0.537145,0.558654
1076,1,0,1,1,1,0,1,0,0,0,1,0,0,-0.0607339,0.00512513,-0.0580645,0.458172,0.513438,0.41305,0.528812,0.55544
1077,0,1,1,1,1,0,1,0,0,0,1,0,0,-0.0378231,0.0183118,-0.0305334,0.548749,0.514119,0.510687,0.539912,0.56741
1078,1,1,1,1,1,0,1,0,0,0,1,0,0,-0.0430103,0.0117313,-0.0438593,0.548749,0.514337,0.510687,0.544937,0.564411
1079,0,0,0,0,0,1,1,0,0,0,1,0,0,-0.0548817,0.0148662,-0.0477925,0.470597,0.509165,0.446994,0.580022,0.531766
1080,0,1,0,0,0,1,1,0,0,0,1,0,0,-0.0376608,0.0219069,-0.0307919,0.580364,0.512574,0.535414,0.599837,0.539846
1081,1,1,0,0,0,1,1,0,0,0,1,0,0,-0.0429879,0.0143621,-0.0444729,0.580364,0.511741,0.535414,0.599837,0.535945
1082,0,0,1,0,0,1,1,0,0,0,1,0,0,-0.0550432,0.014745,-0.0430669,0.470597,0.512342,0.446994,0.547692,0.551526
1083,1,0,1,0,0,1,1,0,0,0,1,0,0,-0.0614225,0.00708637,-0.0552119,0.470597,0.510518,0.446994,0.545474,0.540573
1084,0,1,1,0,0,1,1,0,0,0,1,0,0,-0.0386104,0.0204401,-0.029059,0.561174,0.513363,0.510687,0.570888,0.557941
1085,1,1,1,0,0,1,1,0,0,0,1,0,0,-0.0437977,0.0138098,-0.0423851,0.561174,0.513169,0.510687,0.570888,0.547987
1086,0,0,0,1,0,1,1,0,0,0,1,0,0,-0.0520716,0.0167421,-0.0440042,0.470597,0.51331,0.446994,0.55702,0.5406
1087,1,0,0,1,0,1,1,0,0,0,1,0,0,-0.0587873,0.0080123,-0.0559364,0.470597,0.512043,0.446994,0.555522,0.529122
1088,1,1,0,1,0,1,1,0,0,0,1,0,0,-0.0397073,0.0165431,-0.0403839,0.580364,0.513937,0.535414,0.581336,0.537735
1089,0,0,1,1,0,1,1,0,0,0,1,0,0,-0.0526456,0.0156839,-0.0408675,0.470597,0.51407,0.446994,0.549373,0.559492
1090,1,0,1,1,0,1,1,0,0,0,1,0,0,-0.059025,0.00807361,-0.0530126,0.470597,0.51353,0.446994,0.549373,0.549932
1091,0,1,1,1,0,1,1,0,0,0,1,0,0,-0.0361139,0.0212822,-0.0254812,0.561174,0.514154,0.510687,0.545895,0.566246
1092,1,1,1,1,0,1,1,0,0,0,1,0,0,-0.0413012,0.0146928,-0.0388073,0.561174,0.514293,0.510687,0.545895,0.557418
1093,0,0,0,0,1,1,1,0,0,0,1,0,0,-0.0536819,0.0145245,-0.0502482,0.470597,0.504083,0.437252,0.587845,0.524103
1094,1,0,0,0,1,1,1,0,0,0,1,0,0,-0.0603976,0.00578132,-0.0621802,0.470597,0.5085,0.437252,0.580976,0.529126
1095,0,1,0,0,1,1,1,0,0,0,1,0,0,-0.0364609,0.0215543,-0.0332476,0.580364,0.511023,0.535414,0.608552,0.530326
1096,1,1,0,0,1,1,1,0,0,0,1,0,0,-0.041788,0.0140244,-0.0469284,0.580364,0.512661,0.535414,0.608552,0.530734
1097,0,0,1,0,1,1,1,0,0,0,1,0,0,-0.0537303,0.0139167,-0.0456905,0.470597,0.510725,0.437252,0.558939,0.536094
1098,1,0,1,0,1,1,1,0,0,0,1,0,0,-0.0601097,0.00627399,-0.0578354,0.470597,0.51212,0.437252,0.558939,0.530044
1099,0,1,1,0,1,1,1,0,0,0,1,0,0,-0.0372973,0.0196067,-0.0316827,0.561174,0.513188,0.510687,0.57876,0.545646
1100,1,1,1,0,1,1,1,0,0,0,1,0,0,-0.0424846,0.0129883,-0.0450087,0.561174,0.513829,0.510687,0.57876,0.536437
1101,0,0,0,1,1,1,1,0,0,0,1,0,0,-0.0517651,0.0154785,-0.0456195,0.470597,0.511138,0.437252,0.564615,0.521792
1102,1,0,0,1,1,1,1,0,0,0,1,0,0,-0.0584808,0.00676153,-0.0575516,0.470597,0.512682,0.437252,0.550024,0.523676
1103,0,1,0,1,1,1,1,0,0,0,1,0,0,-0.0340735,0.0227808,-0.0283182,0.580364,0.513574,0.535414,0.584086,0.531233
1104,1,1,0,1,1,1,1,0,0,0,1,0,0,-0.0394007,0.0152764,-0.0419992,0.580364,0.514149,0.535414,0.584086,0.529332
1105,0,0,1,1,1,1,1,0,0,0,1,0,0,-0.0520206,0.01505,-0.0424596,0.470597,0.513396,0.437252,0.554702,0.543833
1106,1,0,1,1,1,1,1,0,0,0,1,0,0,-0.0584,0.00745217,-0.0546046,0.470597,0.513933,0.437252,0.553993,0.532588
1107,0,1,1,1,1,1,1,0,0,0,1,0,0,-0.0354888,0.0206422,-0.0270734,0.561174,0.514216,0.510687,0.554762,0.552522
1108,1,1,1,1,1,1,1,0,0,0,1,0,0,-0.0406761,0.0140619,-0.0403994,0.561174,0.514498,0.510687,0.554762,0.543353
1109,0,0,0,0,0,0,0,1,0,0,1,0,0,-0.0514555,0.0166223,-0.0477378,0.488499,0.505244,0.504112,0.506831,0.573354
1110,1,0,0,0,0,0,0,1,0,0,1,0,0,-0.0581709,0.00785377,-0.0596697,0.488499,0.49844,0.504112,0.496024,0.56175
1111,0,1,0,0,0,0,0,1,0,0,1,0,0,-0.0342347,0.0236449,-0.0307375,0.58962,0.519035,0.614782,0.536069,0.579488
1112,1,1,0,0,0,0,0,1,0,0,1,0,0,-0.0395618,0.0160934,-0.0444183,0.58962,0.512601,0.614782,0.534961,0.56878
1113,0,0,1,0,0,0,0,1,0,0,1,0,0,-0.051617,0.016482,-0.0430121,0.488499,0.510102,0.504112,0.533254,0.584457
1114,1,0,1,0,0,0,0,1,0,0,1,0,0,-0.0579962,0.00881051,-0.0551571,0.488499,0.506289,0.504112,0.535125,0.581611
1115,0,1,1,0,0,0,0,1,0,0,1,0,0,-0.0351842,0.0221631,-0.0290046,0.57043,0.514335,0.590054,0.550009,0.590537
1116,1,1,1,0,0,0,0,1,0,0,1,0,0,-0.0403714,0.0155209,-0.0423307,0.57043,0.512569,0.590054,0.55621,0.58792
1117,0,0,0,1,0,0,0,1,0,0,1,0,0,-0.0486314,0.0183105,-0.0445506,0.488499,0.513372,0.504112,0.526421,0.570828
1118,1,0,0,1,0,0,0,1,0,0,1,0,0,-0.055347,0.00957317,-0.0564826,0.488499,0.510468,0.504112,0.513189,0.569479
1119,0,1,0,1,0,0,0,1,0,0,1,0,0,-0.0309401,0.0256048,-0.0272495,0.58962,0.517649,0.614782,0.539337,0.580524
1120,1,1,0,1,0,0,0,1,0,0,1,0,0,-0.0362673,0.0180837,-0.0409305,0.58962,0.515119,0.614782,0.537462,0.578951
1121,0,0,1,1,0,0,0,1,0,0,1,0,0,-0.0492055,0.0172321,-0.0414139,0.488499,0.513673,0.504112,0.530685,0.577529
1122,1,0,1,1,0,0,0,1,0,0,1,0,0,-0.0555847,0.00960876,-0.0535589,0.488499,0.512496,0.504112,0.524104,0.578591
1123,0,1,1,1,0,0,0,1,0,0,1,0,0,-0.0326739,0.0228151,-0.0260279,0.57043,0.51457,0.590054,0.544909,0.582714
1124,1,1,1,1,0,0,0,1,0,0,1,0,0,-0.0378611,0.016214,-0.0393539,0.57043,0.514322,0.590054,0.549606,0.587638
1125,0,0,0,0,1,0,0,1,0,0,1,0,0,-0.0514863,0.0163707,-0.0514291,0.488499,0.514887,0.49437,0.510573,0.558761
1126,1,0,0,0,1,0,0,1,0,0,1,0,0,-0.0582018,0.00761701,-0.0633608,0.488499,0.510512,0.49437,0.512475,0.549637
1127,1,1,0,0,1,0,0,1,0,0,1,0,0,-0.0395926,0.0158462,-0.0481095,0.58962,0.514687,0.614782,0.540282,0.558004
1128,0,0,1,0,1,0,0,1,0,0,1,0,0,-0.0515348,0.0157423,-0.0468713,0.488499,0.514414,0.49437,0.53201,0.569399
1129,1,0,1,0,1,0,0,1,0,0,1,0,0,-0.057914,0.00808534,-0.0590161,0.488499,0.51229,0.49437,0.532229,0.568405
1130,0,1,1,0,1,0,0,1,0,0,1,0,0,-0.035102,0.0214204,-0.0328639,0.57043,0.515167,0.590054,0.550462,0.578617
1131,1,1,1,0,1,0,0,1,0,0,1,0,0,-0.0402892,0.0147895,-0.0461898,0.57043,0.514229,0.590054,0.553512,0.577224
1132,0,0,0,1,1,0,0,1,0,0,1,0,0,-0.0493353,0.0170417,-0.0476353,0.488499,0.515811,0.49437,0.504903,0.55584
1133,1,0,0,1,1,0,0,1,0,0,1,0,0,-0.0560509,0.00831646,-0.0595672,0.488499,0.513853,0.49437,0.504282,0.554645
1134,0,1,0,1,1,0,0,1,0,0,1,0,0,-0.0316441,0.0243256,-0.0303343,0.58962,0.516748,0.614782,0.528428,0.565814
1135,1,1,0,1,1,0,0,1,0,0,1,0,0,-0.0369712,0.0168151,-0.0440151,0.58962,0.515284,0.614782,0.533347,0.565068
1136,0,0,1,1,1,0,0,1,0,0,1,0,0,-0.0495909,0.016594,-0.0444754,0.488499,0.514967,0.49437,0.522122,0.56387
1137,1,0,1,1,1,0,0,1,0,0,1,0,0,-0.0559701,0.00898521,-0.0566203,0.488499,0.514197,0.49437,0.522698,0.564045
1138,0,1,1,1,1,0,0,1,0,0,1,0,0,-0.0330594,0.0221732,-0.0290895,0.57043,0.515055,0.590054,0.534046,0.573195
1139,1,1,1,1,1,0,0,1,0,0,1,0,0,-0.0382465,0.0155837,-0.0424154,0.57043,0.514765,0.590054,0.539245,0.573319
1140,0,0,0,0,0,1,0,1,0,0,1,0,0,-0.0514997,0.0191133,-0.0442254,0.500924,0.515739,0.528314,0.552338,0.553699
1141,1,0,0,0,0,1,0,1,0,0,1,0,0,-0.0582151,0.0103505,-0.0561574,0.500924,0.509485,0.528314,0.526858,0.542196
1142,0,1,0,0,0,1,0,1,0,0,1,0,0,-0.0342789,0.0261461,-0.0272248,0.602045,0.516543,0.614782,0.573299,0.560868
1143,1,1,0,0,0,1,0,1,0,0,1,0,0,-0.0396059,0.0185987,-0.0409058,0.602045,0.51372,0.614782,0.577478,0.550286
1144,0,0,1,0,0,1,0,1,0,0,1,0,0,-0.0516611,0.0189865,-0.0394997,0.500924,0.514786,0.528314,0.543167,0.572777
1145,1,0,1,0,0,1,0,1,0,0,1,0,0,-0.0580403,0.0113241,-0.0516447,0.500924,0.511948,0.528314,0.531499,0.562842
1146,0,1,1,0,0,1,0,1,0,0,1,0,0,-0.0352284,0.024675,-0.025492,0.582855,0.514873,0.590054,0.540398,0.579118
1147,1,1,1,0,0,1,0,1,0,0,1,0,0,-0.0404156,0.0180401,-0.0388182,0.582855,0.513944,0.590054,0.552203,0.5701
1148,0,0,0,1,0,1,0,1,0,0,1,0,0,-0.0486895,0.0209957,-0.0404371,0.500924,0.515728,0.528314,0.549084,0.560329
1149,1,0,0,1,0,1,0,1,0,0,1,0,0,-0.0554051,0.0122645,-0.0523692,0.500924,0.513422,0.528314,0.531418,0.551876
1150,0,1,0,1,0,1,0,1,0,0,1,0,0,-0.0309982,0.0283044,-0.0231358,0.602045,0.51579,0.614782,0.560858,0.569555
1151,1,1,0,1,0,1,0,1,0,0,1,0,0,-0.0363253,0.0207875,-0.0368169,0.602045,0.514784,0.614782,0.560858,0.560196
1152,0,0,1,1,0,1,0,1,0,0,1,0,0,-0.0492635,0.0199276,-0.0373004,0.500924,0.514966,0.528314,0.54436,0.570032
1153,1,0,1,1,0,1,0,1,0,0,1,0,0,-0.0556428,0.0123137,-0.0494455,0.500924,0.514051,0.528314,0.53846,0.569264
1154,0,1,1,1,0,1,0,1,0,0,1,0,0,-0.0327319,0.0255199,-0.0219141,0.582855,0.514795,0.590054,0.539129,0.578467
1155,1,1,1,1,0,1,0,1,0,0,1,0,0,-0.0379192,0.0189261,-0.0352403,0.582855,0.514616,0.590054,0.544886,0.578042
1156,0,0,0,0,1,1,0,1,0,0,1,0,0,-0.0489051,0.0190955,-0.0470748,0.500924,0.512388,0.518572,0.561205,0.539776
1157,1,0,0,0,1,1,0,1,0,0,1,0,0,-0.0556206,0.0103502,-0.0590067,0.500924,0.512019,0.518572,0.547968,0.527115
1158,0,1,0,0,1,1,0,1,0,0,1,0,0,-0.0316839,0.0261169,-0.0300743,0.602045,0.514602,0.614782,0.585163,0.548556
1159,1,1,0,0,1,1,0,1,0,0,1,0,0,-0.037011,0.0185841,-0.0437551,0.602045,0.514168,0.614782,0.57628,0.537371
1160,0,0,1,0,1,1,0,1,0,0,1,0,0,-0.0489534,0.018478,-0.0425171,0.500924,0.51379,0.518572,0.543018,0.558009
1161,1,0,1,0,1,1,0,1,0,0,1,0,0,-0.0553327,0.0108308,-0.0546619,0.500924,0.513443,0.518572,0.530701,0.550141
1162,0,1,1,0,1,1,0,1,0,0,1,0,0,-0.0325203,0.0241611,-0.0285095,0.582855,0.514519,0.590054,0.565439,0.56694
1163,1,1,1,0,1,1,0,1,0,0,1,0,0,-0.0377075,0.0175376,-0.0418355,0.582855,0.5144,0.590054,0.568942,0.558621
1164,0,0,0,1,1,1,0,1,0,0,1,0,0,-0.0469882,0.0200585,-0.0424462,0.500924,0.514161,0.518572,0.543085,0.543961
1165,1,0,0,1,1,1,0,1,0,0,1,0,0,-0.0537038,0.0113395,-0.0543782,0.500924,0.513974,0.518572,0.529873,0.536216
1166,0,1,0,1,1,1,0,1,0,0,1,0,0,-0.0292966,0.0273533,-0.025145,0.602045,0.514967,0.614782,0.570673,0.554176
1167,1,1,0,1,1,1,0,1,0,0,1,0,0,-0.0346236,0.0198461,-0.0388259,0.602045,0.514742,0.614782,0.560324,0.547492
1168,0,0,1,1,1,1,0,1,0,0,1,0,0,-0.0472436,0.0196202,-0.0392863,0.500924,0.514511,0.518572,0.534357,0.555507
1169,1,0,1,1,1,1,0,1,0,0,1,0,0,-0.0536229,0.0120181,-0.0514312,0.500924,0.514414,0.518572,0.524822,0.553697
1170,0,1,1,1,1,1,0,1,0,0,1,0,0,-0.0307118,0.025206,-0.0239002,0.582855,0.514732,0.590054,0.559404,0.56451
1171,1,1,1,1,1,1,0,1,0,0,1,0,0,-0.035899,0.0186208,-0.0372262,0.582855,0.51472,0.590054,0.556786,0.563536
1172,0,0,0,0,0,0,1,1,0,0,1,0,0,-0.0537051,0.0144175,-0.0474221,0.458172,0.507594,0.422792,0.550072,0.569931
1173,1,0,0,0,0,0,1,1,0,0,1,0,0,-0.0604206,0.00564553,-0.0593541,0.458172,0.506598,0.422792,0.542314,0.55887
1174,0,1,0,0,0,0,1,1,0,0,1,0,0,-0.0364845,0.0214442,-0.0304215,0.567939,0.513358,0.540427,0.54914,0.575695
1175,1,1,0,0,0,0,1,1,0,0,1,0,0,-0.0418116,0.0138906,-0.0441025,0.567939,0.512542,0.540427,0.54914,0.565565
1176,0,0,1,0,0,0,1,1,0,0,1,0,0,-0.0538667,0.0142846,-0.0426963,0.458172,0.511702,0.422792,0.543522,0.587021
1177,1,0,1,0,0,0,1,1,0,0,1,0,0,-0.0602459,0.00661136,-0.0548414,0.458172,0.510804,0.422792,0.538251,0.577854
1178,0,1,1,0,0,0,1,1,0,0,1,0,0,-0.037434,0.019968,-0.0286887,0.548749,0.513494,0.515699,0.543522,0.592462
1179,1,1,1,0,0,0,1,1,0,0,1,0,0,-0.0426213,0.0133255,-0.0420147,0.548749,0.513414,0.515699,0.548054,0.583679
1180,0,0,0,1,0,0,1,1,0,0,1,0,0,-0.0508811,0.0160938,-0.0442347,0.458172,0.51292,0.422792,0.547874,0.575819
1181,1,0,0,1,0,0,1,1,0,0,1,0,0,-0.0575967,0.00735303,-0.0561669,0.458172,0.512362,0.422792,0.5448,0.568707
1182,0,1,0,1,0,0,1,1,0,0,1,0,0,-0.03319,0.0233923,-0.0269335,0.567939,0.514473,0.540427,0.546938,0.584103
1183,1,1,0,1,0,0,1,1,0,0,1,0,0,-0.0385171,0.0158689,-0.0406145,0.567939,0.514258,0.540427,0.546938,0.57562
1184,0,0,1,1,0,0,1,1,0,0,1,0,0,-0.0514552,0.0150278,-0.041098,0.458172,0.513891,0.422792,0.549901,0.583133
1185,1,0,1,1,0,0,1,1,0,0,1,0,0,-0.0578345,0.00740263,-0.0532432,0.458172,0.513637,0.422792,0.540374,0.583102
1186,0,1,1,1,0,0,1,1,0,0,1,0,0,-0.0349237,0.0206137,-0.0257119,0.548749,0.514208,0.515699,0.549812,0.591008
1187,1,1,1,1,0,0,1,1,0,0,1,0,0,-0.040111,0.0140121,-0.039038,0.548749,0.51438,0.515699,0.549812,0.590777
1188,0,0,0,0,1,0,1,1,0,0,1,0,0,-0.0541964,0.013636,-0.050909,0.458172,0.510681,0.41305,0.536308,0.557845
1189,1,0,0,0,1,0,1,1,0,0,1,0,0,-0.0609119,0.00487992,-0.062841,0.458172,0.511397,0.41305,0.526853,0.547657
1190,1,1,0,0,1,0,1,1,0,0,1,0,0,-0.042303,0.0131136,-0.0475894,0.567939,0.513875,0.540427,0.554076,0.55563
1191,0,0,1,0,1,0,1,1,0,0,1,0,0,-0.054245,0.01302,-0.0463513,0.458172,0.513132,0.41305,0.546711,0.574247
1192,1,0,1,0,1,0,1,1,0,0,1,0,0,-0.0606242,0.00536214,-0.0584962,0.458172,0.513187,0.41305,0.536124,0.566787
1193,0,1,1,0,1,0,1,1,0,0,1,0,0,-0.0378124,0.0187001,-0.0323437,0.548749,0.514171,0.515699,0.550119,0.581867
1194,1,1,1,0,1,0,1,1,0,0,1,0,0,-0.0429995,0.0120693,-0.0456696,0.548749,0.514259,0.515699,0.552501,0.573949
1195,0,0,0,1,1,0,1,1,0,0,1,0,0,-0.0520454,0.0142904,-0.0471152,0.458172,0.513682,0.41305,0.534874,0.561779
1196,1,0,0,1,1,0,1,1,0,0,1,0,0,-0.058761,0.00556275,-0.0590472,0.458172,0.513781,0.41305,0.528319,0.556067
1197,0,1,0,1,1,0,1,1,0,0,1,0,0,-0.0343545,0.0215785,-0.029814,0.567939,0.514675,0.540427,0.549785,0.570899
1198,1,1,0,1,1,0,1,1,0,0,1,0,0,-0.0396816,0.0140663,-0.0434949,0.567939,0.514617,0.540427,0.549873,0.564336
1199,0,0,1,1,1,0,1,1,0,0,1,0,0,-0.0523011,0.0138573,-0.0439553,0.458172,0.51432,0.41305,0.535891,0.569327
1200,1,0,1,1,1,0,1,1,0,0,1,0,0,-0.0586803,0.0062476,-0.0561003,0.458172,0.514335,0.41305,0.532827,0.569375
1201,0,1,1,1,1,0,1,1,0,0,1,0,0,-0.0357698,0.0194392,-0.0285692,0.548749,0.51459,0.515699,0.548525,0.57765
1202,1,1,1,1,1,0,1,1,0,0,1,0,0,-0.0409569,0.0128498,-0.0418952,0.548749,0.514659,0.515699,0.548957,0.5776
1203,0,0,0,0,0,1,1,1,0,0,1,0,0,-0.0523109,0.0164357,-0.0447105,0.470597,0.512888,0.446994,0.550125,0.551488
1204,1,0,0,0,0,1,1,1,0,0,1,0,0,-0.0590264,0.00766925,-0.0566426,0.470597,0.511687,0.446994,0.544068,0.542204
1205,1,1,0,0,0,1,1,1,0,0,1,0,0,-0.0404173,0.0159226,-0.0413908,0.580364,0.513802,0.540427,0.577789,0.548594
1206,0,0,1,0,0,1,1,1,0,0,1,0,0,-0.0524724,0.0163139,-0.0399848,0.470597,0.513964,0.446994,0.548656,0.569695
1207,1,0,1,0,0,1,1,1,0,0,1,0,0,-0.0588517,0.00864804,-0.0521298,0.470597,0.513307,0.446994,0.546109,0.560349
1208,0,1,1,0,0,1,1,1,0,0,1,0,0,-0.0360397,0.0220055,-0.0259769,0.561174,0.514351,0.515699,0.551578,0.575709
1209,1,1,1,0,0,1,1,1,0,0,1,0,0,-0.041227,0.0153684,-0.0393031,0.561174,0.514257,0.515699,0.551578,0.56726
1210,0,0,0,1,0,1,1,1,0,0,1,0,0,-0.0495008,0.0183008,-0.0409221,0.470597,0.514325,0.446994,0.550125,0.559608
1211,1,0,0,1,0,1,1,1,0,0,1,0,0,-0.0562164,0.00956592,-0.0528544,0.470597,0.51386,0.446994,0.545157,0.55004
1212,0,1,0,1,0,1,1,1,0,0,1,0,0,-0.0318095,0.0256138,-0.0236207,0.580364,0.514624,0.540427,0.553906,0.566792
1213,1,1,0,1,0,1,1,1,0,0,1,0,0,-0.0371366,0.0180941,-0.0373018,0.580364,0.51454,0.540427,0.553906,0.557984
1214,0,0,1,1,0,1,1,1,0,0,1,0,0,-0.0500748,0.0172423,-0.0377854,0.470597,0.514567,0.446994,0.550125,0.574525
1215,1,0,1,1,0,1,1,1,0,0,1,0,0,-0.0564541,0.00962484,-0.0499306,0.470597,0.514368,0.446994,0.550125,0.56822
1216,0,1,1,1,0,1,1,1,0,0,1,0,0,-0.0335433,0.0228381,-0.022399,0.561174,0.514603,0.515699,0.550125,0.582391
1217,1,1,1,1,0,1,1,1,0,0,1,0,0,-0.0387306,0.016242,-0.0357252,0.561174,0.514643,0.515699,0.550125,0.575299
1218,1,0,0,0,1,1,1,1,0,0,1,0,0,-0.0578267,0.00735798,-0.0590981,0.470597,0.512562,0.437252,0.539673,0.532996
1219,0,1,0,0,1,1,1,1,0,0,1,0,0,-0.0338903,0.0231324,-0.0301655,0.580364,0.513482,0.540427,0.585751,0.546961
1220,1,1,0,0,1,1,1,1,0,0,1,0,0,-0.0392173,0.0155972,-0.0438464,0.580364,0.514066,0.540427,0.580584,0.539361
1221,0,0,1,0,1,1,1,1,0,0,1,0,0,-0.0511596,0.0154984,-0.0426084,0.470597,0.513334,0.437252,0.55264,0.557092
1222,1,0,1,0,1,1,1,1,0,0,1,0,0,-0.0575389,0.00784839,-0.0547533,0.470597,0.513852,0.437252,0.547697,0.548584
1223,0,1,1,0,1,1,1,1,0,0,1,0,0,-0.0347267,0.0211849,-0.0286007,0.561174,0.514242,0.515699,0.562021,0.564466
1224,1,1,1,0,1,1,1,1,0,0,1,0,0,-0.0399139,0.0145596,-0.0419267,0.561174,0.514471,0.515699,0.567254,0.556686
1225,0,0,0,1,1,1,1,1,0,0,1,0,0,-0.0491943,0.0170496,-0.0425374,0.470597,0.513486,0.437252,0.541431,0.545502
1226,1,0,0,1,1,1,1,1,0,0,1,0,0,-0.0559099,0.00832755,-0.0544696,0.470597,0.514056,0.437252,0.524764,0.533983
1227,0,1,0,1,1,1,1,1,0,0,1,0,0,-0.031503,0.0243495,-0.0252361,0.580364,0.514386,0.540427,0.562787,0.554048
1228,1,1,0,1,1,1,1,1,0,0,1,0,0,-0.03683,0.0168398,-0.0389171,0.580364,0.514588,0.540427,0.552113,0.545402
1229,0,0,1,1,1,1,1,1,0,0,1,0,0,-0.0494498,0.0166222,-0.0393775,0.470597,0.514304,0.437252,0.550422,0.559862
1230,1,0,1,1,1,1,1,1,0,0,1,0,0,-0.0558291,0.00901708,-0.0515226,0.470597,0.514502,0.437252,0.539127,0.555128
1231,0,1,1,1,1,1,1,1,0,0,1,0,0,-0.0329182,0.0222119,-0.0239913,0.561174,0.514607,0.515699,0.550422,0.568643
1232,1,1,1,1,1,1,1,1,0,0,1,0,0,-0.0381054,0.0156248,-0.0373174,0.561174,0.514707,0.515699,0.550422,0.563396
1233,1,0,0,0,0,0,0,0,1,0,1,0,0,-0.0611863,0.00763356,-0.059116,0.480709,0.49704,0.504112,0.510353,0.559191
1234,0,1,0,0,0,0,0,0,1,0,1,0,0,-0.0372498,0.0234337,-0.0301836,0.572866,0.518302,0.603449,0.543503,0.573201
1235,1,1,0,0,0,0,0,0,1,0,1,0,0,-0.0425771,0.0158804,-0.0438645,0.572866,0.511961,0.603449,0.578196,0.567665
1236,0,0,1,0,0,0,0,0,1,0,1,0,0,-0.0546322,0.0162662,-0.0424583,0.480709,0.510004,0.504112,0.493984,0.571909
1237,1,0,1,0,0,0,0,0,1,0,1,0,0,-0.0610115,0.00859602,-0.0546033,0.480709,0.505911,0.504112,0.52975,0.571583
1238,0,1,1,0,0,0,0,0,1,0,1,0,0,-0.0381994,0.0219535,-0.0284508,0.553676,0.513813,0.578721,0.544546,0.581092
1239,1,1,1,0,0,0,0,0,1,0,1,0,0,-0.0433867,0.0153102,-0.0417768,0.553676,0.512325,0.578721,0.56706,0.581021
1240,1,0,0,1,0,0,0,0,1,0,1,0,0,-0.0583625,0.009358,-0.0559288,0.480709,0.510259,0.504112,0.553722,0.558034
1241,1,1,0,1,0,0,0,0,1,0,1,0,0,-0.0392826,0.0178774,-0.0403766,0.572866,0.514681,0.603449,0.571426,0.568075
1242,0,0,1,1,0,0,0,0,1,0,1,0,0,-0.0522208,0.0170225,-0.04086,0.480709,0.513702,0.504112,0.549669,0.564463
1243,1,0,1,1,0,0,0,0,1,0,1,0,0,-0.0586001,0.00940039,-0.0530051,0.480709,0.512456,0.504112,0.56037,0.566681
1244,0,1,1,1,0,0,0,0,1,0,1,0,0,-0.0356891,0.0226122,-0.025474,0.553676,0.513925,0.578721,0.555644,0.57298
1245,1,1,1,1,0,0,0,0,1,0,1,0,0,-0.0408764,0.0160098,-0.0388001,0.553676,0.514117,0.578721,0.573234,0.575869
1246,1,0,0,0,1,0,0,0,1,0,1,0,0,-0.0612172,0.00740274,-0.0628071,0.480709,0.507878,0.49437,0.530394,0.54371
1247,0,1,0,0,1,0,0,0,1,0,1,0,0,-0.0372807,0.0231794,-0.033875,0.572866,0.515058,0.603449,0.543205,0.558669
1248,1,1,0,0,1,0,0,0,1,0,1,0,0,-0.0426079,0.0156391,-0.0475557,0.572866,0.513531,0.603449,0.565538,0.554538
1249,0,0,1,0,1,0,0,0,1,0,1,0,0,-0.0545499,0.015533,-0.0463176,0.480709,0.512262,0.49437,0.528794,0.55764
1250,1,0,1,0,1,0,0,0,1,0,1,0,0,-0.0609292,0.00787746,-0.0584624,0.480709,0.511373,0.49437,0.546918,0.557016
1251,0,1,1,0,1,0,0,0,1,0,1,0,0,-0.0381171,0.0212175,-0.0323101,0.553676,0.514048,0.578721,0.54124,0.567426
1252,1,1,1,0,1,0,0,0,1,0,1,0,0,-0.0433044,0.0145855,-0.045636,0.553676,0.513798,0.578721,0.559469,0.566628
1253,0,0,0,1,1,0,0,0,1,0,1,0,0,-0.0523506,0.0168299,-0.0470815,0.480709,0.513927,0.49437,0.570969,0.543335
1254,1,0,0,1,1,0,0,0,1,0,1,0,0,-0.0590663,0.0081045,-0.0590134,0.480709,0.513035,0.49437,0.578689,0.543089
1255,1,1,0,1,1,0,0,0,1,0,1,0,0,-0.0399865,0.0166121,-0.0434613,0.572866,0.514802,0.603449,0.591869,0.553677
1256,0,0,1,1,1,0,0,0,1,0,1,0,0,-0.0526061,0.0163897,-0.0439216,0.480709,0.514238,0.49437,0.5619,0.55027
1257,1,0,1,1,1,0,0,0,1,0,1,0,0,-0.0589854,0.00878216,-0.0560665,0.480709,0.51391,0.49437,0.57089,0.55199
1258,0,1,1,1,1,0,0,0,1,0,1,0,0,-0.0360745,0.0219755,-0.0285356,0.553676,0.514496,0.578721,0.571224,0.560294
1259,1,1,1,1,1,0,0,0,1,0,1,0,0,-0.0412618,0.0153849,-0.0418615,0.553676,0.514572,0.578721,0.58072,0.561833
1260,0,0,0,0,0,1,0,0,1,0,1,0,0,-0.0546338,0.0188093,-0.0449359,0.493134,0.517883,0.528314,0.576057,0.550001
1261,1,0,0,0,0,1,0,0,1,0,1,0,0,-0.0613494,0.0100451,-0.056868,0.493134,0.509741,0.528314,0.580504,0.539499
1262,1,1,0,0,0,1,0,0,1,0,1,0,0,-0.0427402,0.018299,-0.0416164,0.585291,0.513753,0.603449,0.604175,0.548192
1263,0,0,1,0,0,1,0,0,1,0,1,0,0,-0.0547952,0.0186857,-0.0402103,0.493134,0.51553,0.528314,0.560494,0.563335
1264,1,0,1,0,0,1,0,0,1,0,1,0,0,-0.0611745,0.011023,-0.0523553,0.493134,0.512096,0.528314,0.575924,0.559812
1265,0,1,1,0,0,1,0,0,1,0,1,0,0,-0.0383625,0.0243794,-0.0262026,0.566101,0.514975,0.578721,0.577488,0.572167
1266,1,1,1,0,0,1,0,0,1,0,1,0,0,-0.0435498,0.0177416,-0.0395287,0.566101,0.513963,0.578721,0.590111,0.568862
1267,0,0,0,1,0,1,0,0,1,0,1,0,0,-0.0518238,0.0206943,-0.0411476,0.493134,0.516664,0.528314,0.583821,0.549919
1268,1,0,0,1,0,1,0,0,1,0,1,0,0,-0.0585394,0.0119617,-0.0530798,0.493134,0.513641,0.528314,0.581245,0.545816
1269,1,1,0,1,0,1,0,0,1,0,1,0,0,-0.0394596,0.0204922,-0.0375274,0.585291,0.51475,0.603449,0.588954,0.556247
1270,0,0,1,1,0,1,0,0,1,0,1,0,0,-0.0523977,0.0196303,-0.038011,0.493134,0.515278,0.528314,0.5638,0.558438
1271,1,0,1,1,0,1,0,0,1,0,1,0,0,-0.0587771,0.012016,-0.0501561,0.493134,0.514148,0.528314,0.56752,0.558036
1272,0,1,1,1,0,1,0,0,1,0,1,0,0,-0.0358661,0.0252283,-0.0226247,0.566101,0.514701,0.578721,0.571343,0.567558
1273,1,1,1,1,0,1,0,0,1,0,1,0,0,-0.0410534,0.0186315,-0.0359509,0.566101,0.514594,0.578721,0.578424,0.566996
1274,0,0,0,0,1,1,0,0,1,0,1,0,0,-0.0520392,0.0188052,-0.0477853,0.493134,0.513512,0.518572,0.599407,0.533828
1275,1,0,0,0,1,1,0,0,1,0,1,0,0,-0.0587549,0.0100586,-0.0597172,0.493134,0.512236,0.518572,0.604844,0.521758
1276,0,1,0,0,1,1,0,0,1,0,1,0,0,-0.034818,0.0258339,-0.0307849,0.585291,0.514791,0.603449,0.600593,0.544443
1277,1,1,0,0,1,1,0,0,1,0,1,0,0,-0.0401452,0.0182982,-0.0444657,0.585291,0.514188,0.603449,0.610172,0.533809
1278,0,0,1,0,1,1,0,0,1,0,1,0,0,-0.0520875,0.0181913,-0.0432276,0.493134,0.514187,0.518572,0.587158,0.548707
1279,1,0,1,0,1,1,0,0,1,0,1,0,0,-0.0584669,0.0105439,-0.0553725,0.493134,0.513543,0.518572,0.595018,0.544256
1280,0,1,1,0,1,1,0,0,1,0,1,0,0,-0.0356544,0.0238797,-0.02922,0.566101,0.514561,0.578721,0.590424,0.558158
1281,1,1,1,0,1,1,0,0,1,0,1,0,0,-0.0408418,0.0172534,-0.042546,0.566101,0.514408,0.578721,0.599211,0.554557
1282,0,0,0,1,1,1,0,0,1,0,1,0,0,-0.0501224,0.0197685,-0.0431567,0.493134,0.514667,0.518572,0.595075,0.534677
1283,1,0,0,1,1,1,0,0,1,0,1,0,0,-0.0568382,0.0110483,-0.0550887,0.493134,0.514114,0.518572,0.59683,0.52867
1284,0,1,0,1,1,1,0,0,1,0,1,0,0,-0.0324307,0.0270724,-0.0258555,0.585291,0.514963,0.603449,0.59822,0.545162
1285,1,1,0,1,1,1,0,0,1,0,1,0,0,-0.0377579,0.0195623,-0.0395364,0.585291,0.514739,0.603449,0.60106,0.540833
1286,0,0,1,1,1,1,0,0,1,0,1,0,0,-0.0503778,0.0193357,-0.0399968,0.493134,0.514685,0.518572,0.585288,0.543251
1287,1,0,1,1,1,1,0,0,1,0,1,0,0,-0.0567572,0.0117332,-0.0521418,0.493134,0.514471,0.518572,0.589893,0.543392
1288,0,1,1,1,1,1,0,0,1,0,1,0,0,-0.033846,0.0249273,-0.0246107,0.566101,0.514707,0.578721,0.589447,0.552834
1289,1,1,1,1,1,1,0,0,1,0,1,0,0,-0.0390333,0.0183391,-0.0379367,0.566101,0.514715,0.578721,0.596027,0.552963
1290,1,0,0,0,0,0,1,0,1,0,1,0,0,-0.0630256,0.00657348,-0.0590898,0.458172,0.506613,0.422792,0.521522,0.557133
1291,1,1,0,0,0,0,1,0,1,0,1,0,0,-0.0444165,0.0148247,-0.0438381,0.558974,0.512382,0.529094,0.582096,0.564671
1292,0,0,1,0,0,0,1,0,1,0,1,0,0,-0.0564715,0.0152186,-0.0424319,0.458172,0.512165,0.422792,0.507027,0.577168
1293,1,0,1,0,0,0,1,0,1,0,1,0,0,-0.0628508,0.00754305,-0.054577,0.458172,0.51086,0.422792,0.530761,0.57613
1294,1,1,1,0,0,0,1,0,1,0,1,0,0,-0.0452261,0.0142604,-0.0417503,0.539785,0.513347,0.504366,0.558587,0.58365
1295,0,0,0,1,0,0,1,0,1,0,1,0,0,-0.053486,0.0170289,-0.0439703,0.458172,0.513564,0.422792,0.537605,0.564652
1296,1,0,0,1,0,0,1,0,1,0,1,0,0,-0.0602017,0.00828538,-0.0559025,0.458172,0.512499,0.422792,0.53699,0.563604
1297,0,1,0,1,0,0,1,0,1,0,1,0,0,-0.0357947,0.0243373,-0.0266691,0.558974,0.514109,0.529094,0.554597,0.573711
1298,1,1,0,1,0,0,1,0,1,0,1,0,0,-0.041122,0.0168094,-0.0403501,0.558974,0.514124,0.529094,0.558352,0.57256
1299,0,0,1,1,0,0,1,0,1,0,1,0,0,-0.0540601,0.0159663,-0.0408336,0.458172,0.514091,0.422792,0.544145,0.571963
1300,1,0,1,1,0,0,1,0,1,0,1,0,0,-0.0604394,0.00833873,-0.0529788,0.458172,0.513701,0.422792,0.552962,0.572146
1301,0,1,1,1,0,0,1,0,1,0,1,0,0,-0.0375285,0.0215587,-0.0254474,0.539785,0.513992,0.504366,0.535772,0.580223
1302,1,1,1,1,0,0,1,0,1,0,1,0,0,-0.0427158,0.0149523,-0.0387735,0.539785,0.514313,0.504366,0.550253,0.580318
1303,0,0,0,0,1,0,1,0,1,0,1,0,0,-0.0568013,0.0145747,-0.0506446,0.458172,0.51058,0.41305,0.521719,0.552576
1304,1,0,0,0,1,0,1,0,1,0,1,0,0,-0.063517,0.00581604,-0.0625766,0.458172,0.511176,0.41305,0.543022,0.544977
1305,0,1,0,0,1,0,1,0,1,0,1,0,0,-0.0395807,0.0216006,-0.0336443,0.558974,0.513481,0.529094,0.555776,0.562187
1306,1,1,0,0,1,0,1,0,1,0,1,0,0,-0.0449079,0.014056,-0.047325,0.558974,0.513692,0.529094,0.580277,0.553537
1307,0,0,1,0,1,0,1,0,1,0,1,0,0,-0.0568498,0.0139618,-0.0460869,0.458172,0.513076,0.41305,0.542849,0.563306
1308,1,0,1,0,1,0,1,0,1,0,1,0,0,-0.0632291,0.00630166,-0.0582318,0.458172,0.513125,0.41305,0.562722,0.562109
1309,0,1,1,0,1,0,1,0,1,0,1,0,0,-0.0404172,0.0196477,-0.0320793,0.539785,0.513997,0.504366,0.554619,0.572009
1310,1,1,1,0,1,0,1,0,1,0,1,0,0,-0.0456045,0.0130121,-0.0454052,0.539785,0.514189,0.504366,0.57587,0.571111
1311,0,0,0,1,1,0,1,0,1,0,1,0,0,-0.0546504,0.0152319,-0.0468507,0.458172,0.51373,0.41305,0.55086,0.550377
1312,1,1,0,1,1,0,1,0,1,0,1,0,0,-0.0422866,0.0150132,-0.0432305,0.558974,0.514529,0.529094,0.565441,0.558821
1313,0,0,1,1,1,0,1,0,1,0,1,0,0,-0.054906,0.0148038,-0.0436908,0.458172,0.514325,0.41305,0.559693,0.557816
1314,1,0,1,1,1,0,1,0,1,0,1,0,0,-0.0612853,0.00719165,-0.0558359,0.458172,0.514333,0.41305,0.568047,0.558241
1315,0,1,1,1,1,0,1,0,1,0,1,0,0,-0.0383746,0.0203921,-0.0283047,0.539785,0.514472,0.504366,0.559802,0.566785
1316,1,1,1,1,1,0,1,0,1,0,1,0,0,-0.0435619,0.0137979,-0.0416307,0.539785,0.514621,0.504366,0.568182,0.566994
1317,0,0,0,0,0,1,1,0,1,0,1,0,0,-0.055433,0.016943,-0.0455639,0.470597,0.514716,0.446994,0.587481,0.549254
1318,1,0,0,0,0,1,1,0,1,0,1,0,0,-0.0621486,0.0081731,-0.057496,0.470597,0.512176,0.446994,0.589842,0.537074
1319,0,1,0,0,0,1,1,0,1,0,1,0,0,-0.0382123,0.0239857,-0.0285632,0.5714,0.514625,0.529094,0.600961,0.556678
1320,0,0,1,0,0,1,1,0,1,0,1,0,0,-0.0555945,0.0168221,-0.0408382,0.470597,0.514621,0.446994,0.565134,0.567188
1321,1,0,1,0,0,1,1,0,1,0,1,0,0,-0.0619738,0.00915165,-0.0529833,0.470597,0.513506,0.446994,0.565609,0.558522
1322,0,1,1,0,0,1,1,0,1,0,1,0,0,-0.0391618,0.0225179,-0.0268304,0.55221,0.51449,0.504366,0.584021,0.574884
1323,1,1,1,0,0,1,1,0,1,0,1,0,0,-0.0443491,0.0158738,-0.0401565,0.55221,0.514301,0.504366,0.593131,0.566228
1324,0,0,0,1,0,1,1,0,1,0,1,0,0,-0.052623,0.0188141,-0.0417755,0.470597,0.515056,0.446994,0.566684,0.554181
1325,1,0,0,1,0,1,1,0,1,0,1,0,0,-0.0593387,0.0100759,-0.0537078,0.470597,0.514092,0.446994,0.566684,0.547401
1326,0,1,0,1,0,1,1,0,1,0,1,0,0,-0.0349317,0.0261347,-0.0244742,0.5714,0.514698,0.529094,0.586237,0.563416
1327,1,1,0,1,0,1,1,0,1,0,1,0,0,-0.0402589,0.0186095,-0.0381553,0.5714,0.514567,0.529094,0.586237,0.555894
1328,0,0,1,1,0,1,1,0,1,0,1,0,0,-0.0531969,0.0177553,-0.0386388,0.470597,0.514824,0.446994,0.549898,0.563871
1329,1,0,1,1,0,1,1,0,1,0,1,0,0,-0.0595763,0.0101333,-0.050784,0.470597,0.51446,0.446994,0.549898,0.563169
1330,0,1,1,1,0,1,1,0,1,0,1,0,0,-0.0366654,0.0233557,-0.0232525,0.55221,0.514606,0.504366,0.555137,0.571959
1331,1,1,1,1,0,1,1,0,1,0,1,0,0,-0.0418528,0.0167526,-0.0365786,0.55221,0.514649,0.504366,0.559531,0.571331
1332,0,0,0,0,1,1,1,0,1,0,1,0,0,-0.0542333,0.0166292,-0.0480195,0.470597,0.512907,0.437252,0.591751,0.533491
1333,1,0,0,0,1,1,1,0,1,0,1,0,0,-0.060949,0.00787754,-0.0599515,0.470597,0.513224,0.437252,0.595349,0.52515
1334,1,1,0,0,1,1,1,0,1,0,1,0,0,-0.0423395,0.0161203,-0.0446998,0.5714,0.514277,0.529094,0.607857,0.532519
1335,0,0,1,0,1,1,1,0,1,0,1,0,0,-0.0542817,0.0160212,-0.0434618,0.470597,0.514058,0.437252,0.57006,0.551989
1336,1,0,1,0,1,1,1,0,1,0,1,0,0,-0.060661,0.00836675,-0.0556068,0.470597,0.514103,0.437252,0.580613,0.54573
1337,0,1,1,0,1,1,1,0,1,0,1,0,0,-0.0378488,0.021712,-0.0294541,0.55221,0.514459,0.504366,0.588006,0.561137
1338,1,1,1,0,1,1,1,0,1,0,1,0,0,-0.0430361,0.0150798,-0.0427801,0.55221,0.514548,0.504366,0.600635,0.554466
1339,0,0,0,1,1,1,1,0,1,0,1,0,0,-0.0523165,0.0175764,-0.0433908,0.470597,0.514252,0.437252,0.57351,0.538296
1340,1,0,0,1,1,1,1,0,1,0,1,0,0,-0.0590323,0.00885105,-0.055323,0.470597,0.514324,0.437252,0.577272,0.530504
1341,0,1,0,1,1,1,1,0,1,0,1,0,0,-0.0346251,0.0248838,-0.0260895,0.5714,0.514587,0.529094,0.590383,0.548295
1342,1,1,0,1,1,1,1,0,1,0,1,0,0,-0.0399523,0.0173687,-0.0397705,0.5714,0.514663,0.529094,0.592877,0.541991
1343,0,0,1,1,1,1,1,0,1,0,1,0,0,-0.0525719,0.0171496,-0.0402309,0.470597,0.514582,0.437252,0.549538,0.550005
1344,1,0,1,1,1,1,1,0,1,0,1,0,0,-0.0589513,0.00954004,-0.052376,0.470597,0.514603,0.437252,0.553116,0.547823
1345,0,1,1,1,1,1,1,0,1,0,1,0,0,-0.0360403,0.0227439,-0.0248447,0.55221,0.514672,0.504366,0.557115,0.558641
1346,1,1,1,1,1,1,1,0,1,0,1,0,0,-0.0412276,0.0161499,-0.0381707,0.55221,0.514733,0.504366,0.562844,0.557467
1347,0,0,0,0,0,0,0,1,1,0,1,0,0,-0.0512451,0.018539,-0.0447134,0.488499,0.511745,0.504112,0.497312,0.574133
1348,1,0,0,0,0,0,0,1,1,0,1,0,0,-0.0579606,0.00976631,-0.0566454,0.488499,0.508698,0.504112,0.515879,0.57271
1349,0,1,0,0,0,0,0,1,1,0,1,0,0,-0.0340243,0.0255608,-0.0277131,0.580655,0.516689,0.608461,0.549712,0.583659
1350,1,1,0,0,0,0,0,1,1,0,1,0,0,-0.0393515,0.0180034,-0.0413941,0.580655,0.514098,0.608461,0.578562,0.582652
1351,0,0,1,0,0,0,0,1,1,0,1,0,0,-0.0514065,0.0183982,-0.0399878,0.488499,0.5132,0.504112,0.513506,0.576313
1352,1,0,1,0,0,0,0,1,1,0,1,0,0,-0.0577857,0.01072,-0.0521328,0.488499,0.511703,0.504112,0.547214,0.581785
1353,0,1,1,0,0,0,0,1,1,0,1,0,0,-0.0349738,0.0240781,-0.0259802,0.561466,0.514676,0.583734,0.544124,0.578706
1354,1,1,1,0,0,0,0,1,1,0,1,0,0,-0.040161,0.0174279,-0.0393064,0.561466,0.51403,0.583734,0.572336,0.585967
1355,0,0,0,1,0,0,0,1,1,0,1,0,0,-0.0484211,0.0202219,-0.0415262,0.488499,0.514587,0.504112,0.549123,0.567855
1356,1,0,0,1,0,0,0,1,1,0,1,0,0,-0.0551367,0.0114804,-0.0534583,0.488499,0.513285,0.504112,0.551871,0.569148
1357,0,1,0,1,0,0,0,1,1,0,1,0,0,-0.0307298,0.0275174,-0.0242251,0.580655,0.515689,0.608461,0.568916,0.577349
1358,1,1,0,1,0,0,0,1,1,0,1,0,0,-0.036057,0.0199904,-0.0379062,0.580655,0.514902,0.608461,0.572805,0.578578
1359,0,0,1,1,0,0,0,1,1,0,1,0,0,-0.0489951,0.0191425,-0.0383895,0.488499,0.514472,0.504112,0.553401,0.568477
1360,1,0,1,1,0,0,0,1,1,0,1,0,0,-0.0553743,0.0115125,-0.0505346,0.488499,0.514004,0.504112,0.561936,0.575344
1361,0,1,1,1,0,0,0,1,1,0,1,0,0,-0.0324635,0.0247252,-0.0230035,0.561466,0.514588,0.583734,0.554713,0.571242
1362,1,1,1,1,0,0,0,1,1,0,1,0,0,-0.0376508,0.018116,-0.0363296,0.561466,0.514613,0.583734,0.565178,0.578636
1363,0,0,0,0,1,0,0,1,1,0,1,0,0,-0.0512759,0.0183034,-0.0484047,0.488499,0.512885,0.49437,0.527692,0.559879
1364,1,0,0,0,1,0,0,1,1,0,1,0,0,-0.0579915,0.00954551,-0.0603366,0.488499,0.512418,0.49437,0.541091,0.559192
1365,0,1,0,0,1,0,0,1,1,0,1,0,0,-0.0340552,0.0253166,-0.0314044,0.580655,0.515102,0.608461,0.563388,0.56986
1366,1,1,0,0,1,0,0,1,1,0,1,0,0,-0.0393823,0.0177722,-0.0450852,0.580655,0.514459,0.608461,0.583799,0.568976
1367,0,0,1,0,1,0,0,1,1,0,1,0,0,-0.0513243,0.0176747,-0.043847,0.488499,0.513932,0.49437,0.557715,0.567636
1368,1,0,1,0,1,0,0,1,1,0,1,0,0,-0.0577035,0.0100111,-0.0559919,0.488499,0.51361,0.49437,0.566721,0.56815
1369,0,1,1,0,1,0,0,1,1,0,1,0,0,-0.0348916,0.0233518,-0.0298395,0.561466,0.51461,0.583734,0.56964,0.576733
1370,1,1,1,0,1,0,0,1,1,0,1,0,0,-0.0400788,0.0167128,-0.0431655,0.561466,0.514488,0.583734,0.579405,0.577225
1371,0,0,0,1,1,0,0,1,1,0,1,0,0,-0.049125,0.0189668,-0.0446109,0.488499,0.51455,0.49437,0.549575,0.554495
1372,1,0,0,1,1,0,0,1,1,0,1,0,0,-0.0558406,0.0102374,-0.0565429,0.488499,0.514215,0.49437,0.549568,0.554939
1373,0,1,0,1,1,0,0,1,1,0,1,0,0,-0.0314338,0.026252,-0.0273099,0.580655,0.515134,0.608461,0.575467,0.564685
1374,1,1,0,1,1,0,0,1,1,0,1,0,0,-0.0367609,0.0187357,-0.0409908,0.580655,0.514858,0.608461,0.58498,0.564949
1375,0,0,1,1,1,0,0,1,1,0,1,0,0,-0.0493805,0.0185202,-0.041451,0.488499,0.514628,0.49437,0.561041,0.559628
1376,1,0,1,1,1,0,0,1,1,0,1,0,0,-0.0557597,0.0109047,-0.053596,0.488499,0.514505,0.49437,0.560971,0.562671
1377,0,1,1,1,1,0,0,1,1,0,1,0,0,-0.032849,0.0240991,-0.026065,0.561466,0.514732,0.583734,0.562478,0.568869
1378,1,1,1,1,1,0,0,1,1,0,1,0,0,-0.0380362,0.0175016,-0.0393911,0.561466,0.514746,0.583734,0.572348,0.57172
1379,0,0,0,0,0,1,0,1,1,0,1,0,0,-0.0512893,0.0210289,-0.041201,0.500924,0.516087,0.528314,0.573167,0.565394
1380,1,0,0,0,0,1,0,1,1,0,1,0,0,-0.0580048,0.0122619,-0.0531332,0.500924,0.513103,0.528314,0.570717,0.559215
1381,0,1,0,0,0,1,0,1,1,0,1,0,0,-0.0340685,0.028061,-0.0242005,0.593081,0.51582,0.608461,0.592618,0.574573
1382,1,1,0,0,0,1,0,1,1,0,1,0,0,-0.0393956,0.0205077,-0.0378816,0.593081,0.514542,0.608461,0.600055,0.567778
1383,0,0,1,0,0,1,0,1,1,0,1,0,0,-0.0514507,0.0209015,-0.0364753,0.500924,0.515134,0.528314,0.548065,0.573997
1384,1,0,1,0,0,1,0,1,1,0,1,0,0,-0.0578299,0.0132325,-0.0486205,0.500924,0.513876,0.528314,0.558251,0.57305
1385,0,1,1,0,0,1,0,1,1,0,1,0,0,-0.035018,0.026589,-0.0224676,0.573891,0.514953,0.583734,0.571688,0.582203
1386,1,1,1,0,0,1,0,1,1,0,1,0,0,-0.0402052,0.0199459,-0.0357939,0.573891,0.514549,0.583734,0.5833,0.581685
1387,0,0,0,1,0,1,0,1,1,0,1,0,0,-0.0484792,0.022906,-0.0374127,0.500924,0.515556,0.528314,0.574239,0.561232
1388,1,0,0,1,0,1,0,1,1,0,1,0,0,-0.0551948,0.0141706,-0.049345,0.500924,0.514438,0.528314,0.572622,0.560705
1389,0,1,0,1,0,1,0,1,1,0,1,0,0,-0.0307879,0.030216,-0.0201114,0.593081,0.515232,0.608461,0.587052,0.570553
1390,1,1,0,1,0,1,0,1,1,0,1,0,0,-0.0361151,0.0226932,-0.0337926,0.593081,0.51484,0.608461,0.588231,0.569872
1391,0,0,1,1,0,1,0,1,1,0,1,0,0,-0.0490531,0.0218369,-0.034276,0.500924,0.51501,0.528314,0.564836,0.568664
1392,1,0,1,1,0,1,0,1,1,0,1,0,0,-0.0554324,0.0142163,-0.0464212,0.500924,0.514592,0.528314,0.567389,0.568852
1393,0,1,1,1,0,1,0,1,1,0,1,0,0,-0.0325215,0.027429,-0.0188897,0.573891,0.514808,0.583734,0.575105,0.57705
1394,1,1,1,1,0,1,0,1,1,0,1,0,0,-0.0377089,0.020827,-0.0322161,0.573891,0.514754,0.583734,0.582293,0.577286
1395,0,0,0,0,1,1,0,1,1,0,1,0,0,-0.0486947,0.0210327,-0.0440504,0.500924,0.514389,0.518572,0.582663,0.5508
1396,1,0,0,0,1,1,0,1,1,0,1,0,0,-0.0554104,0.0122832,-0.0559824,0.500924,0.513925,0.518572,0.575449,0.54555
1397,0,1,0,0,1,1,0,1,1,0,1,0,0,-0.0314736,0.0280534,-0.0270499,0.593081,0.514874,0.608461,0.589685,0.561075
1398,1,1,0,0,1,1,0,1,1,0,1,0,0,-0.0368007,0.0205147,-0.0407309,0.593081,0.514627,0.608461,0.598794,0.556101
1399,0,0,1,0,1,1,0,1,1,0,1,0,0,-0.048743,0.020415,-0.0394927,0.500924,0.514606,0.518572,0.554206,0.560158
1400,1,0,1,0,1,1,0,1,1,0,1,0,0,-0.0551223,0.0127612,-0.0516377,0.500924,0.514371,0.518572,0.563922,0.559887
1401,0,1,1,0,1,1,0,1,1,0,1,0,0,-0.03231,0.026097,-0.0254851,0.573891,0.514749,0.583734,0.567672,0.569058
1402,1,1,1,0,1,1,0,1,1,0,1,0,0,-0.0374972,0.0194654,-0.0388112,0.573891,0.514684,0.583734,0.582509,0.568678
1403,0,0,0,1,1,1,0,1,1,0,1,0,0,-0.0467779,0.0219884,-0.0394218,0.500924,0.514784,0.518572,0.579918,0.547114
1404,1,0,0,1,1,1,0,1,1,0,1,0,0,-0.0534936,0.0132653,-0.0513539,0.500924,0.514579,0.518572,0.574539,0.546679
1405,0,1,0,1,1,1,0,1,1,0,1,0,0,-0.0290863,0.0292845,-0.0221206,0.593081,0.5149,0.608461,0.587404,0.556875
1406,1,1,0,1,1,1,0,1,1,0,1,0,0,-0.0344134,0.0217715,-0.0358016,0.593081,0.514805,0.608461,0.592187,0.556898
1407,0,0,1,1,1,1,0,1,1,0,1,0,0,-0.0470332,0.0215511,-0.0362619,0.500924,0.514778,0.518572,0.561321,0.554283
1408,1,0,1,1,1,1,0,1,1,0,1,0,0,-0.0534126,0.0139423,-0.048407,0.500924,0.514699,0.518572,0.570014,0.555068
1409,0,1,1,1,1,1,0,1,1,0,1,0,0,-0.0305015,0.0271367,-0.0208757,0.573891,0.514788,0.583734,0.571229,0.563342
1410,1,1,1,1,1,1,0,1,1,0,1,0,0,-0.0356887,0.0205434,-0.0342019,0.573891,0.514787,0.583734,0.580632,0.563969
1411,0,0,0,0,0,0,1,1,1,0,1,0,0,-0.053983,0.0165171,-0.044437,0.458172,0.512825,0.422792,0.531053,0.579038
1412,1,0,0,0,0,0,1,1,1,0,1,0,0,-0.0606986,0.00773905,-0.0563692,0.458172,0.511975,0.422792,0.547138,0.575457
1413,1,1,0,0,0,0,1,1,1,0,1,0,0,-0.0420896,0.015982,-0.0411176,0.558974,0.514045,0.534106,0.569811,0.582532
1414,0,0,1,0,0,0,1,1,1,0,1,0,0,-0.0541445,0.0163838,-0.0397113,0.458172,0.513899,0.422792,0.540829,0.584641
1415,1,0,1,0,0,0,1,1,1,0,1,0,0,-0.0605238,0.00870144,-0.0518565,0.458172,0.513429,0.422792,0.557589,0.58617
1416,0,1,1,0,0,0,1,1,1,0,1,0,0,-0.0377119,0.0220665,-0.0257036,0.539785,0.514361,0.509378,0.551147,0.586424
1417,1,1,1,0,0,0,1,1,1,0,1,0,0,-0.0428992,0.0154135,-0.0390298,0.539785,0.514325,0.509378,0.566774,0.591933
1418,0,0,0,1,0,0,1,1,1,0,1,0,0,-0.051159,0.018187,-0.0412497,0.458172,0.514419,0.422792,0.552956,0.574667
1419,1,0,0,1,0,0,1,1,1,0,1,0,0,-0.0578747,0.00944012,-0.053182,0.458172,0.514023,0.422792,0.55248,0.574342
1420,0,1,0,1,0,0,1,1,1,0,1,0,0,-0.0334679,0.0254876,-0.0239485,0.558974,0.514645,0.534106,0.551271,0.583061
1421,1,1,0,1,0,0,1,1,1,0,1,0,0,-0.0387951,0.0179564,-0.0376296,0.558974,0.514612,0.534106,0.551692,0.582897
1422,0,0,1,1,0,0,1,1,1,0,1,0,0,-0.0517331,0.0171197,-0.038113,0.458172,0.514575,0.422792,0.550318,0.578245
1423,1,0,1,1,0,0,1,1,1,0,1,0,0,-0.0581124,0.00948544,-0.0502582,0.458172,0.51443,0.422792,0.55319,0.581457
1424,0,1,1,1,0,0,1,1,1,0,1,0,0,-0.0352016,0.0227061,-0.0227268,0.539785,0.514548,0.509378,0.550034,0.579921
1425,1,1,1,1,0,0,1,1,1,0,1,0,0,-0.0403889,0.016094,-0.036053,0.539785,0.514652,0.509378,0.556932,0.586261
1426,0,0,0,0,1,0,1,1,1,0,1,0,0,-0.0544743,0.0157522,-0.047924,0.458172,0.513313,0.41305,0.549778,0.565901
1427,1,0,0,0,1,0,1,1,1,0,1,0,0,-0.06119,0.00699002,-0.059856,0.458172,0.513543,0.41305,0.562462,0.563073
1428,0,1,0,0,1,0,1,1,1,0,1,0,0,-0.0372539,0.0227697,-0.0309236,0.558974,0.514394,0.534106,0.564137,0.57479
1429,1,1,0,0,1,0,1,1,1,0,1,0,0,-0.042581,0.0152217,-0.0446044,0.558974,0.514447,0.534106,0.578619,0.572402
1430,0,0,1,0,1,0,1,1,1,0,1,0,0,-0.0545229,0.0151356,-0.0433662,0.458172,0.514198,0.41305,0.558042,0.573446
1431,1,0,1,0,1,0,1,1,1,0,1,0,0,-0.0609021,0.00746868,-0.0555112,0.458172,0.51422,0.41305,0.569056,0.573314
1432,0,1,1,0,1,0,1,1,1,0,1,0,0,-0.0380903,0.0208151,-0.0293587,0.539785,0.514543,0.509378,0.563231,0.581528
1433,1,1,1,0,1,0,1,1,1,0,1,0,0,-0.0432775,0.0141738,-0.0426847,0.539785,0.514604,0.509378,0.576016,0.581367
1434,0,0,0,1,1,0,1,1,1,0,1,0,0,-0.0523234,0.0163982,-0.04413,0.458172,0.51444,0.41305,0.554167,0.561136
1435,1,0,0,1,1,0,1,1,1,0,1,0,0,-0.0590391,0.0076644,-0.0560623,0.458172,0.514452,0.41305,0.562539,0.561457
1436,0,1,0,1,1,0,1,1,1,0,1,0,0,-0.0346325,0.0236883,-0.026829,0.558974,0.514707,0.534106,0.553963,0.570281
1437,1,1,0,1,1,0,1,1,1,0,1,0,0,-0.0399597,0.0161683,-0.0405099,0.558974,0.514729,0.534106,0.563891,0.570393
1438,0,0,1,1,1,0,1,1,1,0,1,0,0,-0.052579,0.0159655,-0.0409702,0.458172,0.514646,0.41305,0.559001,0.567549
1439,1,0,1,1,1,0,1,1,1,0,1,0,0,-0.0589583,0.00834662,-0.0531153,0.458172,0.514649,0.41305,0.565919,0.568511
1440,0,1,1,1,1,0,1,1,1,0,1,0,0,-0.0360477,0.0215478,-0.0255841,0.539785,0.514702,0.509378,0.560683,0.575858
1441,1,1,1,1,1,0,1,1,1,0,1,0,0,-0.041235,0.0149479,-0.0389102,0.539785,0.514753,0.509378,0.56824,0.57674
1442,0,0,0,0,0,1,1,1,1,0,1,0,0,-0.0525888,0.0185377,-0.0417254,0.470597,0.514834,0.446994,0.56353,0.568077
1443,1,0,0,0,0,1,1,1,1,0,1,0,0,-0.0593044,0.00976518,-0.0536577,0.470597,0.51391,0.446994,0.563839,0.558538
1444,0,1,0,0,0,1,1,1,1,0,1,0,0,-0.0353681,0.0255745,-0.0247248,0.5714,0.514816,0.534106,0.590802,0.575175
1445,1,1,0,0,0,1,1,1,1,0,1,0,0,-0.0406953,0.0180165,-0.0384059,0.5714,0.514532,0.534106,0.587875,0.566592
1446,0,0,1,0,0,1,1,1,1,0,1,0,0,-0.0527503,0.0184156,-0.0369997,0.470597,0.514767,0.446994,0.550125,0.578387
1447,1,0,1,0,0,1,1,1,1,0,1,0,0,-0.0591296,0.0107405,-0.0491449,0.470597,0.514361,0.446994,0.550125,0.576785
1448,0,1,1,0,0,1,1,1,1,0,1,0,0,-0.0363176,0.0241064,-0.0229919,0.55221,0.514725,0.509378,0.567391,0.586144
1449,1,1,1,0,0,1,1,1,1,0,1,0,0,-0.0415049,0.0174588,-0.0363182,0.55221,0.514646,0.509378,0.571912,0.583871
1450,0,0,0,1,0,1,1,1,1,0,1,0,0,-0.0497787,0.0203962,-0.0379371,0.470597,0.514928,0.446994,0.550892,0.566968
1451,1,0,0,1,0,1,1,1,1,0,1,0,0,-0.0564944,0.0116553,-0.0498694,0.470597,0.514573,0.446994,0.55054,0.564814
1452,0,1,0,1,0,1,1,1,1,0,1,0,0,-0.0320875,0.0277115,-0.0206356,0.5714,0.514804,0.534106,0.567961,0.575266
1453,1,1,0,1,0,1,1,1,1,0,1,0,0,-0.0374147,0.0201839,-0.0343169,0.5714,0.514743,0.534106,0.567961,0.573865
1454,0,0,1,1,0,1,1,1,1,0,1,0,0,-0.0503527,0.0193366,-0.0348004,0.470597,0.51483,0.446994,0.550125,0.573702
1455,1,0,1,1,0,1,1,1,1,0,1,0,0,-0.0567321,0.0117099,-0.0469457,0.470597,0.514695,0.446994,0.550125,0.573783
1456,0,1,1,1,0,1,1,1,1,0,1,0,0,-0.0338212,0.0249328,-0.019414,0.55221,0.514752,0.509378,0.546419,0.58119
1457,1,1,1,1,0,1,1,1,1,0,1,0,0,-0.0390085,0.0183262,-0.0327403,0.55221,0.514763,0.509378,0.549483,0.58126
1458,0,0,0,0,1,1,1,1,1,0,1,0,0,-0.0513891,0.0182301,-0.044181,0.470597,0.514135,0.437252,0.564199,0.55424
1459,1,0,0,0,1,1,1,1,1,0,1,0,0,-0.0581048,0.00947558,-0.0561132,0.470597,0.514256,0.437252,0.569254,0.546831
1460,0,1,0,0,1,1,1,1,1,0,1,0,0,-0.0341683,0.0252559,-0.0271805,0.5714,0.514579,0.534106,0.586669,0.563713
1461,1,1,0,0,1,1,1,1,1,0,1,0,0,-0.0394954,0.0177128,-0.0408615,0.5714,0.514635,0.534106,0.591839,0.555858
1462,0,0,1,0,1,1,1,1,1,0,1,0,0,-0.0514375,0.0176216,-0.0396233,0.470597,0.514547,0.437252,0.550125,0.565879
1463,1,0,1,0,1,1,1,1,1,0,1,0,0,-0.0578168,0.00996242,-0.0517684,0.470597,0.514565,0.437252,0.560395,0.563499
1464,0,1,1,0,1,1,1,1,1,0,1,0,0,-0.0350047,0.0233074,-0.0256156,0.55221,0.514696,0.509378,0.566265,0.573798
1465,1,1,1,0,1,1,1,1,1,0,1,0,0,-0.0401919,0.0166716,-0.0389418,0.55221,0.514726,0.509378,0.57916,0.572547
1466,0,0,0,1,1,1,1,1,1,0,1,0,0,-0.0494723,0.019165,-0.0395524,0.470597,0.514618,0.437252,0.550125,0.55412
1467,1,0,0,1,1,1,1,1,1,0,1,0,0,-0.056188,0.0104368,-0.0514846,0.470597,0.514645,0.437252,0.555322,0.550586
1468,0,1,0,1,1,1,1,1,1,0,1,0,0,-0.031781,0.026467,-0.022251,0.5714,0.514744,0.534106,0.567655,0.562892
1469,1,1,0,1,1,1,1,1,1,0,1,0,0,-0.0371081,0.0189495,-0.0359322,0.5714,0.514768,0.534106,0.572559,0.560548
1470,0,0,1,1,1,1,1,1,1,0,1,0,0,-0.0497277,0.018738,-0.0363924,0.470597,0.514735,0.437252,0.550256,0.560659
1471,1,0,1,1,1,1,1,1,1,0,1,0,0,-0.0561071,0.0111237,-0.0485377,0.470597,0.514743,0.437252,0.557483,0.561299
1472,0,1,1,1,1,1,1,1,1,0,1,0,0,-0.0331962,0.0243282,-0.0210062,0.55221,0.514769,0.509378,0.549934,0.568726
1473,1,1,1,1,1,1,1,1,1,0,1,0,0,-0.0383834,0.0177306,-0.0343324,0.55221,0.51479,0.509378,0.557754,0.569234
1474,0,0,0,0,0,0,0,0,0,1,1,0,0,-0.061244,0.011901,-0.0571733,0.480709,0.435733,0.488513,0.476159,0.545747
1475,1,0,0,0,0,0,0,0,0,1,1,0,0,-0.0679596,0.00313691,-0.0691051,0.480709,0.457101,0.488513,0.48027,0.536832
1476,0,1,0,0,0,0,0,0,0,1,1,0,0,-0.0440231,0.018924,-0.0401733,0.581831,0.495141,0.588538,0.501309,0.555425
1477,1,1,0,0,0,0,0,0,0,1,1,0,0,-0.0493503,0.0113777,-0.0538539,0.581831,0.49798,0.588538,0.525153,0.544931
1478,0,0,1,0,0,0,0,0,0,1,1,0,0,-0.0614056,0.0117647,-0.0524477,0.480709,0.484853,0.488513,0.482661,0.557691
1479,1,0,1,0,0,0,0,0,0,1,1,0,0,-0.0677849,0.00410001,-0.0645925,0.480709,0.491187,0.488513,0.506207,0.555521
1480,0,1,1,0,0,0,0,0,0,1,1,0,0,-0.0449726,0.0174463,-0.0384404,0.562641,0.505996,0.56381,0.5029,0.566948
1481,1,1,1,0,0,0,0,0,0,1,1,0,0,-0.0501599,0.0108109,-0.0517662,0.562641,0.507349,0.56381,0.527747,0.564904
1482,0,0,0,1,0,0,0,0,0,1,1,0,0,-0.0584201,0.013603,-0.0539861,0.480709,0.489178,0.488513,0.530212,0.543509
1483,1,0,0,1,0,0,0,0,0,1,1,0,0,-0.0651358,0.00486996,-0.0659181,0.480709,0.498064,0.488513,0.530212,0.541328
1484,0,1,0,1,0,0,0,0,0,1,1,0,0,-0.0407286,0.0208964,-0.0366855,0.581831,0.509711,0.588538,0.528099,0.55384
1485,1,1,0,1,0,0,0,0,0,1,1,0,0,-0.0460558,0.0133804,-0.0503661,0.581831,0.510888,0.588538,0.528414,0.551782
1486,0,0,1,1,0,0,0,0,0,1,1,0,0,-0.0589941,0.0125287,-0.0508495,0.480709,0.504993,0.488513,0.532603,0.551637
1487,1,0,1,1,0,0,0,0,0,1,1,0,0,-0.0653735,0.00491206,-0.0629945,0.480709,0.508012,0.488513,0.536275,0.551996
1488,0,1,1,1,0,0,0,0,0,1,1,0,0,-0.0424624,0.0181108,-0.0354638,0.562641,0.512072,0.56381,0.531543,0.561493
1489,1,1,1,1,0,0,0,0,0,1,1,0,0,-0.0476497,0.0115163,-0.0487896,0.562641,0.512918,0.56381,0.542079,0.561423
1490,1,0,0,0,1,0,0,0,0,1,1,0,0,-0.0679903,0.00288689,-0.0727962,0.480709,0.489276,0.478771,0.498498,0.51855
1491,0,1,0,0,1,0,0,0,0,1,1,0,0,-0.0440538,0.0186504,-0.0438646,0.581831,0.503178,0.588538,0.509775,0.53967
1492,1,1,0,0,1,0,0,0,0,1,1,0,0,-0.049381,0.0111172,-0.057545,0.581831,0.507151,0.588538,0.525954,0.530631
1493,0,0,1,0,1,0,0,0,0,1,1,0,0,-0.0613232,0.0110123,-0.0563068,0.480709,0.499088,0.478771,0.513221,0.542197
1494,1,0,1,0,1,0,0,0,0,1,1,0,0,-0.0677025,0.00336222,-0.0684515,0.480709,0.504513,0.478771,0.521055,0.539441
1495,0,1,1,0,1,0,0,0,0,1,1,0,0,-0.0448903,0.016691,-0.0422997,0.562641,0.509961,0.56381,0.531528,0.552177
1496,1,1,1,0,1,0,0,0,0,1,1,0,0,-0.0500775,0.0100669,-0.0556253,0.562641,0.511522,0.56381,0.545794,0.549751
1497,0,0,0,1,1,0,0,0,0,1,1,0,0,-0.0591238,0.0123196,-0.0570708,0.480709,0.50143,0.478771,0.516993,0.527494
1498,1,0,0,1,1,0,0,0,0,1,1,0,0,-0.0658394,0.00359881,-0.0690026,0.480709,0.507275,0.478771,0.517299,0.524592
1499,0,1,0,1,1,0,0,0,0,1,1,0,0,-0.0414324,0.0196026,-0.0397702,0.581831,0.511845,0.588538,0.528085,0.538416
1500,1,1,0,1,1,0,0,0,0,1,1,0,0,-0.0467595,0.0120973,-0.0534507,0.581831,0.512998,0.588538,0.53537,0.5358
1501,0,0,1,1,1,0,0,0,0,1,1,0,0,-0.0593793,0.0118776,-0.053911,0.480709,0.509752,0.478771,0.52849,0.535952
1502,1,0,1,1,1,0,0,0,0,1,1,0,0,-0.0657587,0.00427557,-0.0660558,0.480709,0.511803,0.478771,0.527833,0.536428
1503,1,1,1,1,1,0,0,0,0,1,1,0,0,-0.0480349,0.0108731,-0.051851,0.562641,0.513983,0.56381,0.543694,0.546539
1504,0,0,0,0,0,1,0,0,0,1,1,0,0,-0.061407,0.0142959,-0.0549253,0.493134,0.494025,0.525588,0.530956,0.525444
1505,1,0,0,0,0,1,0,0,0,1,1,0,0,-0.0681226,0.00553639,-0.0668572,0.493134,0.495187,0.525588,0.534595,0.516523
1506,0,1,0,0,0,1,0,0,0,1,1,0,0,-0.0441862,0.0213276,-0.0379252,0.594256,0.508847,0.601412,0.551951,0.535242
1507,1,1,0,0,0,1,0,0,0,1,1,0,0,-0.0495133,0.0137842,-0.0516058,0.594256,0.508556,0.601412,0.561753,0.523725
1508,0,0,1,0,0,1,0,0,0,1,1,0,0,-0.0615685,0.0141722,-0.0501997,0.493134,0.506894,0.525588,0.522674,0.545309
1509,1,0,1,0,0,1,0,0,0,1,1,0,0,-0.0679479,0.00651489,-0.0623445,0.493134,0.506718,0.525588,0.52242,0.537246
1510,0,1,1,0,0,1,0,0,0,1,1,0,0,-0.0451358,0.0198602,-0.0361923,0.575066,0.512143,0.576684,0.519719,0.554531
1511,1,1,1,0,0,1,0,0,0,1,1,0,0,-0.050323,0.0132303,-0.0495181,0.575066,0.51208,0.576684,0.534579,0.546221
1512,0,0,0,1,0,1,0,0,0,1,1,0,0,-0.058597,0.016189,-0.0511371,0.493134,0.507209,0.525588,0.530789,0.530914
1513,0,1,0,1,0,1,0,0,0,1,1,0,0,-0.0409056,0.0234954,-0.0338362,0.594256,0.512809,0.601412,0.54051,0.541097
1514,1,1,0,1,0,1,0,0,0,1,1,0,0,-0.0462327,0.0159824,-0.047517,0.594256,0.51316,0.601412,0.539124,0.533021
1515,0,0,1,1,0,1,0,0,0,1,1,0,0,-0.059171,0.015124,-0.0480005,0.493134,0.511898,0.525588,0.525439,0.543163
1516,1,0,1,1,0,1,0,0,0,1,1,0,0,-0.0655504,0.00751508,-0.0601455,0.493134,0.512403,0.525588,0.525102,0.540707
1517,0,1,1,1,0,1,0,0,0,1,1,0,0,-0.0426393,0.0207143,-0.0326146,0.575066,0.513812,0.576684,0.526105,0.552477
1518,1,1,1,1,0,1,0,0,0,1,1,0,0,-0.0478266,0.0141254,-0.0459405,0.575066,0.51406,0.576684,0.53073,0.550571
1519,0,0,0,0,1,1,0,0,0,1,1,0,0,-0.0588124,0.0142676,-0.0577746,0.493134,0.499456,0.515846,0.544874,0.510322
1520,1,0,0,0,1,1,0,0,0,1,1,0,0,-0.0655281,0.00552566,-0.0697064,0.493134,0.50494,0.515846,0.528275,0.519868
1521,0,1,0,0,1,1,0,0,0,1,1,0,0,-0.0415913,0.0212878,-0.0407746,0.594256,0.51003,0.601412,0.558592,0.517407
1522,1,1,0,0,1,1,0,0,0,1,1,0,0,-0.0469184,0.013759,-0.0544551,0.594256,0.511628,0.601412,0.565006,0.51839
1523,0,0,1,0,1,1,0,0,0,1,1,0,0,-0.0588608,0.0136535,-0.053217,0.493134,0.509065,0.515846,0.536526,0.527707
1524,1,0,1,0,1,1,0,0,0,1,1,0,0,-0.0652402,0.00601156,-0.0653617,0.493134,0.510849,0.515846,0.528644,0.518626
1525,0,1,1,0,1,1,0,0,0,1,1,0,0,-0.0424276,0.0193361,-0.0392097,0.575066,0.512883,0.576684,0.531516,0.53865
1526,1,1,1,0,1,1,0,0,0,1,1,0,0,-0.0476149,0.0127177,-0.0525354,0.575066,0.513481,0.576684,0.540822,0.530149
1527,1,0,0,1,1,1,0,0,0,1,1,0,0,-0.0636113,0.00652458,-0.065078,0.493134,0.511616,0.515846,0.524139,0.516738
1528,0,1,0,1,1,1,0,0,0,1,1,0,0,-0.0392039,0.0225327,-0.0358454,0.594256,0.513206,0.601412,0.547901,0.524906
1529,1,1,0,1,1,1,0,0,0,1,1,0,0,-0.044531,0.0150295,-0.0495259,0.594256,0.5139,0.601412,0.547901,0.517838
1530,0,0,1,1,1,1,0,0,0,1,1,0,0,-0.057151,0.0148057,-0.0499863,0.493134,0.512694,0.515846,0.539372,0.531662
1531,1,0,1,1,1,1,0,0,0,1,1,0,0,-0.0635305,0.00720865,-0.0621311,0.493134,0.513554,0.515846,0.536582,0.526557
1532,0,1,1,1,1,1,0,0,0,1,1,0,0,-0.0406191,0.0203895,-0.0346005,0.575066,0.514129,0.576684,0.53431,0.538293
1533,1,1,1,1,1,1,0,0,0,1,1,0,0,-0.0458063,0.0138093,-0.0479262,0.575066,0.514426,0.576684,0.534759,0.536274
1534,0,0,0,0,0,0,1,0,0,1,1,0,0,-0.0627867,0.0105897,-0.0573487,0.458172,0.479957,0.407193,0.507873,0.546102
1535,1,1,0,0,0,0,1,0,0,1,1,0,0,-0.0508931,0.0100677,-0.0540292,0.567939,0.507179,0.514183,0.530928,0.542114
1536,0,0,1,0,0,0,1,0,0,1,1,0,0,-0.0629483,0.0104606,-0.052623,0.458172,0.501652,0.407193,0.503383,0.562327
1537,1,0,1,0,0,0,1,0,0,1,1,0,0,-0.0693276,0.00279336,-0.0647679,0.458172,0.505179,0.407193,0.515639,0.554965
1538,0,1,1,0,0,0,1,0,0,1,1,0,0,-0.0465155,0.0161444,-0.0386157,0.548749,0.510256,0.489455,0.508861,0.570495
1539,1,1,1,0,0,0,1,0,0,1,1,0,0,-0.0517027,0.00950772,-0.0519415,0.548749,0.511509,0.489455,0.5308,0.562126
1540,0,0,0,1,0,0,1,0,0,1,1,0,0,-0.0599628,0.0122765,-0.0541614,0.458172,0.503819,0.407193,0.542934,0.549182
1541,1,0,0,1,0,0,1,0,0,1,1,0,0,-0.0666784,0.00354002,-0.0660935,0.458172,0.507789,0.407193,0.542934,0.543163
1542,0,1,0,1,0,0,1,0,0,1,1,0,0,-0.0422715,0.019574,-0.0368607,0.567939,0.511643,0.514183,0.538158,0.558461
1543,1,1,0,1,0,0,1,0,0,1,1,0,0,-0.0475986,0.0120555,-0.0505414,0.567939,0.51276,0.514183,0.538158,0.552206
1544,0,0,1,1,0,0,1,0,0,1,1,0,0,-0.0605369,0.011214,-0.0510248,0.458172,0.510622,0.407193,0.53483,0.557499
1545,1,0,1,1,0,0,1,0,0,1,1,0,0,-0.0669162,0.00359478,-0.0631699,0.458172,0.511983,0.407193,0.53483,0.557234
1546,0,1,1,1,0,0,1,0,0,1,1,0,0,-0.0440052,0.0167992,-0.035639,0.548749,0.51333,0.489455,0.528004,0.566031
1547,1,1,1,1,0,0,1,0,0,1,1,0,0,-0.0491925,0.0102035,-0.0489648,0.548749,0.513888,0.489455,0.532299,0.565635
1548,0,0,0,0,1,0,1,0,0,1,1,0,0,-0.0632778,0.00979529,-0.0608356,0.458172,0.493444,0.39745,0.529889,0.529648
1549,1,0,0,0,1,0,1,0,0,1,1,0,0,-0.0699934,0.00104359,-0.0727674,0.458172,0.503132,0.39745,0.54312,0.519385
1550,0,1,0,0,1,0,1,0,0,1,1,0,0,-0.0460572,0.0168132,-0.0438357,0.567939,0.507845,0.514183,0.539672,0.540192
1551,1,1,0,0,1,0,1,0,0,1,1,0,0,-0.0513843,0.00927785,-0.0575161,0.567939,0.510957,0.514183,0.566629,0.526937
1552,0,0,1,0,1,0,1,0,0,1,1,0,0,-0.0633264,0.00918327,-0.0562779,0.458172,0.50683,0.39745,0.53403,0.546684
1553,1,0,1,0,1,0,1,0,0,1,1,0,0,-0.0697057,0.0015315,-0.0684227,0.458172,0.51016,0.39745,0.551857,0.541384
1554,0,1,1,0,1,0,1,0,0,1,1,0,0,-0.0468937,0.0148638,-0.0422707,0.548749,0.512038,0.489455,0.542053,0.555855
1555,1,1,1,0,1,0,1,0,0,1,1,0,0,-0.0520809,0.00823886,-0.0555963,0.548749,0.513212,0.489455,0.558489,0.550297
1556,0,0,0,1,1,0,1,0,0,1,1,0,0,-0.0611269,0.0104601,-0.0570418,0.458172,0.508201,0.39745,0.536815,0.532662
1557,1,0,0,1,1,0,1,0,0,1,1,0,0,-0.0678426,0.00173681,-0.0689737,0.458172,0.511314,0.39745,0.534112,0.525503
1558,0,1,0,1,1,0,1,0,0,1,1,0,0,-0.0434358,0.0177472,-0.0397412,0.567939,0.512849,0.514183,0.544206,0.542777
1559,1,1,0,1,1,0,1,0,0,1,1,0,0,-0.0487629,0.0102398,-0.0534217,0.567939,0.513777,0.514183,0.553246,0.536882
1560,0,0,1,1,1,0,1,0,0,1,1,0,0,-0.0613825,0.0100316,-0.053882,0.458172,0.512331,0.39745,0.542543,0.542743
1561,1,0,1,1,1,0,1,0,0,1,1,0,0,-0.0677619,0.00242781,-0.0660269,0.458172,0.513437,0.39745,0.540736,0.542225
1562,0,1,1,1,1,0,1,0,0,1,1,0,0,-0.0448511,0.0156127,-0.0384963,0.548749,0.513979,0.489455,0.539602,0.551924
1563,1,1,1,1,1,0,1,0,0,1,1,0,0,-0.0500383,0.00902912,-0.0518219,0.548749,0.514372,0.489455,0.547201,0.551948
1564,0,0,0,0,0,1,1,0,0,1,1,0,0,-0.0619097,0.0121584,-0.0557549,0.470597,0.504236,0.444268,0.536756,0.523034
1565,1,0,0,0,0,1,1,0,0,1,1,0,0,-0.0686252,0.00339557,-0.067687,0.470597,0.506393,0.444268,0.535017,0.523031
1566,0,1,0,0,0,1,1,0,0,1,1,0,0,-0.044689,0.0191932,-0.0387548,0.580364,0.511164,0.527057,0.546022,0.531491
1567,1,1,0,0,0,1,1,0,0,1,1,0,0,-0.0500161,0.0116468,-0.0524355,0.580364,0.511917,0.527057,0.546022,0.52953
1568,0,0,1,0,0,1,1,0,0,1,1,0,0,-0.0620713,0.0120379,-0.0510293,0.470597,0.510817,0.444268,0.528216,0.545793
1569,1,0,1,0,0,1,1,0,0,1,1,0,0,-0.0684506,0.00437587,-0.0631743,0.470597,0.511371,0.444268,0.525832,0.533481
1570,0,1,1,0,0,1,1,0,0,1,1,0,0,-0.0456385,0.0177284,-0.0370219,0.561174,0.513294,0.502329,0.520887,0.552855
1571,1,1,1,0,0,1,1,0,0,1,1,0,0,-0.0508258,0.011095,-0.0503477,0.561174,0.51358,0.502329,0.52134,0.543745
1572,0,0,0,1,0,1,1,0,0,1,1,0,0,-0.0590997,0.014035,-0.0519667,0.470597,0.511122,0.444268,0.547769,0.531203
1573,1,0,0,1,0,1,1,0,0,1,1,0,0,-0.0658154,0.00530368,-0.0638989,0.470597,0.512186,0.444268,0.545965,0.521767
1574,0,1,0,1,0,1,1,0,0,1,1,0,0,-0.0414084,0.0213446,-0.0346658,0.580364,0.513554,0.527057,0.542007,0.542027
1575,1,1,0,1,0,1,1,0,0,1,1,0,0,-0.0467355,0.0138287,-0.0483466,0.580364,0.513962,0.527057,0.542007,0.529412
1576,0,0,1,1,0,1,1,0,0,1,1,0,0,-0.0596737,0.0129763,-0.0488301,0.470597,0.513412,0.444268,0.541236,0.547434
1577,1,0,1,1,0,1,1,0,0,1,1,0,0,-0.0660531,0.0053626,-0.0609752,0.470597,0.513761,0.444268,0.540972,0.54246
1578,0,1,1,1,0,1,1,0,0,1,1,0,0,-0.0431421,0.0185694,-0.0334441,0.561174,0.514255,0.502329,0.532939,0.556196
1579,1,1,1,1,0,1,1,0,0,1,1,0,0,-0.0483294,0.011977,-0.04677,0.561174,0.514447,0.502329,0.532939,0.551712
1580,0,0,0,0,1,1,1,0,0,1,1,0,0,-0.0607099,0.0118201,-0.0582105,0.470597,0.505538,0.434526,0.541118,0.520281
1581,1,0,0,0,1,1,1,0,0,1,1,0,0,-0.0674255,0.00307544,-0.0701424,0.470597,0.509804,0.434526,0.536492,0.528758
1582,0,1,0,0,1,1,1,0,0,1,1,0,0,-0.043489,0.0188439,-0.0412104,0.580364,0.511584,0.527057,0.538733,0.522579
1583,1,1,0,0,1,1,1,0,0,1,1,0,0,-0.0488161,0.0113125,-0.054891,0.580364,0.513081,0.527057,0.538733,0.525988
1584,0,0,1,0,1,1,1,0,0,1,1,0,0,-0.0607583,0.0112131,-0.0536528,0.470597,0.511365,0.434526,0.534633,0.528006
1585,1,0,1,0,1,1,1,0,0,1,1,0,0,-0.0671377,0.003567,-0.0657977,0.470597,0.512842,0.434526,0.534633,0.523291
1586,0,1,1,0,1,1,1,0,0,1,1,0,0,-0.0443254,0.0168985,-0.0396456,0.561174,0.513563,0.502329,0.530661,0.538087
1587,1,1,1,0,1,1,1,0,0,1,1,0,0,-0.0495126,0.0102769,-0.0529712,0.561174,0.514115,0.502329,0.534883,0.528567
1588,0,0,0,1,1,1,1,0,0,1,1,0,0,-0.0587931,0.0127742,-0.0535819,0.470597,0.511579,0.434526,0.548793,0.518957
1589,1,0,0,1,1,1,1,0,0,1,1,0,0,-0.0655088,0.00405572,-0.065514,0.470597,0.513171,0.434526,0.539875,0.526678
1590,1,1,0,1,1,1,1,0,0,1,1,0,0,-0.0464287,0.0125647,-0.0499618,0.580364,0.514278,0.527057,0.545503,0.524755
1591,0,0,1,1,1,1,1,0,0,1,1,0,0,-0.0590486,0.0123469,-0.0504222,0.470597,0.513611,0.434526,0.543329,0.534726
1592,1,0,1,1,1,1,1,0,0,1,1,0,0,-0.065428,0.00474567,-0.0625671,0.470597,0.51418,0.434526,0.543329,0.528262
1593,0,1,1,1,1,1,1,0,0,1,1,0,0,-0.0425169,0.017934,-0.0350363,0.561174,0.514382,0.502329,0.538033,0.542878
1594,1,1,1,1,1,1,1,0,0,1,1,0,0,-0.0477041,0.0113505,-0.048362,0.561174,0.514599,0.502329,0.538033,0.536893
1595,0,0,0,0,0,0,0,1,0,1,1,0,0,-0.0582581,0.014686,-0.055818,0.488499,0.486143,0.488513,0.517872,0.559268
1596,1,0,0,0,0,0,0,1,0,1,1,0,0,-0.0649735,0.00591502,-0.0677498,0.488499,0.493939,0.488513,0.517162,0.554662
1597,0,1,0,0,0,0,0,1,0,1,1,0,0,-0.0410375,0.0217004,-0.0388181,0.58962,0.508105,0.59355,0.536286,0.56876
1598,1,1,0,0,0,0,0,1,0,1,1,0,0,-0.0463645,0.0141466,-0.0524987,0.58962,0.508902,0.59355,0.548325,0.5636
1599,0,0,1,0,0,0,0,1,0,1,1,0,0,-0.0584197,0.0145453,-0.0510924,0.488499,0.503954,0.488513,0.51867,0.567995
1600,1,0,1,0,0,0,0,1,0,1,1,0,0,-0.0647988,0.00686878,-0.0632372,0.488499,0.506262,0.488513,0.533201,0.567233
1601,0,1,1,0,0,0,0,1,0,1,1,0,0,-0.0419869,0.0202201,-0.0370853,0.57043,0.511771,0.568823,0.530946,0.576696
1602,1,1,1,0,0,0,0,1,0,1,1,0,0,-0.0471741,0.0135736,-0.050411,0.57043,0.512178,0.568823,0.544201,0.57598
1603,0,0,0,1,0,0,0,1,0,1,1,0,0,-0.0554341,0.0163742,-0.0526309,0.488499,0.505566,0.488513,0.540978,0.554464
1604,1,0,0,1,0,0,0,1,0,1,1,0,0,-0.0621496,0.0076344,-0.0645628,0.488499,0.508814,0.488513,0.535129,0.554207
1605,0,1,0,1,0,0,0,1,0,1,1,0,0,-0.037743,0.0236601,-0.0353303,0.58962,0.513177,0.59355,0.538914,0.564353
1606,1,1,0,1,0,0,0,1,0,1,1,0,0,-0.04307,0.0161367,-0.0490109,0.58962,0.513502,0.59355,0.541053,0.563893
1607,0,0,1,1,0,0,0,1,0,1,1,0,0,-0.0560082,0.0152938,-0.0494943,0.488499,0.511272,0.488513,0.538087,0.560772
1608,1,0,1,1,0,0,0,1,0,1,1,0,0,-0.0623874,0.0076655,-0.0616392,0.488499,0.512375,0.488513,0.534374,0.562465
1609,0,1,1,1,0,0,0,1,0,1,1,0,0,-0.0394767,0.02087,-0.0341086,0.57043,0.513897,0.568823,0.539113,0.56988
1610,1,1,1,1,0,0,0,1,0,1,1,0,0,-0.0446639,0.0142645,-0.0474344,0.57043,0.514169,0.568823,0.551779,0.571416
1611,0,0,0,0,1,0,0,1,0,1,1,0,0,-0.0582888,0.0144365,-0.0595092,0.488499,0.499558,0.478771,0.532162,0.5448
1612,1,0,0,0,1,0,0,1,0,1,1,0,0,-0.0650043,0.00568039,-0.0714408,0.488499,0.505551,0.478771,0.533178,0.539689
1613,0,1,0,0,1,0,0,1,0,1,1,0,0,-0.0410683,0.0214423,-0.0425094,0.58962,0.510716,0.59355,0.551728,0.555012
1614,1,1,0,0,1,0,0,1,0,1,1,0,0,-0.0463953,0.0139015,-0.0561898,0.58962,0.512096,0.59355,0.55312,0.55039
1615,0,0,1,0,1,0,0,1,0,1,1,0,0,-0.0583373,0.0138076,-0.0549515,0.488499,0.509089,0.478771,0.538,0.553325
1616,1,0,1,0,1,0,0,1,0,1,1,0,0,-0.0647165,0.0061457,-0.0670962,0.488499,0.511078,0.478771,0.537894,0.553281
1617,0,1,1,0,1,0,0,1,0,1,1,0,0,-0.0419046,0.0194795,-0.0409445,0.57043,0.5131,0.568823,0.551608,0.562751
1618,1,1,1,0,1,0,0,1,0,1,1,0,0,-0.0470917,0.0128443,-0.0542701,0.57043,0.513644,0.568823,0.554232,0.562598
1619,0,0,0,1,1,0,0,1,0,1,1,0,0,-0.0561378,0.0151068,-0.0557155,0.488499,0.509957,0.478771,0.522196,0.53939
1620,1,0,0,1,1,0,0,1,0,1,1,0,0,-0.0628534,0.00637913,-0.0676473,0.488499,0.512101,0.478771,0.52219,0.539722
1621,0,1,0,1,1,0,0,1,0,1,1,0,0,-0.0384468,0.0223824,-0.038415,0.58962,0.513803,0.59355,0.535518,0.549815
1622,1,1,0,1,1,0,0,1,0,1,1,0,0,-0.0437738,0.0148696,-0.0520955,0.58962,0.514194,0.59355,0.540437,0.550063
1623,0,0,1,1,1,0,0,1,0,1,1,0,0,-0.0563934,0.0146586,-0.0525558,0.488499,0.512979,0.478771,0.530088,0.546655
1624,1,0,1,1,1,0,0,1,0,1,1,0,0,-0.0627726,0.00704489,-0.0647005,0.488499,0.513732,0.478771,0.530446,0.54779
1625,0,1,1,1,1,0,0,1,0,1,1,0,0,-0.039862,0.020231,-0.0371701,0.57043,0.514331,0.568823,0.538638,0.556332
1626,1,1,1,1,1,0,0,1,0,1,1,0,0,-0.0450491,0.0136372,-0.0504958,0.57043,0.514528,0.568823,0.543854,0.557285
1627,0,0,0,0,0,1,0,1,0,1,1,0,0,-0.0583022,0.0171682,-0.0523057,0.500924,0.507318,0.525588,0.535062,0.545805
1628,1,0,0,0,0,1,0,1,0,1,1,0,0,-0.0650176,0.00840291,-0.0642376,0.500924,0.507725,0.525588,0.523254,0.535445
1629,0,1,0,0,0,1,0,1,0,1,1,0,0,-0.0410816,0.0241928,-0.0353056,0.602045,0.512798,0.606424,0.532595,0.555123
1630,1,1,0,0,0,1,0,1,0,1,1,0,0,-0.0464086,0.0166431,-0.0489863,0.602045,0.512611,0.606424,0.541945,0.545509
1631,0,0,1,0,0,1,0,1,0,1,1,0,0,-0.0584638,0.0170409,-0.0475801,0.500924,0.51196,0.525588,0.528612,0.559377
1632,1,0,1,0,0,1,0,1,0,1,1,0,0,-0.0648429,0.00937358,-0.059725,0.500924,0.511889,0.525588,0.529165,0.555382
1633,0,1,1,0,0,1,0,1,0,1,1,0,0,-0.0420311,0.0227232,-0.0335728,0.582855,0.513901,0.581696,0.526583,0.567843
1634,1,1,1,0,0,1,0,1,0,1,1,0,0,-0.0472183,0.016084,-0.0468987,0.582855,0.513848,0.581696,0.542215,0.564679
1635,0,0,0,1,0,1,0,1,0,1,1,0,0,-0.0554922,0.0190502,-0.0485175,0.500924,0.512083,0.525588,0.540302,0.546332
1636,1,0,0,1,0,1,0,1,0,1,1,0,0,-0.0622077,0.0103165,-0.0604495,0.500924,0.51269,0.525588,0.539542,0.541686
1637,0,1,0,1,0,1,0,1,0,1,1,0,0,-0.037801,0.0263506,-0.0312167,0.602045,0.514158,0.606424,0.536993,0.555888
1638,1,1,0,1,0,1,0,1,0,1,1,0,0,-0.0431281,0.0188313,-0.0448974,0.602045,0.514253,0.606424,0.536993,0.551964
1639,0,0,1,1,0,1,0,1,0,1,1,0,0,-0.0560662,0.0179802,-0.0453809,0.500924,0.513769,0.525588,0.537018,0.554031
1640,1,0,1,1,0,1,0,1,0,1,1,0,0,-0.0624454,0.0103613,-0.0575259,0.500924,0.513952,0.525588,0.536703,0.554169
1641,0,1,1,1,0,1,0,1,0,1,1,0,0,-0.0395347,0.0235657,-0.029995,0.582855,0.514478,0.581696,0.533332,0.562764
1642,1,1,1,1,0,1,0,1,0,1,1,0,0,-0.0447219,0.0169675,-0.0433209,0.582855,0.514557,0.581696,0.54027,0.562844
1643,0,0,0,0,1,1,0,1,0,1,1,0,0,-0.0557076,0.0171535,-0.055155,0.500924,0.509221,0.515846,0.53309,0.528891
1644,1,0,0,0,1,1,0,1,0,1,1,0,0,-0.0624232,0.00840568,-0.0670868,0.500924,0.511232,0.515846,0.525446,0.520783
1645,0,1,0,0,1,1,0,1,0,1,1,0,0,-0.0384867,0.0241666,-0.038155,0.602045,0.513118,0.606424,0.548464,0.540625
1646,1,1,0,0,1,1,0,1,0,1,1,0,0,-0.0438137,0.0166315,-0.0518355,0.602045,0.513679,0.606424,0.549611,0.530024
1647,0,0,1,0,1,1,0,1,0,1,1,0,0,-0.055756,0.0165354,-0.0505974,0.500924,0.512723,0.515846,0.546608,0.544678
1648,1,0,1,0,1,1,0,1,0,1,1,0,0,-0.0621353,0.00888332,-0.0627421,0.500924,0.513377,0.515846,0.539965,0.540284
1649,0,1,1,0,1,1,0,1,0,1,1,0,0,-0.039323,0.0222124,-0.0365902,0.582855,0.51413,0.581696,0.541587,0.554462
1650,1,1,1,0,1,1,0,1,0,1,1,0,0,-0.0445102,0.0155845,-0.0499159,0.582855,0.51434,0.581696,0.557596,0.550397
1651,0,0,0,1,1,1,0,1,0,1,1,0,0,-0.0537908,0.0181153,-0.0505265,0.500924,0.512761,0.515846,0.528464,0.535114
1652,1,0,0,1,1,1,0,1,0,1,1,0,0,-0.0605064,0.00939376,-0.0624584,0.500924,0.513662,0.515846,0.51952,0.528622
1653,0,1,0,1,1,1,0,1,0,1,1,0,0,-0.0360993,0.0254016,-0.0332258,0.602045,0.514252,0.606424,0.539433,0.542403
1654,1,1,0,1,1,1,0,1,0,1,1,0,0,-0.0414263,0.0178921,-0.0469064,0.602045,0.514497,0.606424,0.533345,0.538574
1655,0,0,1,1,1,1,0,1,0,1,1,0,0,-0.0540462,0.0176764,-0.0473668,0.500924,0.514046,0.515846,0.539161,0.542381
1656,1,0,1,1,1,1,0,1,0,1,1,0,0,-0.0604255,0.0100693,-0.0595116,0.500924,0.514362,0.515846,0.534826,0.54382
1657,0,1,1,1,1,1,0,1,0,1,1,0,0,-0.0375145,0.0232555,-0.031981,0.582855,0.514575,0.581696,0.53823,0.548717
1658,1,1,1,1,1,1,0,1,0,1,1,0,0,-0.0427016,0.0166658,-0.0453067,0.582855,0.514681,0.581696,0.546784,0.549764
1659,0,0,0,0,0,0,1,1,0,1,1,0,0,-0.0605077,0.0124895,-0.0555024,0.458172,0.502124,0.407193,0.539454,0.562718
1660,1,0,0,0,0,0,1,1,0,1,1,0,0,-0.0672231,0.00371518,-0.0674343,0.458172,0.506264,0.407193,0.54229,0.553758
1661,0,1,0,0,0,0,1,1,0,1,1,0,0,-0.0432873,0.0195081,-0.0385024,0.567939,0.511024,0.519195,0.542305,0.570707
1662,1,1,0,0,0,0,1,1,0,1,1,0,0,-0.0486143,0.0119522,-0.052183,0.567939,0.512107,0.519195,0.547057,0.561426
1663,0,0,1,0,0,0,1,1,0,1,1,0,0,-0.0606694,0.0123562,-0.0507768,0.458172,0.510025,0.407193,0.529339,0.572316
1664,1,0,1,0,0,0,1,1,0,1,1,0,0,-0.0670485,0.00467801,-0.0629217,0.458172,0.511324,0.407193,0.529339,0.571236
1665,0,1,1,0,0,0,1,1,0,1,1,0,0,-0.0442368,0.0180334,-0.0367695,0.548749,0.513206,0.494467,0.524971,0.580181
1666,1,1,1,0,0,0,1,1,0,1,1,0,0,-0.0494239,0.0113866,-0.0500952,0.548749,0.513639,0.494467,0.535027,0.579122
1667,0,0,0,1,0,0,1,1,0,1,1,0,0,-0.0576838,0.0141659,-0.0523151,0.458172,0.510829,0.407193,0.550125,0.560238
1668,1,0,0,1,0,0,1,1,0,1,1,0,0,-0.0643993,0.00542268,-0.0642472,0.458172,0.512293,0.407193,0.550125,0.55892
1669,0,1,0,1,0,0,1,1,0,1,1,0,0,-0.0399928,0.021456,-0.0350144,0.567939,0.513729,0.519195,0.547182,0.569
1670,1,1,0,1,0,0,1,1,0,1,1,0,0,-0.0453199,0.0139304,-0.0486951,0.567939,0.514107,0.519195,0.547182,0.568203
1671,0,0,1,1,0,0,1,1,0,1,1,0,0,-0.0582579,0.0130978,-0.0491785,0.458172,0.513297,0.407193,0.540082,0.567033
1672,1,0,1,1,0,0,1,1,0,1,1,0,0,-0.0646372,0.00546775,-0.0613236,0.458172,0.513799,0.407193,0.540082,0.567357
1673,0,1,1,1,0,0,1,1,0,1,1,0,0,-0.0417265,0.018677,-0.0337927,0.548749,0.514301,0.494467,0.532039,0.575047
1674,1,1,1,1,0,0,1,1,0,1,1,0,0,-0.0469137,0.0120711,-0.0471186,0.548749,0.514494,0.494467,0.533007,0.575306
1675,0,0,0,0,1,0,1,1,0,1,1,0,0,-0.0609988,0.0117105,-0.0589893,0.458172,0.507002,0.39745,0.53836,0.547996
1676,1,0,0,0,1,0,1,1,0,1,1,0,0,-0.0677143,0.00295198,-0.0709211,0.458172,0.510568,0.39745,0.533443,0.541376
1677,0,1,0,0,1,0,1,1,0,1,1,0,0,-0.0437785,0.0187201,-0.0419894,0.567939,0.512313,0.519195,0.551683,0.557558
1678,1,1,0,0,1,0,1,1,0,1,1,0,0,-0.0491055,0.0111777,-0.0556698,0.567939,0.513433,0.519195,0.56089,0.550473
1679,0,0,1,0,1,0,1,1,0,1,1,0,0,-0.0610475,0.0110939,-0.0544316,0.458172,0.511898,0.39745,0.53609,0.559064
1680,1,0,1,0,1,0,1,1,0,1,1,0,0,-0.0674267,0.00343115,-0.0665764,0.458172,0.513124,0.39745,0.53182,0.557312
1681,0,1,1,0,1,0,1,1,0,1,1,0,0,-0.0446149,0.0167679,-0.0404245,0.548749,0.513819,0.494467,0.543632,0.56741
1682,1,1,1,0,1,0,1,1,0,1,1,0,0,-0.0498021,0.0101328,-0.0537501,0.548749,0.514242,0.494467,0.547909,0.566442
1683,0,0,0,1,1,0,1,1,0,1,1,0,0,-0.0588479,0.0123642,-0.0551955,0.458172,0.512405,0.39745,0.541088,0.546474
1684,1,0,0,1,1,0,1,1,0,1,1,0,0,-0.0655634,0.00363415,-0.0671275,0.458172,0.513552,0.39745,0.537968,0.544062
1685,0,1,0,1,1,0,1,1,0,1,1,0,0,-0.0411571,0.019644,-0.0378949,0.567939,0.514121,0.519195,0.548972,0.555857
1686,1,1,0,1,1,0,1,1,0,1,1,0,0,-0.0464841,0.0121295,-0.0515754,0.567939,0.514452,0.519195,0.558709,0.554158
1687,0,0,1,1,1,0,1,1,0,1,1,0,0,-0.0591036,0.0119306,-0.0520357,0.458172,0.513912,0.39745,0.545161,0.553154
1688,1,0,1,1,1,0,1,1,0,1,1,0,0,-0.0654828,0.00431595,-0.0641806,0.458172,0.514319,0.39745,0.542925,0.554073
1689,0,1,1,1,1,0,1,1,0,1,1,0,0,-0.0425723,0.0175057,-0.03665,0.548749,0.51452,0.494467,0.550869,0.561743
1690,1,1,1,1,1,0,1,1,0,1,1,0,0,-0.0477595,0.010912,-0.0499757,0.548749,0.514661,0.494467,0.554921,0.562553
1691,0,0,0,0,0,1,1,1,0,1,1,0,0,-0.0591134,0.014497,-0.0527909,0.470597,0.510972,0.444268,0.542227,0.546099
1692,1,0,0,0,0,1,1,1,0,1,1,0,0,-0.0658289,0.00572813,-0.0647229,0.470597,0.511768,0.444268,0.542227,0.534036
1693,0,1,0,0,0,1,1,1,0,1,1,0,0,-0.041893,0.0215258,-0.0357907,0.580364,0.513533,0.532069,0.536709,0.553639
1694,1,1,0,0,0,1,1,1,0,1,1,0,0,-0.0472199,0.0139734,-0.0494714,0.580364,0.513786,0.532069,0.536709,0.544706
1695,0,0,1,0,0,1,1,1,0,1,1,0,0,-0.0592751,0.0143748,-0.0480652,0.470597,0.513365,0.444268,0.53189,0.56226
1696,1,0,1,0,0,1,1,1,0,1,1,0,0,-0.0656543,0.00670392,-0.0602102,0.470597,0.513569,0.444268,0.529507,0.555239
1697,0,1,1,0,0,1,1,1,0,1,1,0,0,-0.0428425,0.0200601,-0.0340578,0.561174,0.51428,0.507341,0.525292,0.570373
1698,1,1,1,0,0,1,1,1,0,1,1,0,0,-0.0480296,0.0134187,-0.0473837,0.561174,0.514377,0.507341,0.525292,0.562936
1699,0,0,0,1,0,1,1,1,0,1,1,0,0,-0.0563034,0.0163617,-0.0490026,0.470597,0.513479,0.444268,0.549525,0.549508
1700,1,0,0,1,0,1,1,1,0,1,1,0,0,-0.0630189,0.00762439,-0.0609348,0.470597,0.513872,0.444268,0.549525,0.54391
1701,0,1,0,1,0,1,1,1,0,1,1,0,0,-0.0386123,0.0236664,-0.0317017,0.580364,0.51438,0.532069,0.542849,0.558667
1702,1,1,0,1,0,1,1,1,0,1,1,0,0,-0.0439394,0.0161445,-0.0453825,0.580364,0.51452,0.532069,0.542849,0.552737
1703,0,0,1,1,0,1,1,1,0,1,1,0,0,-0.0568775,0.0153013,-0.045866,0.470597,0.51431,0.444268,0.541808,0.559512
1704,1,0,1,1,0,1,1,1,0,1,1,0,0,-0.0632568,0.00767881,-0.0580111,0.470597,0.514438,0.444268,0.541808,0.558273
1705,0,1,1,1,0,1,1,1,0,1,1,0,0,-0.0403461,0.0208903,-0.03048,0.561174,0.514622,0.507341,0.534086,0.567255
1706,1,1,1,1,0,1,1,1,0,1,1,0,0,-0.0455333,0.0142899,-0.0438059,0.561174,0.514688,0.507341,0.534086,0.566969
1707,0,0,0,0,1,1,1,1,0,1,1,0,0,-0.0579137,0.0141704,-0.0552464,0.470597,0.511422,0.434526,0.550125,0.530383
1708,1,0,0,0,1,1,1,1,0,1,1,0,0,-0.0646292,0.00541959,-0.0671783,0.470597,0.512992,0.434526,0.538082,0.527394
1709,0,1,0,0,1,1,1,1,0,1,1,0,0,-0.040693,0.0211883,-0.0382463,0.580364,0.513649,0.532069,0.546297,0.54004
1710,1,1,0,0,1,1,1,1,0,1,1,0,0,-0.04602,0.0136508,-0.0519269,0.580364,0.514192,0.532069,0.551749,0.531689
1711,1,0,1,0,1,1,1,1,0,1,1,0,0,-0.0643414,0.00590696,-0.0628336,0.470597,0.514099,0.434526,0.548805,0.541529
1712,0,1,1,0,1,1,1,1,0,1,1,0,0,-0.0415294,0.0192422,-0.0366814,0.561174,0.514365,0.507341,0.538816,0.556575
1713,1,1,1,0,1,1,1,1,0,1,1,0,0,-0.0467165,0.0126126,-0.0500072,0.561174,0.514565,0.507341,0.550862,0.55147
1714,0,0,0,1,1,1,1,1,0,1,1,0,0,-0.0559968,0.0151124,-0.0506179,0.470597,0.513635,0.434526,0.550125,0.537968
1715,1,0,0,1,1,1,1,1,0,1,1,0,0,-0.0627124,0.00638787,-0.0625499,0.470597,0.514221,0.434526,0.539707,0.531612
1716,0,1,0,1,1,1,1,1,0,1,1,0,0,-0.0383056,0.0224039,-0.033317,0.580364,0.514427,0.532069,0.546692,0.54643
1717,1,1,0,1,1,1,1,1,0,1,1,0,0,-0.0436326,0.014892,-0.0469977,0.580364,0.514626,0.532069,0.550536,0.540296
1718,0,0,1,1,1,1,1,1,0,1,1,0,0,-0.0562524,0.0146845,-0.0474581,0.470597,0.514378,0.434526,0.550274,0.550278
1719,1,0,1,1,1,1,1,1,0,1,1,0,0,-0.0626316,0.00707439,-0.059603,0.470597,0.514587,0.434526,0.553576,0.548075
1720,0,1,1,1,1,1,1,1,0,1,1,0,0,-0.0397208,0.0202674,-0.0320722,0.561174,0.514662,0.507341,0.545714,0.555378
1721,1,1,1,1,1,1,1,1,0,1,1,0,0,-0.044908,0.013676,-0.045398,0.561174,0.514741,0.507341,0.550489,0.554181
1722,1,0,0,0,0,0,0,0,1,1,1,0,0,-0.0679898,0.003316,-0.0670119,0.480709,0.494003,0.488513,0.507747,0.545813
1723,0,1,0,0,0,0,0,0,1,1,1,0,0,-0.0440537,0.0191067,-0.0380802,0.572866,0.509187,0.582218,0.537165,0.557372
1724,1,1,0,0,0,0,0,0,1,1,1,0,0,-0.0493808,0.011557,-0.0517607,0.572866,0.508886,0.582218,0.576765,0.556106
1725,0,0,1,0,0,0,0,0,1,1,1,0,0,-0.0614359,0.011948,-0.0503544,0.480709,0.505275,0.488513,0.502632,0.555218
1726,1,0,1,0,0,0,0,0,1,1,1,0,0,-0.0678151,0.00428002,-0.0624993,0.480709,0.506344,0.488513,0.539125,0.555619
1727,0,1,1,0,0,0,0,0,1,1,1,0,0,-0.0450032,0.0176303,-0.0363472,0.553676,0.512093,0.55749,0.537016,0.564787
1728,1,1,1,0,0,0,0,0,1,1,1,0,0,-0.0501904,0.0109892,-0.049673,0.553676,0.512175,0.55749,0.564839,0.565011
1729,0,0,0,1,0,0,0,0,1,1,1,0,0,-0.0584505,0.0137662,-0.0518928,0.480709,0.507128,0.488513,0.533597,0.541435
1730,1,0,0,1,0,0,0,0,1,1,1,0,0,-0.065166,0.00503227,-0.0638249,0.480709,0.509134,0.488513,0.541872,0.541777
1731,0,1,0,1,0,0,0,0,1,1,1,0,0,-0.0407592,0.0210658,-0.0345923,0.572866,0.513404,0.582218,0.559403,0.55202
1732,1,1,0,1,0,0,0,0,1,1,1,0,0,-0.0460864,0.0135464,-0.0482729,0.572866,0.513535,0.582218,0.57086,0.552145
1733,0,0,1,1,0,0,0,0,1,1,1,0,0,-0.0590245,0.0126951,-0.0487562,0.480709,0.511825,0.488513,0.549204,0.546801
1734,1,0,1,1,0,0,0,0,1,1,1,0,0,-0.0654037,0.00507528,-0.0609013,0.480709,0.512512,0.488513,0.558787,0.549738
1735,0,1,1,1,0,0,0,0,1,1,1,0,0,-0.0424929,0.0182799,-0.0333705,0.553676,0.51393,0.55749,0.550904,0.556578
1736,1,1,1,1,0,0,0,0,1,1,1,0,0,-0.0476802,0.0116797,-0.0466963,0.553676,0.514176,0.55749,0.559722,0.559283
1737,0,0,0,0,1,0,0,0,1,1,1,0,0,-0.0613051,0.0118394,-0.0587712,0.480709,0.499675,0.478771,0.51011,0.532014
1738,1,0,0,0,1,0,0,0,1,1,1,0,0,-0.0680206,0.00308914,-0.070703,0.480709,0.50512,0.478771,0.538819,0.530033
1739,0,1,0,0,1,0,0,0,1,1,1,0,0,-0.0440845,0.0188563,-0.0417715,0.572866,0.510527,0.582218,0.534153,0.542841
1740,1,1,0,0,1,0,0,0,1,1,1,0,0,-0.0494115,0.0113196,-0.0554519,0.572866,0.511874,0.582218,0.559038,0.541362
1741,0,0,1,0,1,0,0,0,1,1,1,0,0,-0.0613535,0.0112184,-0.0542136,0.480709,0.509121,0.478771,0.539421,0.540662
1742,1,0,1,0,1,0,0,0,1,1,1,0,0,-0.0677328,0.00356504,-0.0663583,0.480709,0.510941,0.478771,0.562684,0.540913
1743,0,1,1,0,1,0,0,0,1,1,1,0,0,-0.0449209,0.0168978,-0.0402065,0.553676,0.513003,0.55749,0.550474,0.550697
1744,1,1,1,0,1,0,0,0,1,1,1,0,0,-0.050108,0.010268,-0.0535321,0.553676,0.513563,0.55749,0.567854,0.550877
1745,0,0,0,1,1,0,0,0,1,1,1,0,0,-0.0591541,0.0125059,-0.0549775,0.480709,0.510112,0.478771,0.554215,0.528227
1746,1,0,0,1,1,0,0,0,1,1,1,0,0,-0.0658697,0.00378409,-0.0669094,0.480709,0.512064,0.478771,0.562312,0.530905
1747,0,1,0,1,1,0,0,0,1,1,1,0,0,-0.041463,0.019795,-0.037677,0.572866,0.513682,0.582218,0.562181,0.53701
1748,1,1,0,1,1,0,0,0,1,1,1,0,0,-0.0467901,0.0122863,-0.0513575,0.572866,0.51413,0.582218,0.571694,0.537853
1749,0,0,1,1,1,0,0,0,1,1,1,0,0,-0.0594096,0.0120675,-0.0518177,0.480709,0.513029,0.478771,0.559475,0.53269
1750,1,0,1,1,1,0,0,0,1,1,1,0,0,-0.0657889,0.00446216,-0.0639626,0.480709,0.513725,0.478771,0.56716,0.535739
1751,0,1,1,1,1,0,0,0,1,1,1,0,0,-0.0428782,0.0176483,-0.0364321,0.553676,0.514268,0.55749,0.557812,0.542814
1752,1,1,1,1,1,0,0,0,1,1,1,0,0,-0.0480654,0.0110599,-0.0497578,0.553676,0.514503,0.55749,0.565805,0.544872
1753,0,0,0,0,0,1,0,0,1,1,1,0,0,-0.0614374,0.0144776,-0.052832,0.493134,0.509415,0.525588,0.551421,0.536622
1754,1,0,0,0,0,1,0,0,1,1,1,0,0,-0.0681528,0.00571708,-0.064764,0.493134,0.508022,0.525588,0.566254,0.528997
1755,1,1,0,0,0,1,0,0,1,1,1,0,0,-0.0495438,0.0139651,-0.0495127,0.585291,0.512677,0.595091,0.591855,0.541006
1756,0,0,1,0,0,1,0,0,1,1,1,0,0,-0.0615989,0.014357,-0.0481064,0.493134,0.512722,0.525588,0.5326,0.547521
1757,1,0,1,0,0,1,0,0,1,1,1,0,0,-0.067978,0.00669645,-0.0602514,0.493134,0.51202,0.525588,0.549706,0.546647
1758,0,1,1,0,0,1,0,0,1,1,1,0,0,-0.0451663,0.0200457,-0.0340991,0.566101,0.514096,0.570364,0.556754,0.556669
1759,1,1,1,0,0,1,0,0,1,1,1,0,0,-0.0503535,0.0134101,-0.0474249,0.566101,0.513875,0.570364,0.574983,0.555945
1760,0,0,0,1,0,1,0,0,1,1,1,0,0,-0.0586273,0.0163542,-0.0490438,0.493134,0.512937,0.525588,0.559907,0.534259
1761,1,0,0,1,0,1,0,0,1,1,1,0,0,-0.0653429,0.0076252,-0.0609759,0.493134,0.512911,0.525588,0.561473,0.534363
1762,0,1,0,1,0,1,0,0,1,1,1,0,0,-0.0409362,0.0236667,-0.031743,0.585291,0.514323,0.595091,0.571861,0.543853
1763,1,1,0,1,0,1,0,0,1,1,1,0,0,-0.0462633,0.0161503,-0.0454237,0.585291,0.514295,0.595091,0.572125,0.543023
1764,0,0,1,1,0,1,0,0,1,1,1,0,0,-0.0592013,0.0152922,-0.0459072,0.493134,0.514076,0.525588,0.537571,0.541528
1765,1,0,1,1,0,1,0,0,1,1,1,0,0,-0.0655806,0.00768009,-0.0580523,0.493134,0.514041,0.525588,0.542505,0.541951
1766,0,1,1,1,0,1,0,0,1,1,1,0,0,-0.0426699,0.0208853,-0.0305213,0.566101,0.514523,0.570364,0.548238,0.550853
1767,1,1,1,1,0,1,0,0,1,1,1,0,0,-0.0478571,0.0142906,-0.0438472,0.566101,0.514571,0.570364,0.559144,0.551235
1768,0,0,0,0,1,1,0,0,1,1,1,0,0,-0.0588428,0.0144815,-0.0556814,0.493134,0.510442,0.515846,0.578366,0.524887
1769,1,0,0,0,1,1,0,0,1,1,1,0,0,-0.0655584,0.00573855,-0.0676132,0.493134,0.511506,0.515846,0.589539,0.517376
1770,0,1,0,0,1,1,0,0,1,1,1,0,0,-0.0416219,0.0215043,-0.0386815,0.585291,0.513468,0.595091,0.581793,0.534333
1771,1,1,0,0,1,1,0,0,1,1,1,0,0,-0.0469489,0.0139721,-0.0523619,0.585291,0.513752,0.595091,0.592283,0.526856
1772,0,0,1,0,1,1,0,0,1,1,1,0,0,-0.0588911,0.0138703,-0.0511237,0.493134,0.513168,0.515846,0.550455,0.536947
1773,1,0,1,0,1,1,0,0,1,1,1,0,0,-0.0652704,0.00622503,-0.0632685,0.493134,0.513486,0.515846,0.563199,0.535941
1774,0,1,1,0,1,1,0,0,1,1,1,0,0,-0.0424583,0.0195536,-0.0371166,0.566101,0.51425,0.570364,0.559331,0.543015
1775,1,1,1,0,1,1,0,0,1,1,1,0,0,-0.0476454,0.0129294,-0.0504422,0.566101,0.514368,0.570364,0.574392,0.543215
1776,0,0,0,1,1,1,0,0,1,1,1,0,0,-0.056926,0.0154383,-0.0510528,0.493134,0.513253,0.515846,0.563429,0.530097
1777,1,0,0,1,1,1,0,0,1,1,1,0,0,-0.0636416,0.00672172,-0.0629848,0.493134,0.513808,0.515846,0.569565,0.524175
1778,0,1,0,1,1,1,0,0,1,1,1,0,0,-0.0392345,0.022737,-0.0337521,0.585291,0.514365,0.595091,0.572582,0.537572
1779,1,1,0,1,1,1,0,0,1,1,1,0,0,-0.0445616,0.0152304,-0.0474327,0.585291,0.514531,0.595091,0.57841,0.534906
1780,0,0,1,1,1,1,0,0,1,1,1,0,0,-0.0571814,0.0150074,-0.047893,0.493134,0.514225,0.515846,0.545215,0.535462
1781,1,0,1,1,1,1,0,0,1,1,1,0,0,-0.0635607,0.00740709,-0.0600379,0.493134,0.514419,0.515846,0.553836,0.538003
1782,1,1,1,1,1,1,0,0,1,1,1,0,0,-0.0458369,0.014008,-0.045833,0.566101,0.514693,0.570364,0.563042,0.544222
1783,0,0,0,0,0,0,1,0,1,1,1,0,0,-0.0631136,0.0110297,-0.0550537,0.458172,0.503872,0.407193,0.525474,0.553136
1784,1,0,0,0,0,0,1,0,1,1,1,0,0,-0.069829,0.00225881,-0.0669858,0.458172,0.506388,0.407193,0.553475,0.548284
1785,1,1,0,0,0,0,1,0,1,1,1,0,0,-0.0512202,0.0105041,-0.0517344,0.558974,0.512106,0.507862,0.589993,0.558018
1786,0,0,1,0,0,0,1,0,1,1,1,0,0,-0.0632752,0.0109032,-0.0503281,0.458172,0.510657,0.407193,0.522136,0.561224
1787,1,0,1,0,0,0,1,0,1,1,1,0,0,-0.0696544,0.00322988,-0.0624731,0.458172,0.511391,0.407193,0.549923,0.560726
1788,0,1,1,0,0,0,1,0,1,1,1,0,0,-0.0468426,0.0165874,-0.0363208,0.539785,0.51335,0.483134,0.534295,0.569656
1789,1,1,1,0,0,0,1,0,1,1,1,0,0,-0.0520298,0.00994223,-0.0496466,0.539785,0.51364,0.483134,0.56063,0.569048
1790,1,0,0,1,0,0,1,0,1,1,1,0,0,-0.0670052,0.00396255,-0.0637987,0.458172,0.512466,0.407193,0.559726,0.548256
1791,1,1,0,1,0,0,1,0,1,1,1,0,0,-0.0479257,0.0124812,-0.0482465,0.558974,0.514128,0.507862,0.555715,0.557561
1792,0,0,1,1,0,0,1,0,1,1,1,0,0,-0.0608637,0.0116418,-0.0487299,0.458172,0.513556,0.407193,0.550194,0.555108
1793,1,0,1,1,0,0,1,0,1,1,1,0,0,-0.067243,0.00401649,-0.060875,0.458172,0.51387,0.407193,0.56078,0.555906
1794,0,1,1,1,0,0,1,0,1,1,1,0,0,-0.0443323,0.0172293,-0.033344,0.539785,0.514324,0.483134,0.545757,0.563791
1795,1,1,1,1,0,0,1,0,1,1,1,0,0,-0.0495196,0.010625,-0.0466699,0.539785,0.5145,0.483134,0.556261,0.564472
1796,0,0,0,0,1,0,1,0,1,1,1,0,0,-0.0636048,0.0102602,-0.0585406,0.458172,0.507744,0.39745,0.545139,0.538841
1797,1,0,0,0,1,0,1,0,1,1,1,0,0,-0.0703203,0.00150517,-0.0704725,0.458172,0.51065,0.39745,0.566055,0.534608
1798,0,1,0,0,1,0,1,0,1,1,1,0,0,-0.0463844,0.0172802,-0.0415408,0.558974,0.512481,0.507862,0.555051,0.549026
1799,1,1,0,0,1,0,1,0,1,1,1,0,0,-0.0517115,0.00973913,-0.0552212,0.558974,0.513432,0.507862,0.579678,0.544206
1800,0,0,1,0,1,0,1,0,1,1,1,0,0,-0.0636533,0.00964984,-0.053983,0.458172,0.512167,0.39745,0.554297,0.54726
1801,1,0,1,0,1,0,1,0,1,1,1,0,0,-0.0700326,0.00199195,-0.0661278,0.458172,0.513162,0.39745,0.573021,0.547358
1802,0,1,1,0,1,0,1,0,1,1,1,0,0,-0.0472208,0.0153307,-0.0399758,0.539785,0.513871,0.483134,0.562494,0.556266
1803,1,1,1,0,1,0,1,0,1,1,1,0,0,-0.052408,0.0086973,-0.0533014,0.539785,0.514242,0.483134,0.580007,0.556296
1804,0,0,0,1,1,0,1,0,1,1,1,0,0,-0.0614538,0.0109105,-0.0547468,0.458172,0.512721,0.39745,0.561338,0.538347
1805,1,0,0,1,1,0,1,0,1,1,1,0,0,-0.0681694,0.00218393,-0.0666788,0.458172,0.513634,0.39745,0.56971,0.539787
1806,1,1,0,1,1,0,1,0,1,1,1,0,0,-0.04909,0.0106902,-0.0511268,0.558974,0.51446,0.507862,0.567418,0.546256
1807,0,0,1,1,1,0,1,0,1,1,1,0,0,-0.0617094,0.0104842,-0.051587,0.458172,0.514025,0.39745,0.564556,0.542429
1808,1,0,1,1,1,0,1,0,1,1,1,0,0,-0.0680887,0.00287438,-0.063732,0.458172,0.514352,0.39745,0.572941,0.545079
1809,1,1,1,1,1,0,1,0,1,1,1,0,0,-0.0503654,0.00947555,-0.049527,0.539785,0.514664,0.483134,0.568091,0.551012
1810,0,0,0,0,0,1,1,0,1,1,1,0,0,-0.0622366,0.0126089,-0.05346,0.470597,0.512089,0.444268,0.556705,0.539718
1811,1,0,0,0,0,1,1,0,1,1,1,0,0,-0.068952,0.00384269,-0.0653921,0.470597,0.511988,0.444268,0.56619,0.529345
1812,0,1,0,0,0,1,1,0,1,1,1,0,0,-0.0450161,0.0196458,-0.0364599,0.5714,0.513858,0.520736,0.584416,0.549233
1813,1,1,0,0,0,1,1,0,1,1,1,0,0,-0.0503432,0.0120936,-0.0501406,0.5714,0.513842,0.520736,0.590262,0.540803
1814,0,0,1,0,0,1,1,0,1,1,1,0,0,-0.0623982,0.012491,-0.0487344,0.470597,0.513772,0.444268,0.539369,0.553176
1815,1,0,1,0,0,1,1,0,1,1,1,0,0,-0.0687774,0.00482277,-0.0608794,0.470597,0.513659,0.444268,0.548602,0.549111
1816,0,1,1,0,0,1,1,0,1,1,1,0,0,-0.0459656,0.0181818,-0.034727,0.55221,0.514391,0.496008,0.546034,0.561336
1817,1,1,1,0,0,1,1,0,1,1,1,0,0,-0.0511528,0.0115399,-0.0480528,0.55221,0.514398,0.496008,0.56398,0.558285
1818,0,0,0,1,0,1,1,0,1,1,1,0,0,-0.0594266,0.0144716,-0.0496718,0.470597,0.513922,0.444268,0.549473,0.542461
1819,1,0,0,1,0,1,1,0,1,1,1,0,0,-0.0661421,0.00573701,-0.061604,0.470597,0.514001,0.444268,0.549527,0.538696
1820,0,1,0,1,0,1,1,0,1,1,1,0,0,-0.0417355,0.0217869,-0.0323709,0.5714,0.514481,0.520736,0.561166,0.549834
1821,1,1,0,1,0,1,1,0,1,1,1,0,0,-0.0470626,0.0142653,-0.0460516,0.5714,0.514549,0.520736,0.562881,0.54581
1822,0,0,1,1,0,1,1,0,1,1,1,0,0,-0.0600006,0.0134148,-0.0465352,0.470597,0.51447,0.444268,0.545552,0.547858
1823,1,0,1,1,0,1,1,0,1,1,1,0,0,-0.0663799,0.00579504,-0.0586803,0.470597,0.514489,0.444268,0.549406,0.549089
1824,0,1,1,1,0,1,1,0,1,1,1,0,0,-0.0434692,0.0190102,-0.0311491,0.55221,0.514653,0.496008,0.537265,0.556218
1825,1,1,1,1,0,1,1,0,1,1,1,0,0,-0.0486565,0.0124093,-0.0444751,0.55221,0.514699,0.496008,0.548207,0.556474
1826,0,0,0,0,1,1,1,0,1,1,1,0,0,-0.0610369,0.0123026,-0.0559156,0.470597,0.512435,0.434526,0.557164,0.527677
1827,1,0,0,0,1,1,1,0,1,1,1,0,0,-0.0677524,0.00355462,-0.0678476,0.470597,0.513295,0.434526,0.571455,0.522538
1828,1,1,0,0,1,1,1,0,1,1,1,0,0,-0.0491432,0.0117914,-0.0525961,0.5714,0.514291,0.520736,0.588247,0.529829
1829,0,0,1,0,1,1,1,0,1,1,1,0,0,-0.0610853,0.0116973,-0.0513579,0.470597,0.513926,0.434526,0.549381,0.543575
1830,1,0,1,0,1,1,1,0,1,1,1,0,0,-0.0674645,0.00404503,-0.0635028,0.470597,0.514213,0.434526,0.565012,0.538776
1831,0,1,1,0,1,1,1,0,1,1,1,0,0,-0.0446526,0.017383,-0.0373507,0.55221,0.514484,0.496008,0.547931,0.549898
1832,1,1,1,0,1,1,1,0,1,1,1,0,0,-0.0498397,0.010753,-0.0506764,0.55221,0.514602,0.496008,0.564239,0.547051
1833,0,0,0,1,1,1,1,0,1,1,1,0,0,-0.05912,0.0132434,-0.0512869,0.470597,0.514024,0.434526,0.548233,0.53415
1834,0,1,0,1,1,1,1,0,1,1,1,0,0,-0.0414288,0.0205455,-0.0339862,0.5714,0.514544,0.520736,0.548673,0.543399
1835,1,1,0,1,1,1,1,0,1,1,1,0,0,-0.0467558,0.013034,-0.0476668,0.5714,0.514666,0.520736,0.55986,0.537461
1836,0,0,1,1,1,1,1,0,1,1,1,0,0,-0.0593755,0.0128184,-0.0481272,0.470597,0.51452,0.434526,0.547811,0.545036
1837,1,0,1,1,1,1,1,0,1,1,1,0,0,-0.0657548,0.00521109,-0.0602722,0.470597,0.514636,0.434526,0.560372,0.5448
1838,0,1,1,1,1,1,1,0,1,1,1,0,0,-0.042844,0.0184077,-0.0327413,0.55221,0.514703,0.496008,0.543861,0.550552
1839,1,1,1,1,1,1,1,0,1,1,1,0,0,-0.0480312,0.0118158,-0.0460671,0.55221,0.514755,0.496008,0.557324,0.551652
1840,0,0,0,0,0,0,0,1,1,1,1,0,0,-0.0576499,0.014515,-0.0527333,0.488499,0.505796,0.488513,0.494456,0.557658
1841,1,0,0,0,0,0,0,1,1,1,1,0,0,-0.0643652,0.00574466,-0.0646652,0.488499,0.507306,0.488513,0.520864,0.557167
1842,0,1,0,0,0,0,0,1,1,1,1,0,0,-0.0404294,0.0215297,-0.0357335,0.580655,0.512958,0.58723,0.532867,0.567418
1843,1,1,0,0,0,0,0,1,1,1,1,0,0,-0.0457564,0.0139748,-0.0494141,0.580655,0.512749,0.58723,0.558668,0.566794
1844,0,0,1,0,0,0,0,1,1,1,1,0,0,-0.0578114,0.0143762,-0.0480077,0.488499,0.511374,0.488513,0.514257,0.563428
1845,1,0,1,0,0,0,0,1,1,1,1,0,0,-0.0641904,0.00669858,-0.0601526,0.488499,0.511757,0.488513,0.546689,0.565606
1846,0,1,1,0,0,0,0,1,1,1,1,0,0,-0.0413789,0.0200503,-0.0340005,0.561466,0.513895,0.562502,0.538747,0.572012
1847,1,1,1,0,0,0,0,1,1,1,1,0,0,-0.046566,0.0134008,-0.0473264,0.561466,0.513889,0.562502,0.565645,0.57432
1848,0,0,0,1,0,0,0,1,1,1,1,0,0,-0.0548259,0.0161899,-0.0495461,0.488499,0.512063,0.488513,0.540252,0.550584
1849,1,0,0,1,0,0,0,1,1,1,1,0,0,-0.0615413,0.00745071,-0.0614782,0.488499,0.512787,0.488513,0.549111,0.552398
1850,0,1,0,1,0,0,0,1,1,1,1,0,0,-0.0371349,0.0234788,-0.0322455,0.580655,0.514392,0.58723,0.54702,0.560558
1851,1,1,0,1,0,0,0,1,1,1,1,0,0,-0.042462,0.0159542,-0.0459262,0.580655,0.514397,0.58723,0.553532,0.56229
1852,0,0,1,1,0,0,0,1,1,1,1,0,0,-0.0554,0.0151114,-0.0464096,0.488499,0.513745,0.488513,0.552647,0.554821
1853,1,0,1,1,0,0,0,1,1,1,1,0,0,-0.0617791,0.007482,-0.0585546,0.488499,0.513993,0.488513,0.561119,0.55829
1854,0,1,1,1,0,0,0,1,1,1,1,0,0,-0.0388686,0.0206883,-0.0310238,0.561466,0.514527,0.562502,0.551531,0.563254
1855,1,1,1,1,0,0,0,1,1,1,1,0,0,-0.0440558,0.0140799,-0.0443497,0.561466,0.514602,0.562502,0.561607,0.567019
1856,0,0,0,0,1,0,0,1,1,1,1,0,0,-0.0576807,0.0142828,-0.0564245,0.488499,0.50931,0.478771,0.529464,0.543318
1857,1,0,0,0,1,0,0,1,1,1,1,0,0,-0.0643961,0.00552724,-0.0683563,0.488499,0.511304,0.478771,0.540812,0.543492
1858,0,1,0,0,1,0,0,1,1,1,1,0,0,-0.0404603,0.0212889,-0.0394247,0.580655,0.513313,0.58723,0.559884,0.553592
1859,1,1,0,0,1,0,0,1,1,1,1,0,0,-0.0457872,0.0137469,-0.0531052,0.580655,0.513775,0.58723,0.576877,0.553676
1860,0,0,1,0,1,0,0,1,1,1,1,0,0,-0.0577292,0.0136557,-0.0518668,0.488499,0.512747,0.478771,0.558834,0.550528
1861,1,0,1,0,1,0,0,1,1,1,1,0,0,-0.0641082,0.00599262,-0.0640116,0.488499,0.513413,0.478771,0.56449,0.551614
1862,0,1,1,0,1,0,0,1,1,1,1,0,0,-0.0412966,0.0193269,-0.0378598,0.561466,0.514178,0.562502,0.57144,0.560025
1863,1,1,1,0,1,0,0,1,1,1,1,0,0,-0.0464837,0.0126886,-0.0511855,0.561466,0.514373,0.562502,0.580901,0.561015
1864,0,0,0,1,1,0,0,1,1,1,1,0,0,-0.0555297,0.0149394,-0.0526308,0.488499,0.513113,0.478771,0.554376,0.538184
1865,1,0,0,1,1,0,0,1,1,1,1,0,0,-0.0622451,0.00621236,-0.0645627,0.488499,0.513828,0.478771,0.551325,0.541156
1866,0,1,0,1,1,0,0,1,1,1,1,0,0,-0.0378388,0.0222179,-0.0353303,0.580655,0.514432,0.58723,0.557265,0.54727
1867,1,1,0,1,1,0,0,1,1,1,1,0,0,-0.0431658,0.014704,-0.0490108,0.580655,0.514583,0.58723,0.566544,0.548467
1868,0,0,1,1,1,0,0,1,1,1,1,0,0,-0.0557853,0.0144934,-0.049471,0.488499,0.51417,0.478771,0.563353,0.541722
1869,1,0,1,1,1,0,0,1,1,1,1,0,0,-0.0621643,0.00687848,-0.0616159,0.488499,0.514425,0.478771,0.561846,0.545049
1870,0,1,1,1,1,0,0,1,1,1,1,0,0,-0.039254,0.0200664,-0.0340854,0.561466,0.514628,0.562502,0.561758,0.551266
1871,1,1,1,1,1,0,0,1,1,1,1,0,0,-0.0444411,0.0134697,-0.0474111,0.561466,0.51471,0.562502,0.571084,0.554587
1872,0,0,0,0,0,1,0,1,1,1,1,0,0,-0.057694,0.016992,-0.049221,0.500924,0.512893,0.525588,0.539199,0.54996
1873,1,0,0,0,0,1,0,1,1,1,1,0,0,-0.0644094,0.00822727,-0.0611531,0.500924,0.512371,0.525588,0.548547,0.547201
1874,0,1,0,0,0,1,0,1,1,1,1,0,0,-0.0404736,0.0240169,-0.0322209,0.593081,0.514365,0.600104,0.571353,0.559348
1875,1,1,0,0,0,1,0,1,1,1,1,0,0,-0.0458006,0.016466,-0.0459017,0.593081,0.51407,0.600104,0.582881,0.557569
1876,0,0,1,0,0,1,0,1,1,1,1,0,0,-0.0578555,0.0168666,-0.0444954,0.500924,0.514071,0.525588,0.531806,0.557687
1877,1,0,1,0,0,1,0,1,1,1,1,0,0,-0.0642346,0.00919807,-0.0566404,0.500924,0.51381,0.525588,0.545966,0.557687
1878,0,1,1,0,0,1,0,1,1,1,1,0,0,-0.041423,0.0225482,-0.030488,0.573891,0.51458,0.575376,0.542713,0.566396
1879,1,1,1,0,0,1,0,1,1,1,1,0,0,-0.0466102,0.0159059,-0.043814,0.573891,0.514487,0.575376,0.558347,0.566235
1880,0,0,0,1,0,1,0,1,1,1,1,0,0,-0.054884,0.0188607,-0.0454328,0.500924,0.514153,0.525588,0.549334,0.54472
1881,1,0,0,1,0,1,0,1,1,1,1,0,0,-0.0615994,0.0101275,-0.0573649,0.500924,0.514139,0.525588,0.54903,0.545806
1882,0,1,0,1,0,1,0,1,1,1,1,0,0,-0.037193,0.026164,-0.0281319,0.593081,0.514668,0.600104,0.563015,0.554291
1883,1,1,0,1,0,1,0,1,1,1,1,0,0,-0.04252,0.0186436,-0.0418128,0.593081,0.514644,0.600104,0.564778,0.554544
1884,0,0,1,1,0,1,0,1,1,1,1,0,0,-0.055458,0.0177925,-0.0422962,0.500924,0.514556,0.525588,0.541655,0.551292
1885,1,0,1,1,0,1,0,1,1,1,1,0,0,-0.0618371,0.0101724,-0.0544413,0.500924,0.514541,0.525588,0.546257,0.552353
1886,0,1,1,1,0,1,0,1,1,1,1,0,0,-0.0389266,0.0233787,-0.0269102,0.573891,0.514722,0.575376,0.542913,0.560166
1887,1,1,1,1,0,1,0,1,1,1,1,0,0,-0.0441138,0.0167775,-0.0402362,0.573891,0.514735,0.575376,0.554249,0.561055
1888,0,0,0,0,1,1,0,1,1,1,1,0,0,-0.0550995,0.0170032,-0.0520703,0.500924,0.513231,0.515846,0.554354,0.541605
1889,1,0,0,0,1,1,0,1,1,1,1,0,0,-0.061815,0.00825599,-0.0640022,0.500924,0.51362,0.515846,0.55682,0.53833
1890,0,1,0,0,1,1,0,1,1,1,1,0,0,-0.0378787,0.0240167,-0.0350703,0.593081,0.514347,0.600104,0.567749,0.547698
1891,1,1,0,0,1,1,0,1,1,1,1,0,0,-0.0432057,0.0164804,-0.0487509,0.593081,0.514441,0.600104,0.581674,0.545908
1892,0,0,1,0,1,1,0,1,1,1,1,0,0,-0.0551479,0.016387,-0.0475127,0.500924,0.514221,0.515846,0.55153,0.54659
1893,1,0,1,0,1,1,0,1,1,1,1,0,0,-0.061527,0.0087337,-0.0596575,0.500924,0.514337,0.515846,0.563974,0.548447
1894,0,1,1,0,1,1,0,1,1,1,1,0,0,-0.038715,0.0220632,-0.0335054,0.573891,0.514619,0.575376,0.549973,0.553008
1895,1,1,1,0,1,1,0,1,1,1,1,0,0,-0.0439021,0.0154323,-0.0468312,0.573891,0.514659,0.575376,0.565254,0.553465
1896,0,0,0,1,1,1,0,1,1,1,1,0,0,-0.0531826,0.0179523,-0.0474418,0.500924,0.514252,0.515846,0.546785,0.541192
1897,1,0,0,1,1,1,0,1,1,1,1,0,0,-0.0598982,0.00923138,-0.0593738,0.500924,0.514455,0.515846,0.551937,0.542791
1898,0,1,0,1,1,1,0,1,1,1,1,0,0,-0.0354913,0.0252416,-0.030141,0.593081,0.514663,0.600104,0.556328,0.547457
1899,1,1,0,1,1,1,0,1,1,1,1,0,0,-0.0408183,0.017731,-0.0438217,0.593081,0.51472,0.600104,0.56847,0.549406
1900,0,0,1,1,1,1,0,1,1,1,1,0,0,-0.053438,0.0175156,-0.044282,0.500924,0.514604,0.515846,0.54766,0.545186
1901,1,0,1,1,1,1,0,1,1,1,1,0,0,-0.0598172,0.00990728,-0.056427,0.500924,0.514675,0.515846,0.556591,0.547962
1902,0,1,1,1,1,1,0,1,1,1,1,0,0,-0.0369065,0.0230953,-0.0288962,0.573891,0.514747,0.575376,0.543899,0.550881
1903,1,1,1,1,1,1,0,1,1,1,1,0,0,-0.0420936,0.0165027,-0.042222,0.573891,0.514775,0.575376,0.554085,0.55338
1904,1,0,0,0,0,0,1,1,1,1,1,0,0,-0.0671032,0.00371807,-0.0643891,0.458172,0.511775,0.407193,0.549337,0.562681
1905,0,1,0,0,0,0,1,1,1,1,1,0,0,-0.0431675,0.019513,-0.035457,0.558974,0.513666,0.512874,0.548563,0.571925
1906,1,1,0,0,0,0,1,1,1,1,1,0,0,-0.0484946,0.011954,-0.0491377,0.558974,0.513862,0.512874,0.568378,0.571246
1907,0,0,1,0,0,0,1,1,1,1,1,0,0,-0.0605495,0.0123624,-0.0477314,0.458172,0.513311,0.407193,0.525343,0.570118
1908,1,0,1,0,0,0,1,1,1,1,1,0,0,-0.0669286,0.00468061,-0.0598764,0.458172,0.51358,0.407193,0.555291,0.570352
1909,0,1,1,0,0,0,1,1,1,1,1,0,0,-0.044117,0.0180392,-0.0337241,0.539785,0.514306,0.488147,0.54539,0.577879
1910,1,1,1,0,0,0,1,1,1,1,1,0,0,-0.0493041,0.0113871,-0.04705,0.539785,0.514401,0.488147,0.561487,0.57805
1911,0,0,0,1,0,0,1,1,1,1,1,0,0,-0.0575639,0.0141556,-0.0492698,0.458172,0.513644,0.407193,0.555105,0.557975
1912,1,0,0,1,0,0,1,1,1,1,1,0,0,-0.0642794,0.00541109,-0.061202,0.458172,0.513977,0.407193,0.56036,0.558533
1913,0,1,0,1,0,0,1,1,1,1,1,0,0,-0.039873,0.0214495,-0.031969,0.558974,0.514491,0.512874,0.551647,0.566914
1914,1,1,0,1,0,0,1,1,1,1,1,0,0,-0.0452001,0.0139208,-0.0456498,0.558974,0.514583,0.512874,0.556841,0.56733
1915,0,0,1,1,0,0,1,1,1,1,1,0,0,-0.058138,0.0130892,-0.0461331,0.458172,0.514364,0.407193,0.550344,0.562567
1916,1,0,1,1,0,0,1,1,1,1,1,0,0,-0.0645172,0.00545554,-0.0582783,0.458172,0.514479,0.407193,0.557876,0.56503
1917,0,1,1,1,0,0,1,1,1,1,1,0,0,-0.0416067,0.0186698,-0.0307473,0.539785,0.514649,0.488147,0.546439,0.570482
1918,1,1,1,1,0,0,1,1,1,1,1,0,0,-0.0467939,0.0120585,-0.0440732,0.539785,0.514709,0.488147,0.556816,0.572935
1919,0,0,0,0,1,0,1,1,1,1,1,0,0,-0.060879,0.0117322,-0.0559439,0.458172,0.512238,0.39745,0.557511,0.550231
1920,1,0,0,0,1,0,1,1,1,1,1,0,0,-0.0675945,0.00297241,-0.0678758,0.458172,0.513307,0.39745,0.563507,0.549948
1921,0,1,0,0,1,0,1,1,1,1,1,0,0,-0.0436588,0.0187426,-0.038944,0.558974,0.513984,0.512874,0.564098,0.559433
1922,1,1,0,0,1,0,1,1,1,1,1,0,0,-0.0489858,0.0111971,-0.0526245,0.558974,0.514323,0.512874,0.578318,0.5594
1923,0,0,1,0,1,0,1,1,1,1,1,0,0,-0.0609276,0.0111171,-0.0513862,0.458172,0.513852,0.39745,0.563873,0.556918
1924,1,0,1,0,1,0,1,1,1,1,1,0,0,-0.0673068,0.00345077,-0.0635311,0.458172,0.514218,0.39745,0.573678,0.557696
1925,0,1,1,0,1,0,1,1,1,1,1,0,0,-0.0444952,0.0167908,-0.0373791,0.539785,0.51448,0.488147,0.568361,0.565488
1926,1,1,1,0,1,0,1,1,1,1,1,0,0,-0.0496823,0.0101503,-0.0507048,0.539785,0.514613,0.488147,0.579888,0.566045
1927,0,0,0,1,1,0,1,1,1,1,1,0,0,-0.058728,0.0123714,-0.0521501,0.458172,0.514056,0.39745,0.561293,0.547584
1928,1,0,0,1,1,0,1,1,1,1,1,0,0,-0.0654436,0.00363998,-0.0640822,0.458172,0.514392,0.39745,0.566107,0.549904
1929,0,1,0,1,1,0,1,1,1,1,1,0,0,-0.0410374,0.0196548,-0.0348495,0.558974,0.514589,0.512874,0.556725,0.553811
1930,1,1,0,1,1,0,1,1,1,1,1,0,0,-0.0463644,0.0121373,-0.0485301,0.558974,0.514694,0.512874,0.566307,0.554972
1931,0,0,1,1,1,0,1,1,1,1,1,0,0,-0.0589837,0.0119392,-0.0489903,0.458172,0.514531,0.39745,0.563819,0.550748
1932,1,0,1,1,1,0,1,1,1,1,1,0,0,-0.0653629,0.00432096,-0.0611353,0.458172,0.514651,0.39745,0.570584,0.553606
1933,0,1,1,1,1,0,1,1,1,1,1,0,0,-0.0424526,0.0175157,-0.0336046,0.539785,0.514717,0.488147,0.561737,0.558734
1934,1,1,1,1,1,0,1,1,1,1,1,0,0,-0.0476397,0.0109166,-0.0469303,0.539785,0.514765,0.488147,0.568895,0.560307
1935,0,0,0,0,0,1,1,1,1,1,1,0,0,-0.0589936,0.0144983,-0.0497455,0.470597,0.513836,0.444268,0.549004,0.555582
1936,1,0,0,0,0,1,1,1,1,1,1,0,0,-0.065709,0.00572811,-0.0616777,0.470597,0.513799,0.444268,0.551862,0.55072
1937,0,1,0,0,0,1,1,1,1,1,1,0,0,-0.0417732,0.0215279,-0.0327453,0.5714,0.51449,0.525748,0.562766,0.564347
1938,1,1,0,0,0,1,1,1,1,1,1,0,0,-0.0471002,0.0139724,-0.0464262,0.5714,0.514474,0.525748,0.566228,0.560289
1939,0,0,1,0,0,1,1,1,1,1,1,0,0,-0.0591552,0.0143781,-0.0450198,0.470597,0.514442,0.444268,0.540953,0.562962
1940,1,0,1,0,0,1,1,1,1,1,1,0,0,-0.0655343,0.0067036,-0.0571649,0.470597,0.514401,0.444268,0.545614,0.562906
1941,0,1,1,0,0,1,1,1,1,1,1,0,0,-0.0427227,0.0200631,-0.0310124,0.55221,0.514671,0.50102,0.533106,0.570695
1942,1,1,1,0,0,1,1,1,1,1,1,0,0,-0.0479099,0.0134163,-0.0443384,0.55221,0.51467,0.50102,0.543823,0.570497
1943,0,0,0,1,0,1,1,1,1,1,1,0,0,-0.0561835,0.0163483,-0.0459572,0.470597,0.514499,0.444268,0.551235,0.551883
1944,1,0,0,1,0,1,1,1,1,1,1,0,0,-0.062899,0.00760974,-0.0578895,0.470597,0.514527,0.444268,0.550984,0.553127
1945,0,1,0,1,0,1,1,1,1,1,1,0,0,-0.0384926,0.0236568,-0.0286563,0.5714,0.514706,0.525748,0.542752,0.559895
1946,1,1,0,1,0,1,1,1,1,1,1,0,0,-0.0438196,0.0161318,-0.0423372,0.5714,0.514726,0.525748,0.543529,0.560054
1947,0,0,1,1,0,1,1,1,1,1,1,0,0,-0.0567576,0.0152896,-0.0428206,0.470597,0.514695,0.444268,0.547668,0.557212
1948,1,0,1,1,0,1,1,1,1,1,1,0,0,-0.0631368,0.00766348,-0.0549658,0.470597,0.514701,0.444268,0.551672,0.558181
1949,0,1,1,1,0,1,1,1,1,1,1,0,0,-0.0402263,0.02088,-0.0274345,0.55221,0.514762,0.50102,0.540162,0.565132
1950,1,1,1,1,0,1,1,1,1,1,1,0,0,-0.0454135,0.0142742,-0.0407606,0.55221,0.514778,0.50102,0.547795,0.565897
1951,0,0,0,0,1,1,1,1,1,1,1,0,0,-0.0577939,0.0141976,-0.052201,0.470597,0.51395,0.434526,0.552552,0.546702
1952,1,0,0,0,1,1,1,1,1,1,1,0,0,-0.0645093,0.00544543,-0.0641331,0.470597,0.514266,0.434526,0.565387,0.541647
1953,0,1,0,0,1,1,1,1,1,1,1,0,0,-0.0405733,0.0212162,-0.035201,0.5714,0.514519,0.525748,0.557292,0.552988
1954,1,1,0,0,1,1,1,1,1,1,1,0,0,-0.0459003,0.0136756,-0.0488816,0.5714,0.51463,0.525748,0.572171,0.549967
1955,0,0,1,0,1,1,1,1,1,1,1,0,0,-0.0578423,0.0135906,-0.0476433,0.470597,0.514494,0.434526,0.554336,0.554406
1956,1,0,1,0,1,1,1,1,1,1,1,0,0,-0.0642215,0.00593199,-0.0597883,0.470597,0.5146,0.434526,0.56811,0.554737
1957,0,1,1,0,1,1,1,1,1,1,1,0,0,-0.0414097,0.0192705,-0.033636,0.55221,0.514699,0.50102,0.551229,0.558716
1958,1,1,1,0,1,1,1,1,1,1,1,0,0,-0.0465968,0.0126355,-0.0469619,0.55221,0.514742,0.50102,0.565866,0.559793
1959,0,0,0,1,1,1,1,1,1,1,1,0,0,-0.055877,0.0151258,-0.0475724,0.470597,0.51453,0.434526,0.550488,0.550184
1960,1,0,0,1,1,1,1,1,1,1,1,0,0,-0.0625926,0.0064,-0.0595046,0.470597,0.514651,0.434526,0.560981,0.548301
1961,0,1,0,1,1,1,1,1,1,1,1,0,0,-0.0381859,0.0224211,-0.0302716,0.5714,0.514722,0.525748,0.544027,0.55544
1962,1,1,0,1,1,1,1,1,1,1,1,0,0,-0.0435129,0.0149061,-0.0439524,0.5714,0.514765,0.525748,0.554795,0.555117
1963,0,0,1,1,1,1,1,1,1,1,1,0,0,-0.0561325,0.0146994,-0.0444126,0.470597,0.514711,0.434526,0.552063,0.554036
1964,1,0,1,1,1,1,1,1,1,1,1,0,0,-0.0625117,0.00708569,-0.0565577,0.470597,0.514753,0.434526,0.562625,0.55621
1965,0,1,1,1,1,1,1,1,1,1,1,0,0,-0.0396011,0.0202837,-0.0290267,0.55221,0.514778,0.50102,0.546789,0.558799
1966,1,1,1,1,1,1,1,1,1,1,1,0,0,-0.0447882,0.0136869,-0.0423526,0.55221,0.514797,0.50102,0.557922,0.560719
1967,0,0,0,0,0,0,0,0,0,0,0,1,0,-0.0555567,0.0131497,-0.0540392,0.525305,0.514778,0.504112,0.498495,0.568134
1968,1,0,0,0,0,0,0,0,0,0,0,1,0,-0.0622722,0.00438578,-0.0659711,0.515808,0.488058,0.504112,0.500302,0.554248
1969,0,1,0,0,0,0,0,0,0,0,0,1,0,-0.0383353,0.0201757,-0.037039,0.602397,0.553271,0.60977,0.568533,0.573521
1970,1,1,0,0,0,0,0,0,0,0,0,1,0,-0.0436626,0.0126298,-0.0507198,0.5929,0.522046,0.60977,0.564614,0.560812
1971,0,0,1,0,0,0,0,0,0,0,0,1,0,-0.055718,0.0130105,-0.0493136,0.525305,0.511494,0.504112,0.521799,0.587487
1972,1,0,1,0,0,0,0,0,0,0,0,1,0,-0.0620972,0.00534769,-0.0614585,0.515808,0.499175,0.504112,0.526622,0.576197
1973,0,1,1,0,0,0,0,0,0,0,0,1,0,-0.0392849,0.0186947,-0.0353062,0.583207,0.523119,0.585042,0.547925,0.59275
1974,1,1,1,0,0,0,0,0,0,0,0,1,0,-0.0444723,0.012061,-0.0486321,0.57371,0.513865,0.585042,0.552241,0.581669
1975,0,0,0,1,0,0,0,0,0,0,0,1,0,-0.0527327,0.0148578,-0.050852,0.525305,0.509916,0.504112,0.549195,0.575464
1976,1,0,0,1,0,0,0,0,0,0,0,1,0,-0.0594483,0.00612494,-0.0627841,0.515808,0.504953,0.504112,0.536319,0.566739
1977,0,1,0,1,0,0,0,0,0,0,0,1,0,-0.0350407,0.0221541,-0.0335511,0.602397,0.528741,0.60977,0.566543,0.58415
1978,1,1,0,1,0,0,0,0,0,0,0,1,0,-0.0403681,0.0146384,-0.047232,0.5929,0.51898,0.60977,0.566745,0.573657
1979,0,0,1,1,0,0,0,0,0,0,0,1,0,-0.0533065,0.0137801,-0.0477154,0.525305,0.511244,0.504112,0.55328,0.584038
1980,1,0,1,1,0,0,0,0,0,0,0,1,0,-0.0596858,0.00616539,-0.0598604,0.515808,0.509435,0.504112,0.543872,0.583861
1981,1,1,1,1,0,0,0,0,0,0,0,1,0,-0.0419619,0.0127719,-0.0456554,0.57371,0.514721,0.585042,0.567737,0.591549
1982,0,0,0,0,1,0,0,0,0,0,0,1,0,-0.0555873,0.0128851,-0.0577304,0.525305,0.519063,0.49437,0.483563,0.555089
1983,1,0,0,0,1,0,0,0,0,0,0,1,0,-0.0623029,0.00413602,-0.0696621,0.515808,0.507622,0.49437,0.483599,0.542435
1984,0,1,0,0,1,0,0,0,0,0,0,1,0,-0.038366,0.0199024,-0.0407302,0.602397,0.530965,0.60977,0.520167,0.56203
1985,1,1,0,0,1,0,0,0,0,0,0,1,0,-0.0436933,0.0123694,-0.0544108,0.5929,0.518611,0.60977,0.527719,0.550153
1986,0,0,1,0,1,0,0,0,0,0,0,1,0,-0.0556356,0.0122577,-0.0531727,0.525305,0.515204,0.49437,0.504319,0.573681
1987,1,0,1,0,1,0,0,0,0,0,0,1,0,-0.0620148,0.00460953,-0.0653174,0.515808,0.50998,0.49437,0.5056,0.564221
1988,0,1,1,0,1,0,0,0,0,0,0,1,0,-0.0392025,0.017939,-0.0391654,0.583207,0.51858,0.585042,0.524633,0.581548
1989,1,1,1,0,1,0,0,0,0,0,0,1,0,-0.0443898,0.0113166,-0.0524912,0.57371,0.514848,0.585042,0.534695,0.57149
1990,0,0,0,1,1,0,0,0,0,0,0,1,0,-0.0534364,0.0135742,-0.0539366,0.525305,0.515592,0.49437,0.509589,0.559769
1991,0,1,0,1,1,0,0,0,0,0,0,1,0,-0.0357445,0.0208601,-0.0366358,0.602397,0.522043,0.60977,0.538923,0.569766
1992,1,1,0,1,1,0,0,0,0,0,0,1,0,-0.0410718,0.0133551,-0.0503165,0.5929,0.517198,0.60977,0.537213,0.56143
1993,0,0,1,1,1,0,0,0,0,0,0,1,0,-0.0536917,0.0131279,-0.0507768,0.525305,0.514486,0.49437,0.515744,0.568904
1994,1,0,1,1,1,0,0,0,0,0,0,1,0,-0.060071,0.00552778,-0.0629217,0.515808,0.51326,0.49437,0.510722,0.56819
1995,0,1,1,1,1,0,0,0,0,0,0,1,0,-0.0371598,0.0187086,-0.035391,0.583207,0.516109,0.585042,0.522466,0.578307
1996,1,1,1,1,1,0,0,0,0,0,0,1,0,-0.0423472,0.0121276,-0.0487168,0.57371,0.515092,0.585042,0.527902,0.577739
1997,0,0,0,0,0,1,0,0,0,0,0,1,0,-0.0557197,0.0155507,-0.0517911,0.53773,0.534246,0.528314,0.575827,0.546185
1998,1,0,0,0,0,1,0,0,0,0,0,1,0,-0.0624353,0.00679138,-0.0637231,0.528233,0.509909,0.528314,0.551771,0.534939
1999,0,1,0,0,0,1,0,0,0,0,0,1,0,-0.0384984,0.0225854,-0.0347907,0.614822,0.531452,0.60977,0.591611,0.552658
2000,1,1,0,0,0,1,0,0,0,0,0,1,0,-0.0438257,0.0150423,-0.0484716,0.605325,0.517577,0.60977,0.588124,0.543679
2001,0,0,1,0,0,1,0,0,0,0,0,1,0,-0.055881,0.015424,-0.0470655,0.53773,0.520956,0.528314,0.530482,0.567149
2002,1,0,1,0,0,1,0,0,0,0,0,1,0,-0.0622603,0.00776866,-0.0592104,0.528233,0.510921,0.528314,0.523451,0.555154
2003,1,1,1,0,0,1,0,0,0,0,0,1,0,-0.0446353,0.0144865,-0.0463839,0.586136,0.514679,0.585042,0.553532,0.562177
2004,0,0,0,1,0,1,0,0,0,0,0,1,0,-0.0529096,0.0174502,-0.0480029,0.53773,0.519752,0.528314,0.561798,0.556721
2005,1,0,0,1,0,1,0,0,0,0,0,1,0,-0.0596252,0.00872247,-0.059935,0.528233,0.512892,0.528314,0.543723,0.544676
2006,0,1,0,1,0,1,0,0,0,0,0,1,0,-0.0352176,0.0247595,-0.0307017,0.614822,0.520553,0.60977,0.576587,0.563718
2007,1,1,0,1,0,1,0,0,0,0,0,1,0,-0.040545,0.0172469,-0.0443827,0.605325,0.51629,0.60977,0.574875,0.552466
2008,0,0,1,1,0,1,0,0,0,0,0,1,0,-0.0534834,0.0163818,-0.0448663,0.53773,0.516097,0.528314,0.536149,0.574366
2009,1,0,1,1,0,1,0,0,0,0,0,1,0,-0.0598627,0.00877485,-0.0570113,0.528233,0.513501,0.528314,0.530636,0.565549
2010,0,1,1,1,0,1,0,0,0,0,0,1,0,-0.0369514,0.0219746,-0.0294801,0.595633,0.515833,0.585042,0.547309,0.582203
2011,1,1,1,1,0,1,0,0,0,0,0,1,0,-0.0421388,0.0153875,-0.0428062,0.586136,0.514861,0.585042,0.54739,0.572812
2012,0,0,0,0,1,1,0,0,0,0,0,1,0,-0.053125,0.0155223,-0.0546404,0.53773,0.520549,0.518572,0.572492,0.529606
2013,1,0,0,0,1,1,0,0,0,0,0,1,0,-0.0598406,0.00678061,-0.0665722,0.528233,0.512982,0.518572,0.554599,0.528406
2014,0,1,0,0,1,1,0,0,0,0,0,1,0,-0.0359033,0.0225455,-0.0376401,0.614822,0.520917,0.60977,0.597924,0.539114
2015,1,1,0,0,1,1,0,0,0,0,0,1,0,-0.0412306,0.0150171,-0.0513208,0.605325,0.516007,0.60977,0.582927,0.535019
2016,0,0,1,0,1,1,0,0,0,0,0,1,0,-0.0531731,0.0149047,-0.0500828,0.53773,0.516563,0.518572,0.557677,0.553472
2017,1,0,1,0,1,1,0,0,0,0,0,1,0,-0.0595525,0.00726466,-0.0622275,0.528233,0.513344,0.518572,0.540502,0.541454
2018,0,1,1,0,1,1,0,0,0,0,0,1,0,-0.0367397,0.0205899,-0.0360753,0.595633,0.516439,0.585042,0.569965,0.560738
2019,1,1,1,0,1,1,0,0,0,0,0,1,0,-0.0419271,0.0139732,-0.0494011,0.586136,0.514812,0.585042,0.566183,0.55067
2020,0,0,0,1,1,1,0,0,0,0,0,1,0,-0.0512082,0.0165008,-0.0500119,0.53773,0.516376,0.518572,0.56523,0.541036
2021,1,0,0,1,1,1,0,0,0,0,0,1,0,-0.0579239,0.00778531,-0.0619438,0.528233,0.514107,0.518572,0.551305,0.526561
2022,0,1,0,1,1,1,0,0,0,0,0,1,0,-0.033516,0.0237961,-0.0327109,0.614822,0.517349,0.60977,0.590249,0.549972
2023,1,1,0,1,1,1,0,0,0,0,0,1,0,-0.0388433,0.0162933,-0.0463917,0.605325,0.515549,0.60977,0.578956,0.537356
2024,0,0,1,1,1,1,0,0,0,0,0,1,0,-0.0514634,0.0160619,-0.0468521,0.53773,0.515204,0.518572,0.553647,0.55821
2025,1,0,1,1,1,1,0,0,0,0,0,1,0,-0.0578428,0.00846681,-0.0589969,0.528233,0.51433,0.518572,0.542821,0.551381
2026,0,1,1,1,1,1,0,0,0,0,0,1,0,-0.0349312,0.0216483,-0.0314661,0.595633,0.515344,0.585042,0.571366,0.567586
2027,1,1,1,1,1,1,0,0,0,0,0,1,0,-0.0401186,0.0150698,-0.044792,0.586136,0.514901,0.585042,0.567985,0.559782
2028,0,0,0,0,0,0,1,0,0,0,0,1,0,-0.0570993,0.0118252,-0.0542145,0.502768,0.50925,0.461003,0.502943,0.563107
2029,1,0,0,0,0,0,1,0,0,0,0,1,0,-0.0638148,0.00305774,-0.0661466,0.493271,0.501178,0.461003,0.514329,0.549786
2030,0,1,0,0,0,0,1,0,0,0,0,1,0,-0.0398782,0.0188551,-0.0372142,0.588506,0.521156,0.573625,0.529547,0.567803
2031,1,1,0,0,0,0,1,0,0,0,0,1,0,-0.0452055,0.0113065,-0.050895,0.579008,0.513822,0.573625,0.532067,0.55553
2032,0,0,1,0,0,0,1,0,0,0,0,1,0,-0.0572607,0.0116932,-0.0494889,0.502768,0.5115,0.461003,0.501606,0.582289
2033,1,0,1,0,0,0,1,0,0,0,0,1,0,-0.06364,0.00402784,-0.0616338,0.493271,0.507509,0.461003,0.513856,0.57089
2034,0,1,1,0,0,0,1,0,0,0,0,1,0,-0.0408277,0.0173796,-0.0354813,0.569316,0.514869,0.548897,0.508888,0.585927
2035,1,1,1,0,0,0,1,0,0,0,0,1,0,-0.0460151,0.0107446,-0.0488073,0.559819,0.513014,0.548897,0.514759,0.575209
2036,0,0,0,1,0,0,1,0,0,0,0,1,0,-0.0542753,0.0135182,-0.0510272,0.502768,0.510831,0.461003,0.525312,0.573748
2037,1,0,0,1,0,0,1,0,0,0,0,1,0,-0.060991,0.00478179,-0.0629594,0.493271,0.509586,0.461003,0.521462,0.56205
2038,0,1,0,1,0,0,1,0,0,0,0,1,0,-0.0365836,0.0208186,-0.0337262,0.588506,0.51614,0.573625,0.524195,0.579382
2039,1,1,0,1,0,0,1,0,0,0,0,1,0,-0.041911,0.0133003,-0.0474071,0.579008,0.514565,0.573625,0.524195,0.568605
2040,0,0,1,1,0,0,1,0,0,0,0,1,0,-0.0548492,0.0124522,-0.0478906,0.502768,0.512689,0.461003,0.529207,0.589013
2041,1,0,1,1,0,0,1,0,0,0,0,1,0,-0.0612285,0.00483493,-0.0600357,0.493271,0.512219,0.461003,0.523708,0.581395
2042,0,1,1,1,0,0,1,0,0,0,0,1,0,-0.0383174,0.01804,-0.0325045,0.569316,0.513899,0.548897,0.522268,0.595271
2043,1,1,1,1,0,0,1,0,0,0,0,1,0,-0.0435048,0.0114459,-0.0458306,0.559819,0.514098,0.548897,0.523621,0.587277
2044,0,0,0,0,1,0,1,0,0,0,0,1,0,-0.0575905,0.0110309,-0.0577014,0.502768,0.51195,0.451261,0.51875,0.551004
2045,1,0,0,0,1,0,1,0,0,0,0,1,0,-0.0643061,0.00227934,-0.0696333,0.493271,0.509897,0.451261,0.510122,0.539474
2046,1,1,0,0,1,0,1,0,0,0,0,1,0,-0.0456968,0.0105168,-0.0543818,0.579008,0.514618,0.573625,0.537257,0.547637
2047,0,0,1,0,1,0,1,0,0,0,0,1,0,-0.0576389,0.0104153,-0.0531437,0.502768,0.513312,0.451261,0.524568,0.570472
2048,1,0,1,0,1,0,1,0,0,0,0,1,0,-0.0640181,0.00276546,-0.0652885,0.493271,0.512144,0.451261,0.519294,0.559781
2049,0,1,1,0,1,0,1,0,0,0,0,1,0,-0.041206,0.0160985,-0.0391363,0.569316,0.514857,0.548897,0.525674,0.576408
2050,1,1,1,0,1,0,1,0,0,0,0,1,0,-0.0463933,0.00947523,-0.0524621,0.559819,0.514206,0.548897,0.53352,0.566696
2051,0,0,0,1,1,0,1,0,0,0,0,1,0,-0.0554396,0.0117014,-0.0539075,0.502768,0.513465,0.451261,0.514632,0.560148
2052,1,0,0,1,1,0,1,0,0,0,0,1,0,-0.0621553,0.00297821,-0.0658396,0.493271,0.51301,0.451261,0.502393,0.549529
2053,0,1,0,1,1,0,1,0,0,0,0,1,0,-0.037748,0.0189914,-0.0366067,0.588506,0.515848,0.573625,0.534824,0.56725
2054,1,1,0,1,1,0,1,0,0,0,0,1,0,-0.0430754,0.0114842,-0.0502874,0.579008,0.514953,0.573625,0.525161,0.557284
2055,0,0,1,1,1,0,1,0,0,0,0,1,0,-0.055695,0.0112686,-0.0507478,0.502768,0.51409,0.451261,0.529544,0.573955
2056,1,0,1,1,1,0,1,0,0,0,0,1,0,-0.0620743,0.0036667,-0.0628927,0.493271,0.513905,0.451261,0.518692,0.568812
2057,0,1,1,1,1,0,1,0,0,0,0,1,0,-0.0391634,0.0168522,-0.0353618,0.569316,0.514686,0.548897,0.540607,0.582866
2058,1,1,1,1,1,0,1,0,0,0,0,1,0,-0.0443507,0.0102703,-0.0486877,0.559819,0.514638,0.548897,0.531711,0.576055
2059,0,0,0,0,0,1,1,0,0,0,0,1,0,-0.0562223,0.0134029,-0.0526207,0.515193,0.519299,0.485205,0.549984,0.544256
2060,1,0,0,0,0,1,1,0,0,0,0,1,0,-0.0629379,0.00464018,-0.0645528,0.505696,0.511319,0.485205,0.548204,0.540297
2061,0,1,0,0,0,1,1,0,0,0,0,1,0,-0.0390011,0.0204407,-0.0356202,0.600931,0.518332,0.573625,0.577585,0.550161
2062,1,1,0,0,0,1,1,0,0,0,0,1,0,-0.0443284,0.0128946,-0.0493011,0.591434,0.514562,0.573625,0.577585,0.545659
2063,1,0,1,0,0,1,1,0,0,0,0,1,0,-0.0627629,0.00561931,-0.0600401,0.505696,0.512703,0.485205,0.519549,0.551171
2064,0,1,1,0,0,1,1,0,0,0,0,1,0,-0.0399507,0.0189726,-0.0338874,0.581741,0.515457,0.548897,0.534859,0.568152
2065,1,1,1,0,0,1,1,0,0,0,0,1,0,-0.0451381,0.0123408,-0.0472134,0.572244,0.514259,0.548897,0.534859,0.557969
2066,0,0,0,1,0,1,1,0,0,0,0,1,0,-0.0534122,0.015286,-0.0488325,0.515193,0.515623,0.485205,0.538285,0.55278
2067,1,0,0,1,0,1,1,0,0,0,0,1,0,-0.0601279,0.00655482,-0.0607647,0.505696,0.513419,0.485205,0.536036,0.541668
2068,0,1,0,1,0,1,1,0,0,0,0,1,0,-0.0357204,0.0225985,-0.0315313,0.600931,0.515697,0.573625,0.561064,0.559398
2069,1,1,0,1,0,1,1,0,0,0,0,1,0,-0.0410478,0.0150829,-0.0452123,0.591434,0.514756,0.573625,0.561064,0.549578
2070,0,0,1,1,0,1,1,0,0,0,0,1,0,-0.053986,0.0142239,-0.0456958,0.515193,0.514913,0.485205,0.533692,0.571292
2071,1,0,1,1,0,1,1,0,0,0,0,1,0,-0.0603654,0.00661211,-0.0578409,0.505696,0.514069,0.485205,0.533692,0.561297
2072,0,1,1,1,0,1,1,0,0,0,0,1,0,-0.0374542,0.0198196,-0.0303096,0.581741,0.514726,0.548897,0.530566,0.577274
2073,1,1,1,1,0,1,1,0,0,0,0,1,0,-0.0426416,0.0132288,-0.0436357,0.572244,0.514602,0.548897,0.530566,0.56823
2074,0,0,0,0,1,1,1,0,0,0,0,1,0,-0.0550225,0.0130646,-0.0550763,0.515193,0.514131,0.475463,0.566927,0.534611
2075,1,0,0,0,1,1,1,0,0,0,0,1,0,-0.0617381,0.00432,-0.0670083,0.505696,0.512853,0.475463,0.549552,0.535011
2076,0,1,0,0,1,1,1,0,0,0,0,1,0,-0.0378011,0.0200913,-0.0380759,0.600931,0.51548,0.573625,0.590096,0.540583
2077,1,1,0,0,1,1,1,0,0,0,0,1,0,-0.0431284,0.0125603,-0.0517567,0.591434,0.514559,0.573625,0.588834,0.540829
2078,0,0,1,0,1,1,1,0,0,0,0,1,0,-0.0550707,0.012454,-0.0505186,0.515193,0.514425,0.475463,0.534858,0.549833
2079,1,0,1,0,1,1,1,0,0,0,0,1,0,-0.06145,0.00480975,-0.0626635,0.505696,0.51378,0.475463,0.532659,0.540407
2080,0,1,1,0,1,1,1,0,0,0,0,1,0,-0.0386376,0.018142,-0.0365111,0.581741,0.514818,0.548897,0.551796,0.556742
2081,1,1,1,0,1,1,1,0,0,0,0,1,0,-0.0438249,0.0115221,-0.049837,0.572244,0.514547,0.548897,0.551796,0.548701
2082,0,0,0,1,1,1,1,0,0,0,0,1,0,-0.0531057,0.0140244,-0.0504477,0.515193,0.514367,0.475463,0.545776,0.535935
2083,1,0,0,1,1,1,1,0,0,0,0,1,0,-0.0598214,0.00530613,-0.0623798,0.505696,0.514063,0.475463,0.529438,0.53369
2084,0,1,0,1,1,1,1,0,0,0,0,1,0,-0.0354138,0.0213238,-0.0331466,0.600931,0.515074,0.573625,0.574033,0.545634
2085,1,1,0,1,1,1,1,0,0,0,0,1,0,-0.0407411,0.0138182,-0.0468275,0.591434,0.514783,0.573625,0.564992,0.539762
2086,0,0,1,1,1,1,1,0,0,0,0,1,0,-0.053361,0.0135929,-0.0472879,0.515193,0.514582,0.475463,0.546012,0.557139
2087,1,0,1,1,1,1,1,0,0,0,0,1,0,-0.0597403,0.00599354,-0.0594328,0.505696,0.514454,0.475463,0.534567,0.547244
2088,0,1,1,1,1,1,1,0,0,0,0,1,0,-0.0368291,0.0191825,-0.0319018,0.581741,0.51476,0.548897,0.546012,0.564436
2089,1,1,1,1,1,1,1,0,0,0,0,1,0,-0.0420164,0.0126008,-0.0452277,0.572244,0.514734,0.548897,0.546012,0.556151
2090,0,0,0,0,0,0,0,1,0,0,0,1,0,-0.0527961,0.0151751,-0.052566,0.533094,0.51591,0.504112,0.511114,0.584524
2091,1,0,0,0,0,0,0,1,0,0,0,1,0,-0.0595115,0.00640526,-0.0644979,0.523597,0.505999,0.504112,0.500357,0.572622
2092,0,1,0,0,0,0,0,1,0,0,0,1,0,-0.0355751,0.0221947,-0.0355658,0.610187,0.530711,0.614782,0.538267,0.589189
2093,1,1,0,0,0,0,0,1,0,0,0,1,0,-0.0409023,0.0146421,-0.0492466,0.60069,0.518383,0.614782,0.527811,0.577929
2094,0,0,1,0,0,0,0,1,0,0,0,1,0,-0.0529575,0.0150327,-0.0478404,0.533094,0.514016,0.504112,0.517608,0.594516
2095,1,0,1,0,0,0,0,1,0,0,0,1,0,-0.0593366,0.0073596,-0.0599853,0.523597,0.509454,0.504112,0.51165,0.592303
2096,0,1,1,0,0,0,0,1,0,0,0,1,0,-0.0365246,0.0207116,-0.033833,0.590997,0.518543,0.590054,0.530683,0.594902
2097,1,1,1,0,0,0,0,1,0,0,0,1,0,-0.0417119,0.0140681,-0.047159,0.5815,0.514817,0.590054,0.534996,0.594913
2098,0,0,0,1,0,0,0,1,0,0,0,1,0,-0.0499721,0.0168703,-0.0493788,0.533094,0.513494,0.504112,0.518727,0.586588
2099,1,0,0,1,0,0,0,1,0,0,0,1,0,-0.0566876,0.00813165,-0.0613108,0.523597,0.511565,0.504112,0.505773,0.583332
2100,0,1,0,1,0,0,0,1,0,0,0,1,0,-0.0322805,0.0241616,-0.0320779,0.610187,0.520728,0.614782,0.53885,0.595834
2101,1,1,0,1,0,0,0,1,0,0,0,1,0,-0.0376078,0.0166393,-0.0457588,0.60069,0.516738,0.614782,0.5294,0.590024
2102,0,0,1,1,0,0,0,1,0,0,0,1,0,-0.0505459,0.015788,-0.0462422,0.533094,0.513685,0.504112,0.517463,0.586636
2103,1,0,1,1,0,0,0,1,0,0,0,1,0,-0.0569251,0.00816316,-0.0583871,0.523597,0.512981,0.504112,0.508084,0.594257
2104,0,1,1,1,0,0,0,1,0,0,0,1,0,-0.0340142,0.0213683,-0.0308563,0.590997,0.515629,0.590054,0.533798,0.589736
2105,1,1,1,1,0,0,0,1,0,0,0,1,0,-0.0392016,0.0147658,-0.0441823,0.5815,0.514932,0.590054,0.536624,0.597001
2106,0,0,0,0,1,0,0,1,0,0,0,1,0,-0.0528268,0.0149265,-0.0562571,0.533094,0.516769,0.49437,0.506099,0.572604
2107,1,0,0,0,1,0,0,1,0,0,0,1,0,-0.0595423,0.00617146,-0.0681889,0.523597,0.512542,0.49437,0.502671,0.561525
2108,0,1,0,0,1,0,0,1,0,0,0,1,0,-0.0356058,0.0219374,-0.039257,0.610187,0.521331,0.614782,0.524633,0.579324
2109,1,1,0,0,1,0,0,1,0,0,0,1,0,-0.040933,0.0143978,-0.0529377,0.60069,0.516521,0.614782,0.527411,0.569172
2110,0,0,1,0,1,0,0,1,0,0,0,1,0,-0.0528751,0.0142953,-0.0516995,0.533094,0.515109,0.49437,0.516045,0.585035
2111,1,0,1,0,1,0,0,1,0,0,0,1,0,-0.0592542,0.00663684,-0.0638442,0.523597,0.51318,0.49437,0.517297,0.581244
2112,0,1,1,0,1,0,0,1,0,0,0,1,0,-0.0364422,0.0199714,-0.0376922,0.590997,0.516421,0.590054,0.53553,0.594112
2113,1,1,1,0,1,0,0,1,0,0,0,1,0,-0.0416295,0.0133391,-0.051018,0.5815,0.514948,0.590054,0.539,0.588124
2114,0,0,0,1,1,0,0,1,0,0,0,1,0,-0.0506759,0.0156034,-0.0524634,0.533094,0.515268,0.49437,0.498343,0.571481
2115,1,0,0,1,1,0,0,1,0,0,0,1,0,-0.0573914,0.00687689,-0.0643953,0.523597,0.514041,0.49437,0.49448,0.570197
2116,0,1,0,1,1,0,0,1,0,0,0,1,0,-0.0329843,0.0228843,-0.0351626,0.610187,0.517726,0.614782,0.51408,0.581274
2117,1,1,0,1,1,0,0,1,0,0,0,1,0,-0.0383116,0.0153727,-0.0488434,0.60069,0.515822,0.614782,0.516892,0.578806
2118,0,0,1,1,1,0,0,1,0,0,0,1,0,-0.0509312,0.0151527,-0.0493036,0.533094,0.514759,0.49437,0.504622,0.579462
2119,1,0,1,1,1,0,0,1,0,0,0,1,0,-0.0573104,0.00754237,-0.0614484,0.523597,0.514297,0.49437,0.505619,0.579454
2120,0,1,1,1,1,0,0,1,0,0,0,1,0,-0.0343996,0.0207291,-0.0339178,0.590997,0.515388,0.590054,0.518721,0.588305
2121,1,1,1,1,1,0,0,1,0,0,0,1,0,-0.0395868,0.0141383,-0.0472437,0.5815,0.514969,0.590054,0.524923,0.588664
2122,0,0,0,0,0,1,0,1,0,0,0,1,0,-0.0528403,0.0176655,-0.0490536,0.545519,0.522351,0.528314,0.53095,0.565121
2123,1,0,0,0,0,1,0,1,0,0,0,1,0,-0.0595558,0.00890135,-0.0609856,0.536022,0.513382,0.528314,0.505119,0.553161
2124,0,1,0,0,0,1,0,1,0,0,0,1,0,-0.0356192,0.0246953,-0.0320532,0.622612,0.521517,0.614782,0.557666,0.571392
2125,1,1,0,0,0,1,0,1,0,0,0,1,0,-0.0409464,0.0171468,-0.0457341,0.613115,0.516143,0.614782,0.544809,0.560593
2126,0,0,1,0,0,1,0,1,0,0,0,1,0,-0.0530016,0.0175365,-0.044328,0.545519,0.517224,0.528314,0.537196,0.583802
2127,1,0,1,0,0,1,0,1,0,0,0,1,0,-0.0593807,0.0098726,-0.0564729,0.536022,0.513526,0.528314,0.515655,0.573631
2128,0,1,1,0,0,1,0,1,0,0,0,1,0,-0.0365687,0.0232229,-0.0303204,0.603422,0.516689,0.590054,0.540112,0.589514
2129,1,1,1,0,0,1,0,1,0,0,0,1,0,-0.041756,0.0165867,-0.0436465,0.593925,0.514888,0.590054,0.541083,0.580104
2130,0,0,0,1,0,1,0,1,0,0,0,1,0,-0.0500302,0.019555,-0.0452653,0.545519,0.516799,0.528314,0.534157,0.574129
2131,1,0,0,1,0,1,0,1,0,0,0,1,0,-0.0567457,0.0108225,-0.0571975,0.536022,0.514245,0.528314,0.516082,0.563654
2132,0,1,0,1,0,1,0,1,0,0,0,1,0,-0.0323385,0.0268607,-0.0279642,0.622612,0.517187,0.614782,0.547792,0.580843
2133,1,1,0,1,0,1,0,1,0,0,0,1,0,-0.0376658,0.0193426,-0.0416452,0.613115,0.515492,0.614782,0.533516,0.571291
2134,0,0,1,1,0,1,0,1,0,0,0,1,0,-0.0506039,0.018483,-0.0421287,0.545519,0.515352,0.528314,0.537896,0.585439
2135,1,0,1,1,0,1,0,1,0,0,0,1,0,-0.0569832,0.0108677,-0.0542738,0.536022,0.514385,0.528314,0.525259,0.582443
2136,0,1,1,1,0,1,0,1,0,0,0,1,0,-0.0340722,0.0240726,-0.0267426,0.603422,0.515291,0.590054,0.541184,0.593931
2137,1,1,1,1,0,1,0,1,0,0,0,1,0,-0.0392596,0.0174775,-0.0400687,0.593925,0.514885,0.590054,0.539197,0.589261
2138,0,0,0,0,1,1,0,1,0,0,0,1,0,-0.0502456,0.0176513,-0.0519029,0.545519,0.517063,0.518572,0.53412,0.552397
2139,1,0,0,0,1,1,0,1,0,0,0,1,0,-0.0569612,0.00890474,-0.0638347,0.536022,0.514277,0.518572,0.516227,0.54021
2140,0,1,0,0,1,1,0,1,0,0,0,1,0,-0.0330242,0.0246697,-0.0349026,0.622612,0.517253,0.614782,0.566283,0.56004
2141,1,1,0,0,1,1,0,1,0,0,0,1,0,-0.0383514,0.0171358,-0.0485834,0.613115,0.515362,0.614782,0.55488,0.550054
2142,0,0,1,0,1,1,0,1,0,0,0,1,0,-0.0502937,0.0170311,-0.0473453,0.545519,0.515513,0.518572,0.527009,0.571289
2143,1,0,1,0,1,1,0,1,0,0,0,1,0,-0.056673,0.00938243,-0.05949,0.536022,0.514328,0.518572,0.511186,0.561856
2144,0,1,1,0,1,1,0,1,0,0,0,1,0,-0.0338606,0.0227121,-0.0333378,0.603422,0.515488,0.590054,0.547267,0.578311
2145,1,1,1,0,1,1,0,1,0,0,0,1,0,-0.0390479,0.0160873,-0.0466637,0.593925,0.514857,0.590054,0.539224,0.569776
2146,0,0,0,1,1,1,0,1,0,0,0,1,0,-0.0483288,0.0186202,-0.0472744,0.545519,0.515449,0.518572,0.516238,0.559602
2147,1,0,0,1,1,1,0,1,0,0,0,1,0,-0.0550444,0.00989992,-0.0592063,0.536022,0.514606,0.518572,0.502313,0.550588
2148,0,1,0,1,1,1,0,1,0,0,0,1,0,-0.0306369,0.0259119,-0.0299733,0.622612,0.515832,0.614782,0.546354,0.568057
2149,1,1,0,1,1,1,0,1,0,0,0,1,0,-0.0359641,0.0184036,-0.0436542,0.613115,0.515132,0.614782,0.534442,0.55934
2150,0,0,1,1,1,1,0,1,0,0,0,1,0,-0.048584,0.0181788,-0.0441146,0.545519,0.514983,0.518572,0.523257,0.570913
2151,1,0,1,1,1,1,0,1,0,0,0,1,0,-0.0549632,0.0105752,-0.0562595,0.536022,0.514658,0.518572,0.511725,0.568987
2152,0,1,1,1,1,1,0,1,0,0,0,1,0,-0.032052,0.0237619,-0.0287286,0.603422,0.515043,0.590054,0.538807,0.579539
2153,1,1,1,1,1,1,0,1,0,0,0,1,0,-0.0372394,0.0171753,-0.0420545,0.593925,0.514866,0.590054,0.528905,0.577446
2154,0,0,0,0,0,0,1,1,0,0,0,1,0,-0.0550458,0.012965,-0.0522502,0.502768,0.513177,0.461003,0.537198,0.580322
2155,1,0,0,0,0,0,1,1,0,0,0,1,0,-0.0617612,0.00419172,-0.0641823,0.493271,0.510219,0.461003,0.518452,0.568641
2156,1,1,0,0,0,0,1,1,0,0,0,1,0,-0.0431522,0.0124339,-0.0489308,0.579008,0.51478,0.578637,0.536274,0.572966
2157,0,0,1,0,0,0,1,1,0,0,0,1,0,-0.0552072,0.01283,-0.0475246,0.502768,0.513753,0.461003,0.524686,0.596592
2158,1,0,1,0,0,0,1,1,0,0,0,1,0,-0.0615863,0.00515516,-0.0596696,0.493271,0.512289,0.461003,0.508111,0.586876
2159,0,1,1,0,0,0,1,1,0,0,0,1,0,-0.0387745,0.0185113,-0.0335171,0.569316,0.515064,0.55391,0.524686,0.59639
2160,1,1,1,0,0,0,1,1,0,0,0,1,0,-0.0439618,0.0118674,-0.0468431,0.559819,0.514281,0.55391,0.521643,0.590698
2161,0,0,0,1,0,0,1,1,0,0,0,1,0,-0.0522218,0.0146483,-0.0490629,0.502768,0.513525,0.461003,0.549289,0.589334
2162,1,0,0,1,0,0,1,1,0,0,0,1,0,-0.0589373,0.00590625,-0.0609951,0.493271,0.513043,0.461003,0.535746,0.579487
2163,0,1,0,1,0,0,1,1,0,0,0,1,0,-0.0345304,0.0219438,-0.0317619,0.588506,0.515571,0.578637,0.549363,0.594934
2164,1,1,0,1,0,0,1,1,0,0,0,1,0,-0.0398577,0.0144193,-0.0454429,0.579008,0.514863,0.578637,0.549363,0.585767
2165,0,0,1,1,0,0,1,1,0,0,0,1,0,-0.0527957,0.0135784,-0.0459263,0.502768,0.514101,0.461003,0.531204,0.596184
2166,1,0,1,1,0,0,1,1,0,0,0,1,0,-0.0591749,0.00595177,-0.0580714,0.493271,0.513919,0.461003,0.519192,0.596086
2167,0,1,1,1,0,0,1,1,0,0,0,1,0,-0.0362641,0.0191617,-0.0305403,0.569316,0.514581,0.55391,0.539801,0.598026
2168,1,1,1,1,0,0,1,1,0,0,0,1,0,-0.0414515,0.0125587,-0.0438663,0.559819,0.514607,0.55391,0.533427,0.600106
2169,0,0,0,0,1,0,1,1,0,0,0,1,0,-0.0555369,0.0121866,-0.0557371,0.502768,0.513907,0.451261,0.523352,0.569333
2170,1,0,0,0,1,0,1,1,0,0,0,1,0,-0.0622524,0.00342918,-0.067669,0.493271,0.51316,0.451261,0.511486,0.558696
2171,0,1,0,0,1,0,1,1,0,0,0,1,0,-0.0383162,0.0192014,-0.0387369,0.588506,0.515892,0.578637,0.541897,0.575613
2172,1,1,0,0,1,0,1,1,0,0,0,1,0,-0.0436434,0.01166,-0.0524176,0.579008,0.514858,0.578637,0.538813,0.565952
2173,0,0,1,0,1,0,1,1,0,0,0,1,0,-0.0555853,0.0115678,-0.0511795,0.502768,0.51432,0.451261,0.52168,0.586535
2174,1,0,1,0,1,0,1,1,0,0,0,1,0,-0.0619645,0.00390843,-0.0633243,0.493271,0.513893,0.451261,0.50946,0.57761
2175,0,1,1,0,1,0,1,1,0,0,0,1,0,-0.0391527,0.0172459,-0.0371721,0.569316,0.514908,0.55391,0.524925,0.592342
2176,1,1,1,0,1,0,1,1,0,0,0,1,0,-0.0443399,0.0106137,-0.0504979,0.559819,0.514637,0.55391,0.525989,0.584103
2177,0,0,0,1,1,0,1,1,0,0,0,1,0,-0.053386,0.012847,-0.0519433,0.502768,0.514381,0.451261,0.5244,0.576939
2178,1,0,0,1,1,0,1,1,0,0,0,1,0,-0.0601016,0.00411804,-0.0638753,0.493271,0.514207,0.451261,0.515434,0.56789
2179,0,1,0,1,1,0,1,1,0,0,0,1,0,-0.0356948,0.0201321,-0.0346424,0.588506,0.515283,0.578637,0.543044,0.583762
2180,1,1,0,1,1,0,1,1,0,0,0,1,0,-0.0410221,0.0126187,-0.0483232,0.579008,0.514915,0.578637,0.537328,0.575442
2181,0,0,1,1,1,0,1,1,0,0,0,1,0,-0.0536415,0.0124109,-0.0487835,0.502768,0.514574,0.451261,0.525414,0.584367
2182,1,0,1,1,1,0,1,1,0,0,0,1,0,-0.0600206,0.00479962,-0.0609284,0.493271,0.514503,0.451261,0.519121,0.584453
2183,0,1,1,1,1,0,1,1,0,0,0,1,0,-0.0371101,0.01799,-0.0333976,0.569316,0.514803,0.55391,0.536829,0.592738
2184,1,1,1,1,1,0,1,1,0,0,0,1,0,-0.0422973,0.0113993,-0.0467235,0.559819,0.51477,0.55391,0.535084,0.591556
2185,0,0,0,0,0,1,1,1,0,0,0,1,0,-0.0536515,0.0149817,-0.0495387,0.515193,0.51661,0.485205,0.537423,0.562115
2186,1,0,0,0,0,1,1,1,0,0,0,1,0,-0.060367,0.00621394,-0.0614708,0.505696,0.513683,0.485205,0.520483,0.552019
2187,0,1,0,0,0,1,1,1,0,0,0,1,0,-0.0364306,0.0220158,-0.0325382,0.600931,0.516309,0.578637,0.548614,0.567777
2188,1,1,0,0,0,1,1,1,0,0,0,1,0,-0.0417578,0.0144645,-0.0462191,0.591434,0.514838,0.578637,0.548614,0.557409
2189,0,0,1,0,0,1,1,1,0,0,0,1,0,-0.0538129,0.0148578,-0.044813,0.515193,0.515336,0.485205,0.52676,0.579967
2190,1,0,1,0,0,1,1,1,0,0,0,1,0,-0.060192,0.00719034,-0.0569581,0.505696,0.514099,0.485205,0.513365,0.570329
2191,0,1,1,0,0,1,1,1,0,0,0,1,0,-0.0373801,0.0205472,-0.0308054,0.581741,0.51513,0.55391,0.527807,0.584644
2192,1,1,1,0,0,1,1,1,0,0,0,1,0,-0.0425674,0.0139088,-0.0441314,0.572244,0.514657,0.55391,0.527807,0.575558
2193,0,0,0,1,0,1,1,1,0,0,0,1,0,-0.0508414,0.0168539,-0.0457504,0.515193,0.515175,0.485205,0.548908,0.570982
2194,1,0,0,1,0,1,1,1,0,0,0,1,0,-0.057557,0.00811777,-0.0576826,0.505696,0.514358,0.485205,0.532863,0.560995
2195,0,1,0,1,0,1,1,1,0,0,0,1,0,-0.0331499,0.024164,-0.0284491,0.600931,0.51523,0.578637,0.548908,0.577292
2196,1,1,0,1,0,1,1,1,0,0,0,1,0,-0.0384771,0.0166432,-0.0421302,0.591434,0.514843,0.578637,0.548454,0.568251
2197,0,0,1,1,0,1,1,1,0,0,0,1,0,-0.0514152,0.0157917,-0.0426138,0.515193,0.514877,0.485205,0.540984,0.587247
2198,1,0,1,1,0,1,1,1,0,0,0,1,0,-0.0577945,0.00817262,-0.0547589,0.505696,0.514564,0.485205,0.530208,0.578968
2199,0,1,1,1,0,1,1,1,0,0,0,1,0,-0.0348836,0.0213848,-0.0272275,0.581741,0.514818,0.55391,0.540984,0.593037
2200,1,1,1,1,0,1,1,1,0,0,0,1,0,-0.040071,0.0147873,-0.0405537,0.572244,0.514757,0.55391,0.540984,0.585427
2201,0,0,0,0,1,1,1,1,0,0,0,1,0,-0.0524517,0.0146557,-0.0519942,0.515193,0.514617,0.475463,0.53993,0.55032
2202,1,0,0,0,1,1,1,1,0,0,0,1,0,-0.0591672,0.00590607,-0.0639263,0.505696,0.514151,0.475463,0.520517,0.5431
2203,0,1,0,0,1,1,1,1,0,0,0,1,0,-0.0352306,0.0216788,-0.0349938,0.600931,0.515128,0.578637,0.57452,0.557645
2204,1,1,0,0,1,1,1,1,0,0,0,1,0,-0.0405578,0.0141425,-0.0486747,0.591434,0.514763,0.578637,0.55739,0.551215
2205,0,0,1,0,1,1,1,1,0,0,0,1,0,-0.0525,0.0140451,-0.0474366,0.515193,0.514694,0.475463,0.543919,0.56841
2206,1,0,1,0,1,1,1,1,0,0,0,1,0,-0.0588791,0.00639352,-0.0595815,0.505696,0.514458,0.475463,0.526499,0.559484
2207,0,1,1,0,1,1,1,1,0,0,0,1,0,-0.036067,0.0197295,-0.0334291,0.581741,0.514844,0.55391,0.543919,0.575039
2208,1,1,1,0,1,1,1,1,0,0,0,1,0,-0.0412543,0.0131028,-0.046755,0.572244,0.514734,0.55391,0.540386,0.567009
2209,0,0,0,1,1,1,1,1,0,0,0,1,0,-0.0505349,0.0156049,-0.0473656,0.515193,0.514674,0.475463,0.533974,0.557834
2210,1,0,0,1,1,1,1,1,0,0,0,1,0,-0.0572505,0.00688151,-0.0592978,0.505696,0.514561,0.475463,0.517307,0.54816
2211,0,1,0,1,1,1,1,1,0,0,0,1,0,-0.0328433,0.0229018,-0.0300645,0.600931,0.514941,0.578637,0.549887,0.565498
2212,1,1,0,1,1,1,1,1,0,0,0,1,0,-0.0381705,0.015391,-0.0437455,0.591434,0.514822,0.578637,0.533098,0.557258
2213,0,0,1,1,1,1,1,1,0,0,0,1,0,-0.0507902,0.0151744,-0.0442058,0.515193,0.51474,0.475463,0.544533,0.574353
2214,1,0,1,1,1,1,1,1,0,0,0,1,0,-0.0571694,0.00756778,-0.0563509,0.505696,0.514692,0.475463,0.530408,0.566782
2215,0,1,1,1,1,1,1,1,0,0,0,1,0,-0.0342585,0.0207614,-0.0288197,0.581741,0.514808,0.55391,0.55249,0.581374
2216,1,1,1,1,1,1,1,1,0,0,0,1,0,-0.0394458,0.014173,-0.0421458,0.572244,0.514794,0.55391,0.542438,0.574527
2217,0,0,0,0,0,0,0,0,1,0,0,1,0,-0.055358,0.0154663,-0.0520361,0.525305,0.512385,0.504112,0.496958,0.579139
2218,1,0,0,0,0,0,0,0,1,0,0,1,0,-0.0620735,0.00669672,-0.0639681,0.515808,0.503633,0.504112,0.524408,0.571802
2219,1,1,0,0,0,0,0,0,1,0,0,1,0,-0.0434642,0.0149406,-0.0487167,0.583936,0.517975,0.603449,0.586923,0.578842
2220,0,0,1,0,0,0,0,0,1,0,0,1,0,-0.0555193,0.015328,-0.0473105,0.525305,0.512552,0.504112,0.51168,0.585263
2221,0,1,1,0,0,0,0,0,1,0,0,1,0,-0.0390863,0.0210132,-0.0333031,0.574243,0.518087,0.578721,0.55227,0.588771
2222,1,1,1,0,0,0,0,0,1,0,0,1,0,-0.0442737,0.014369,-0.0466291,0.564746,0.51465,0.578721,0.574114,0.595261
2223,0,0,0,1,0,0,0,0,1,0,0,1,0,-0.052534,0.0171645,-0.0488489,0.525305,0.510382,0.504112,0.558426,0.574142
2224,1,0,0,1,0,0,0,0,1,0,0,1,0,-0.0592496,0.00842604,-0.060781,0.515808,0.510184,0.504112,0.559193,0.573696
2225,0,1,0,1,0,0,0,0,1,0,0,1,0,-0.0348422,0.0244664,-0.031548,0.593433,0.518814,0.603449,0.568795,0.584021
2226,1,1,0,1,0,0,0,0,1,0,0,1,0,-0.0401697,0.0169426,-0.0452289,0.583936,0.51608,0.603449,0.577693,0.583764
2227,0,0,1,1,0,0,0,0,1,0,0,1,0,-0.0531078,0.0160882,-0.0457123,0.525305,0.512425,0.504112,0.554315,0.576146
2228,1,0,1,1,0,0,0,0,1,0,0,1,0,-0.059487,0.0084653,-0.0578573,0.515808,0.512494,0.504112,0.5631,0.581999
2229,0,1,1,1,0,0,0,0,1,0,0,1,0,-0.036576,0.0216753,-0.0303264,0.574243,0.514698,0.578721,0.559092,0.579535
2230,1,1,1,1,0,0,0,0,1,0,0,1,0,-0.0417634,0.015072,-0.0436524,0.564746,0.51464,0.578721,0.572102,0.587847
2231,0,0,0,0,1,0,0,0,1,0,0,1,0,-0.0553886,0.0152239,-0.0557272,0.525305,0.513272,0.49437,0.518823,0.564124
2232,1,0,0,0,1,0,0,0,1,0,0,1,0,-0.0621041,0.00646922,-0.0676591,0.515808,0.510862,0.49437,0.534173,0.559399
2233,0,1,0,0,1,0,0,0,1,0,0,1,0,-0.0381674,0.0222437,-0.0387272,0.593433,0.519813,0.603449,0.550514,0.574081
2234,1,1,0,0,1,0,0,0,1,0,0,1,0,-0.0434947,0.0147026,-0.0524078,0.583936,0.515888,0.603449,0.572733,0.567878
2235,0,0,1,0,1,0,0,0,1,0,0,1,0,-0.0554368,0.014598,-0.0511696,0.525305,0.513764,0.49437,0.535708,0.573561
2236,1,0,1,0,1,0,0,0,1,0,0,1,0,-0.061816,0.00694155,-0.0633144,0.515808,0.512601,0.49437,0.552007,0.572575
2237,0,1,1,0,1,0,0,0,1,0,0,1,0,-0.0390039,0.0202803,-0.0371624,0.574243,0.51576,0.578721,0.549733,0.582771
2238,1,1,1,0,1,0,0,0,1,0,0,1,0,-0.0441913,0.0136473,-0.0504881,0.564746,0.514705,0.578721,0.566987,0.582141
2239,0,0,0,1,1,0,0,0,1,0,0,1,0,-0.0532377,0.0159013,-0.0519335,0.525305,0.513671,0.49437,0.575621,0.559694
2240,1,0,0,1,1,0,0,0,1,0,0,1,0,-0.0599533,0.00717502,-0.0638654,0.515808,0.513366,0.49437,0.579926,0.559236
2241,0,1,0,1,1,0,0,0,1,0,0,1,0,-0.035546,0.0231929,-0.0346327,0.593433,0.51669,0.603449,0.58714,0.569962
2242,1,1,0,1,1,0,0,0,1,0,0,1,0,-0.0408734,0.0156797,-0.0483135,0.583936,0.515458,0.603449,0.592823,0.569302
2243,0,0,1,1,1,0,0,0,1,0,0,1,0,-0.053493,0.0154587,-0.0487737,0.525305,0.514131,0.49437,0.56481,0.566394
2244,1,0,1,1,1,0,0,0,1,0,0,1,0,-0.0598722,0.00785039,-0.0609186,0.515808,0.514057,0.49437,0.572302,0.568145
2245,0,1,1,1,1,0,0,0,1,0,0,1,0,-0.0369613,0.021042,-0.0333879,0.574243,0.514922,0.578721,0.573607,0.575929
2246,1,1,1,1,1,0,0,0,1,0,0,1,0,-0.0421486,0.0144504,-0.0467138,0.564746,0.514816,0.578721,0.582521,0.577562
2247,0,0,0,0,0,1,0,0,1,0,0,1,0,-0.0555211,0.0178718,-0.0497879,0.53773,0.521699,0.528314,0.583816,0.563568
2248,1,0,0,0,0,1,0,0,1,0,0,1,0,-0.0622366,0.00910674,-0.06172,0.528233,0.512749,0.528314,0.587923,0.551489
2249,0,1,0,0,0,1,0,0,1,0,0,1,0,-0.0382999,0.024909,-0.0327876,0.605858,0.521439,0.603449,0.591874,0.570742
2250,1,1,0,0,0,1,0,0,1,0,0,1,0,-0.0436272,0.0173577,-0.0464686,0.596361,0.51604,0.603449,0.600646,0.559595
2251,0,0,1,0,0,1,0,0,1,0,0,1,0,-0.0556824,0.017746,-0.0450624,0.53773,0.516932,0.528314,0.558253,0.578818
2252,1,0,1,0,0,1,0,0,1,0,0,1,0,-0.0620615,0.0100824,-0.0572074,0.528233,0.513334,0.528314,0.566029,0.572788
2253,0,1,1,0,0,1,0,0,1,0,0,1,0,-0.0392494,0.0234376,-0.0310549,0.586668,0.516596,0.578721,0.569126,0.587818
2254,1,1,1,0,0,1,0,0,1,0,0,1,0,-0.0444368,0.0167989,-0.0443809,0.577171,0.514853,0.578721,0.585062,0.580018
2255,0,0,0,1,0,1,0,0,1,0,0,1,0,-0.052711,0.0197618,-0.0459997,0.53773,0.515927,0.528314,0.580858,0.565659
2256,1,0,0,1,0,1,0,0,1,0,0,1,0,-0.0594266,0.0110284,-0.0579319,0.528233,0.513837,0.528314,0.57933,0.561477
2257,0,1,0,1,0,1,0,0,1,0,0,1,0,-0.0350192,0.0270768,-0.0286987,0.605858,0.516613,0.603449,0.586488,0.574973
2258,1,1,0,1,0,1,0,0,1,0,0,1,0,-0.0403466,0.019556,-0.0423797,0.596361,0.515298,0.603449,0.585524,0.570039
2259,0,0,1,1,0,1,0,0,1,0,0,1,0,-0.0532847,0.0186947,-0.0428632,0.53773,0.514995,0.528314,0.559159,0.574252
2260,1,0,1,1,0,1,0,0,1,0,0,1,0,-0.059664,0.0110795,-0.0550082,0.528233,0.514245,0.528314,0.558834,0.573479
2261,1,1,1,1,0,1,0,0,1,0,0,1,0,-0.0419404,0.0176923,-0.0408032,0.577171,0.514802,0.578721,0.571615,0.582248
2262,0,0,0,0,1,1,0,0,1,0,0,1,0,-0.0529263,0.0178722,-0.0526373,0.53773,0.516761,0.518572,0.597157,0.549786
2263,1,0,0,0,1,1,0,0,1,0,0,1,0,-0.0596419,0.00912482,-0.0645692,0.528233,0.514022,0.518572,0.591058,0.537048
2264,0,1,0,0,1,1,0,0,1,0,0,1,0,-0.0357048,0.024898,-0.0356371,0.605858,0.517059,0.603449,0.598796,0.558114
2265,1,1,0,0,1,1,0,0,1,0,0,1,0,-0.0410322,0.0173614,-0.0493178,0.596361,0.515263,0.603449,0.605175,0.548051
2266,0,0,1,0,1,1,0,0,1,0,0,1,0,-0.0529744,0.017256,-0.0480797,0.53773,0.515384,0.518572,0.57912,0.564419
2267,1,0,1,0,1,1,0,0,1,0,0,1,0,-0.0593537,0.0096077,-0.0602245,0.528233,0.514249,0.518572,0.582422,0.559738
2268,0,1,1,0,1,1,0,0,1,0,0,1,0,-0.0365412,0.0229422,-0.0340723,0.586668,0.515389,0.578721,0.580235,0.573347
2269,1,1,1,0,1,1,0,0,1,0,0,1,0,-0.0417287,0.016315,-0.0473981,0.577171,0.514821,0.578721,0.587792,0.568328
2270,0,0,0,1,1,1,0,0,1,0,0,1,0,-0.0510096,0.0188396,-0.0480087,0.53773,0.515237,0.518572,0.591245,0.551164
2271,1,0,0,1,1,1,0,0,1,0,0,1,0,-0.0577253,0.0101185,-0.0599407,0.528233,0.514496,0.518572,0.589869,0.545843
2272,1,1,0,1,1,1,0,0,1,0,0,1,0,-0.0386449,0.0186297,-0.0443886,0.596361,0.515058,0.603449,0.594574,0.556483
2273,0,0,1,1,1,1,0,0,1,0,0,1,0,-0.0512648,0.0184045,-0.0448489,0.53773,0.514892,0.518572,0.581451,0.559453
2274,1,0,1,1,1,1,0,0,1,0,0,1,0,-0.0576441,0.0108012,-0.0569939,0.528233,0.514621,0.518572,0.581924,0.559388
2275,0,1,1,1,1,1,0,0,1,0,0,1,0,-0.0347328,0.0239934,-0.029463,0.586668,0.514939,0.578721,0.584576,0.56861
2276,1,1,1,1,1,1,0,0,1,0,0,1,0,-0.0399202,0.0174043,-0.0427889,0.577171,0.514835,0.578721,0.586506,0.568495
2277,0,0,0,0,0,0,1,0,1,0,0,1,0,-0.0571972,0.0144062,-0.0520097,0.502768,0.512317,0.461003,0.509322,0.580026
2278,1,1,0,0,0,0,1,0,1,0,0,1,0,-0.0453036,0.013879,-0.0486903,0.570044,0.514536,0.567305,0.582066,0.575085
2279,0,0,1,0,0,0,1,0,1,0,0,1,0,-0.0573586,0.0142746,-0.0472841,0.502768,0.513375,0.461003,0.50462,0.592731
2280,1,0,1,0,0,0,1,0,1,0,0,1,0,-0.0637377,0.00659815,-0.0594291,0.493271,0.512078,0.461003,0.528445,0.588021
2281,0,1,1,0,0,0,1,0,1,0,0,1,0,-0.0409257,0.0199616,-0.0332766,0.560351,0.514785,0.542577,0.521717,0.59648
2282,1,1,1,0,0,0,1,0,1,0,0,1,0,-0.0461131,0.0133133,-0.0466026,0.550854,0.514179,0.542577,0.551788,0.594042
2283,0,0,0,1,0,0,1,0,1,0,0,1,0,-0.0543732,0.0160918,-0.0488224,0.502768,0.512554,0.461003,0.544882,0.579964
2284,1,0,0,1,0,0,1,0,1,0,0,1,0,-0.0610888,0.00734752,-0.0607546,0.493271,0.512622,0.461003,0.544603,0.578695
2285,1,1,0,1,0,0,1,0,1,0,0,1,0,-0.0420091,0.0158686,-0.0452024,0.570044,0.514582,0.567305,0.561662,0.585675
2286,0,0,1,1,0,0,1,0,1,0,0,1,0,-0.0549471,0.0150261,-0.0456858,0.502768,0.513702,0.461003,0.549357,0.5868
2287,1,0,1,1,0,0,1,0,1,0,0,1,0,-0.0613263,0.00739772,-0.057831,0.493271,0.513772,0.461003,0.557677,0.587362
2288,0,1,1,1,0,0,1,0,1,0,0,1,0,-0.0384154,0.0206159,-0.0302998,0.560351,0.514194,0.542577,0.544871,0.589713
2289,1,1,1,1,0,0,1,0,1,0,0,1,0,-0.0436029,0.0140085,-0.0436258,0.550854,0.514483,0.542577,0.55697,0.595562
2290,0,0,0,0,1,0,1,0,1,0,0,1,0,-0.0576883,0.0136358,-0.0554966,0.502768,0.513239,0.451261,0.531164,0.567756
2291,1,0,0,0,1,0,1,0,1,0,0,1,0,-0.0644039,0.0048763,-0.0674285,0.493271,0.512783,0.451261,0.551465,0.557039
2292,0,1,0,0,1,0,1,0,1,0,0,1,0,-0.0404675,0.0206588,-0.0384965,0.579541,0.515445,0.567305,0.567843,0.57491
2293,1,1,0,0,1,0,1,0,1,0,0,1,0,-0.0457948,0.0131132,-0.0521771,0.570044,0.514667,0.567305,0.590437,0.565014
2294,0,0,1,0,1,0,1,0,1,0,0,1,0,-0.0577367,0.0130205,-0.0509389,0.502768,0.514053,0.451261,0.540169,0.578526
2295,1,0,1,0,1,0,1,0,1,0,0,1,0,-0.0641159,0.00535951,-0.0630838,0.493271,0.513768,0.451261,0.559236,0.576717
2296,0,1,1,0,1,0,1,0,1,0,0,1,0,-0.041304,0.0187043,-0.0369316,0.560351,0.514702,0.542577,0.551939,0.587276
2297,1,1,1,0,1,0,1,0,1,0,0,1,0,-0.0464914,0.0120677,-0.0502574,0.550854,0.514562,0.542577,0.570099,0.583866
2298,0,0,0,1,1,0,1,0,1,0,0,1,0,-0.0555375,0.014297,-0.0517027,0.502768,0.514026,0.451261,0.552509,0.566074
2299,1,0,0,1,1,0,1,0,1,0,0,1,0,-0.0622531,0.00556588,-0.0636348,0.493271,0.514053,0.451261,0.561735,0.564202
2300,0,1,0,1,1,0,1,0,1,0,0,1,0,-0.0378461,0.0215922,-0.0344019,0.579541,0.514938,0.567305,0.560278,0.575233
2301,1,1,0,1,1,0,1,0,1,0,0,1,0,-0.0431735,0.0140746,-0.0480826,0.570044,0.514795,0.567305,0.570639,0.573956
2302,0,0,1,1,1,0,1,0,1,0,0,1,0,-0.0557929,0.0138666,-0.0485429,0.502768,0.514429,0.451261,0.558426,0.5736
2303,1,0,1,1,1,0,1,0,1,0,0,1,0,-0.0621721,0.00625364,-0.0606879,0.493271,0.51445,0.451261,0.566899,0.573663
2304,1,1,1,1,1,0,1,0,1,0,0,1,0,-0.0444488,0.0128571,-0.0464829,0.550854,0.514719,0.542577,0.567775,0.582085
2305,0,0,0,0,0,1,1,0,1,0,0,1,0,-0.0563202,0.0159999,-0.0504159,0.515193,0.516699,0.485205,0.571837,0.560894
2306,1,0,0,0,0,1,1,0,1,0,0,1,0,-0.0630358,0.00722923,-0.0623481,0.505696,0.513584,0.485205,0.572694,0.549425
2307,0,1,0,0,0,1,1,0,1,0,0,1,0,-0.0390992,0.0230397,-0.0334155,0.591966,0.516268,0.567305,0.588229,0.567665
2308,1,1,0,0,0,1,1,0,1,0,0,1,0,-0.0444265,0.0154831,-0.0470964,0.582469,0.514796,0.567305,0.588229,0.557219
2309,0,0,1,0,0,1,1,0,1,0,0,1,0,-0.0564816,0.0158769,-0.0456903,0.515193,0.51535,0.485205,0.541267,0.579578
2310,1,0,1,0,0,1,1,0,1,0,0,1,0,-0.0628608,0.00820562,-0.0578353,0.505696,0.514077,0.485205,0.541267,0.569764
2311,0,1,1,0,0,1,1,0,1,0,0,1,0,-0.0400487,0.0215707,-0.0316827,0.572776,0.515086,0.542577,0.561769,0.585608
2312,1,1,1,0,0,1,1,0,1,0,0,1,0,-0.0452361,0.0149255,-0.0450087,0.563279,0.514641,0.542577,0.568711,0.57662
2313,0,0,0,1,0,1,1,0,1,0,0,1,0,-0.0535101,0.0178761,-0.0466276,0.515193,0.51498,0.485205,0.564663,0.569468
2314,1,0,0,1,0,1,1,0,1,0,0,1,0,-0.0602258,0.009137,-0.0585599,0.505696,0.514263,0.485205,0.564663,0.559369
2315,0,1,0,1,0,1,1,0,1,0,0,1,0,-0.0358185,0.0251939,-0.0293265,0.591966,0.51501,0.567305,0.585266,0.576596
2316,1,1,0,1,0,1,1,0,1,0,0,1,0,-0.0411459,0.0176678,-0.0430075,0.582469,0.514769,0.567305,0.585266,0.567324
2317,0,0,1,1,0,1,1,0,1,0,0,1,0,-0.054084,0.0168142,-0.043491,0.515193,0.514792,0.485205,0.541842,0.578976
2318,1,0,1,1,0,1,1,0,1,0,0,1,0,-0.0604633,0.0091913,-0.0556362,0.505696,0.514532,0.485205,0.541842,0.578067
2319,0,1,1,1,0,1,1,0,1,0,0,1,0,-0.0375522,0.0224119,-0.0281048,0.572776,0.514711,0.542577,0.547765,0.586958
2320,1,1,1,1,0,1,1,0,1,0,0,1,0,-0.0427397,0.0158078,-0.0414309,0.563279,0.514725,0.542577,0.548653,0.585153
2321,0,0,0,0,1,1,1,0,1,0,0,1,0,-0.0551204,0.0156903,-0.0528715,0.515193,0.514986,0.475463,0.588075,0.548191
2322,1,0,0,0,1,1,1,0,1,0,0,1,0,-0.061836,0.00693778,-0.0648035,0.505696,0.514239,0.475463,0.589792,0.536109
2323,1,1,0,0,1,1,1,0,1,0,0,1,0,-0.0432265,0.0151775,-0.049552,0.582469,0.514778,0.567305,0.604825,0.54579
2324,0,0,1,0,1,1,1,0,1,0,0,1,0,-0.0551686,0.0150799,-0.0483138,0.515193,0.514823,0.475463,0.559254,0.566772
2325,1,0,1,0,1,1,1,0,1,0,0,1,0,-0.0615478,0.00742458,-0.0604588,0.505696,0.514496,0.475463,0.566681,0.557743
2326,0,1,1,0,1,1,1,0,1,0,0,1,0,-0.0387356,0.0207686,-0.0343064,0.572776,0.514858,0.542577,0.578326,0.574177
2327,1,1,1,0,1,1,1,0,1,0,0,1,0,-0.043923,0.0141354,-0.0476323,0.563279,0.514739,0.542577,0.58804,0.565874
2328,0,0,0,1,1,1,1,0,1,0,0,1,0,-0.0532036,0.0166415,-0.0482428,0.515193,0.514775,0.475463,0.579085,0.554034
2329,1,0,0,1,1,1,1,0,1,0,0,1,0,-0.0599193,0.00791534,-0.060175,0.505696,0.514589,0.475463,0.579085,0.545243
2330,1,1,0,1,1,1,1,0,1,0,0,1,0,-0.0408393,0.0164302,-0.0446227,0.582469,0.514814,0.567305,0.595988,0.555281
2331,0,0,1,1,1,1,1,0,1,0,0,1,0,-0.0534589,0.0162124,-0.045083,0.515193,0.514773,0.475463,0.548128,0.565559
2332,1,0,1,1,1,1,1,0,1,0,0,1,0,-0.0598382,0.00860202,-0.0572281,0.505696,0.514704,0.475463,0.548128,0.563246
2333,0,1,1,1,1,1,1,0,1,0,0,1,0,-0.0369271,0.0218041,-0.029697,0.572776,0.514788,0.542577,0.55663,0.573718
2334,1,1,1,1,1,1,1,0,1,0,0,1,0,-0.0421145,0.0152091,-0.043023,0.563279,0.514789,0.542577,0.557772,0.572429
2335,0,0,0,0,0,0,0,1,1,0,0,1,0,-0.0521323,0.0176179,-0.0495655,0.533094,0.514328,0.504112,0.503761,0.589352
2336,1,0,0,0,0,0,0,1,1,0,0,1,0,-0.0588477,0.00884436,-0.0614975,0.523597,0.511062,0.504112,0.511272,0.587849
2337,0,1,0,0,0,0,0,1,1,0,0,1,0,-0.0349113,0.0246367,-0.0325654,0.601222,0.521158,0.608461,0.55209,0.592567
2338,1,1,0,0,0,0,0,1,1,0,0,1,0,-0.0402386,0.0170784,-0.0462463,0.591725,0.516329,0.608461,0.572734,0.595366
2339,0,0,1,0,0,0,0,1,1,0,0,1,0,-0.0522936,0.0174749,-0.0448399,0.533094,0.514139,0.504112,0.520062,0.583034
2340,1,0,1,0,0,0,0,1,1,0,0,1,0,-0.0586726,0.00979591,-0.0569849,0.523597,0.5127,0.504112,0.542445,0.591309
2341,0,1,1,0,0,0,0,1,1,0,0,1,0,-0.0358607,0.0231527,-0.0308326,0.582032,0.51629,0.583734,0.555103,0.585321
2342,1,1,1,0,0,0,0,1,1,0,0,1,0,-0.0410481,0.0165015,-0.0441586,0.572535,0.514892,0.583734,0.571347,0.592751
2343,0,0,0,1,0,0,0,1,1,0,0,1,0,-0.0493083,0.0193055,-0.0463783,0.533094,0.513362,0.504112,0.554992,0.581156
2344,1,0,0,1,0,0,0,1,1,0,0,1,0,-0.0560238,0.0105632,-0.0583104,0.523597,0.513244,0.504112,0.547819,0.584286
2345,0,1,0,1,0,0,0,1,1,0,0,1,0,-0.0316167,0.0265982,-0.0290774,0.601222,0.516596,0.608461,0.56012,0.584396
2346,1,1,0,1,0,0,0,1,1,0,0,1,0,-0.0369441,0.0190703,-0.0427584,0.591725,0.515431,0.608461,0.563113,0.592049
2347,0,0,1,1,0,0,0,1,1,0,0,1,0,-0.0498821,0.018223,-0.0432417,0.533094,0.514005,0.504112,0.552189,0.574737
2348,1,0,1,1,0,0,0,1,1,0,0,1,0,-0.0562612,0.0105922,-0.0553868,0.523597,0.514013,0.504112,0.54932,0.583049
2349,0,1,1,1,0,0,0,1,1,0,0,1,0,-0.0333504,0.0238031,-0.0278558,0.582032,0.514891,0.583734,0.556041,0.577175
2350,1,1,1,1,0,0,0,1,1,0,0,1,0,-0.0385378,0.0171928,-0.0411819,0.572535,0.51481,0.583734,0.566639,0.585056
2351,0,0,0,0,1,0,0,1,1,0,0,1,0,-0.0521629,0.0173856,-0.0532566,0.533094,0.514392,0.49437,0.524913,0.575407
2352,1,0,0,0,1,0,0,1,1,0,0,1,0,-0.0588784,0.00862692,-0.0651885,0.523597,0.513493,0.49437,0.535019,0.574335
2353,0,1,0,0,1,0,0,1,1,0,0,1,0,-0.034942,0.0243958,-0.0362566,0.601222,0.516883,0.608461,0.560361,0.585062
2354,1,1,0,0,1,0,0,1,1,0,0,1,0,-0.0402692,0.0168506,-0.0499373,0.591725,0.51533,0.608461,0.567337,0.584422
2355,0,0,1,0,1,0,0,1,1,0,0,1,0,-0.0522112,0.0167546,-0.048699,0.533094,0.514485,0.49437,0.55217,0.582693
2356,1,0,1,0,1,0,0,1,1,0,0,1,0,-0.0585903,0.00909015,-0.0608439,0.523597,0.514053,0.49437,0.551738,0.583268
2357,0,1,1,0,1,0,0,1,1,0,0,1,0,-0.0357784,0.0224295,-0.0346918,0.582032,0.515252,0.583734,0.568304,0.587248
2358,1,1,1,0,1,0,0,1,1,0,0,1,0,-0.0409657,0.0157895,-0.0480177,0.572535,0.514823,0.583734,0.572617,0.592263
2359,0,0,0,1,1,0,0,1,1,0,0,1,0,-0.050012,0.018053,-0.0494629,0.533094,0.514457,0.49437,0.533178,0.570391
2360,1,0,0,1,1,0,0,1,1,0,0,1,0,-0.0567276,0.00932282,-0.0613949,0.523597,0.514331,0.49437,0.533171,0.570653
2361,0,1,0,1,1,0,0,1,1,0,0,1,0,-0.0323206,0.0253353,-0.0321621,0.601222,0.515604,0.608461,0.565597,0.580054
2362,1,1,0,1,1,0,0,1,1,0,0,1,0,-0.0376479,0.0178181,-0.045843,0.591725,0.515103,0.608461,0.570085,0.580246
2363,0,0,1,1,1,0,0,1,1,0,0,1,0,-0.0502673,0.017604,-0.0463031,0.533094,0.514589,0.49437,0.545632,0.574878
2364,1,0,1,1,1,0,0,1,1,0,0,1,0,-0.0566464,0.00998779,-0.0584481,0.523597,0.514557,0.49437,0.544718,0.578047
2365,0,1,1,1,1,0,0,1,1,0,0,1,0,-0.0337358,0.0231803,-0.0309173,0.582032,0.514894,0.583734,0.559003,0.579938
2366,1,1,1,1,1,0,0,1,1,0,0,1,0,-0.0389231,0.0165818,-0.0442433,0.572535,0.514837,0.583734,0.562409,0.586568
2367,0,0,0,0,0,1,0,1,1,0,0,1,0,-0.0521765,0.0201063,-0.0460531,0.545519,0.51749,0.528314,0.567546,0.580782
2368,1,0,0,0,0,1,0,1,1,0,0,1,0,-0.058892,0.0113385,-0.0579852,0.536022,0.514186,0.528314,0.547284,0.570855
2369,0,1,0,0,0,1,0,1,1,0,0,1,0,-0.0349555,0.0271354,-0.0290527,0.613647,0.517484,0.608461,0.58879,0.587955
2370,0,0,1,0,0,1,0,1,1,0,0,1,0,-0.0523378,0.0199768,-0.0413275,0.545519,0.51565,0.528314,0.549743,0.589093
2371,1,0,1,0,0,1,0,1,1,0,0,1,0,-0.0587168,0.0123069,-0.0534726,0.536022,0.514322,0.528314,0.541939,0.588404
2372,0,1,1,0,0,1,0,1,1,0,0,1,0,-0.035905,0.0256621,-0.02732,0.594457,0.515562,0.583734,0.556208,0.595388
2373,1,1,1,0,0,1,0,1,1,0,0,1,0,-0.0410923,0.0190181,-0.0406462,0.58496,0.514878,0.583734,0.571995,0.595606
2374,0,0,0,1,0,1,0,1,1,0,0,1,0,-0.0493664,0.0219884,-0.0422648,0.545519,0.515287,0.528314,0.558061,0.576628
2375,1,0,0,1,0,1,0,1,1,0,0,1,0,-0.056082,0.0132521,-0.0541971,0.536022,0.514504,0.528314,0.546404,0.575732
2376,0,1,0,1,0,1,0,1,1,0,0,1,0,-0.0316748,0.0292955,-0.0249637,0.613647,0.51558,0.608461,0.578905,0.585498
2377,1,1,0,1,0,1,0,1,1,0,0,1,0,-0.0370021,0.0217718,-0.0386448,0.60415,0.515045,0.608461,0.579216,0.585054
2378,0,0,1,1,0,1,0,1,1,0,0,1,0,-0.0499402,0.0209161,-0.0391283,0.545519,0.514907,0.528314,0.550675,0.583637
2379,1,0,1,1,0,1,0,1,1,0,0,1,0,-0.0563193,0.0132947,-0.0512734,0.536022,0.514626,0.528314,0.551688,0.583866
2380,0,1,1,1,0,1,0,1,1,0,0,1,0,-0.0334085,0.0265055,-0.0237421,0.594457,0.514929,0.583734,0.561587,0.588794
2381,1,1,1,1,0,1,0,1,1,0,0,1,0,-0.0385959,0.0199026,-0.0370684,0.58496,0.514832,0.583734,0.570949,0.59205
2382,0,0,0,0,1,1,0,1,1,0,0,1,0,-0.0495818,0.0201147,-0.0489024,0.545519,0.515583,0.518572,0.560646,0.566305
2383,1,0,0,0,1,1,0,1,1,0,0,1,0,-0.0562974,0.0113644,-0.0608344,0.536022,0.514573,0.518572,0.551189,0.558831
2384,0,1,0,0,1,1,0,1,1,0,0,1,0,-0.0323604,0.0271324,-0.0319021,0.613647,0.515718,0.608461,0.585786,0.576034
2385,1,1,0,0,1,1,0,1,1,0,0,1,0,-0.0376877,0.0195928,-0.045583,0.60415,0.515023,0.608461,0.580981,0.56779
2386,0,0,1,0,1,1,0,1,1,0,0,1,0,-0.0496299,0.0194946,-0.0443448,0.545519,0.515046,0.518572,0.5493,0.57545
2387,1,0,1,0,1,1,0,1,1,0,0,1,0,-0.0560091,0.01184,-0.0564897,0.536022,0.514628,0.518572,0.541582,0.574822
2388,0,1,1,0,1,1,0,1,1,0,0,1,0,-0.0331968,0.0251745,-0.0303374,0.594457,0.515058,0.583734,0.556638,0.583921
2389,1,1,1,0,1,1,0,1,1,0,0,1,0,-0.0383842,0.018542,-0.0436634,0.58496,0.514836,0.583734,0.571421,0.583641
2390,0,0,0,1,1,1,0,1,1,0,0,1,0,-0.047665,0.0210744,-0.0442738,0.545519,0.514994,0.518572,0.559965,0.562905
2391,1,0,0,1,1,1,0,1,1,0,0,1,0,-0.0543807,0.0123504,-0.056206,0.536022,0.514717,0.518572,0.548971,0.562443
2392,0,1,0,1,1,1,0,1,1,0,0,1,0,-0.0299732,0.0283676,-0.0269728,0.613647,0.515144,0.608461,0.583676,0.572213
2393,1,1,0,1,1,1,0,1,1,0,0,1,0,-0.0353005,0.0208537,-0.0406538,0.60415,0.514924,0.608461,0.577084,0.571968
2394,0,0,1,1,1,1,0,1,1,0,0,1,0,-0.0479202,0.0206348,-0.0411141,0.545519,0.514854,0.518572,0.55358,0.570088
2395,1,0,1,1,1,1,0,1,1,0,0,1,0,-0.0542994,0.0130252,-0.0532591,0.536022,0.514753,0.518572,0.546229,0.570539
2396,0,1,1,1,1,1,0,1,1,0,0,1,0,-0.0313883,0.0262177,-0.0257281,0.594457,0.514876,0.583734,0.563602,0.578731
2397,1,1,1,1,1,1,0,1,1,0,0,1,0,-0.0365757,0.0196234,-0.0390541,0.58496,0.514832,0.583734,0.568884,0.579159
2398,0,0,0,0,0,0,1,1,1,0,0,1,0,-0.0548702,0.0155902,-0.0492891,0.502768,0.514046,0.461003,0.541847,0.594122
2399,0,1,0,0,0,0,1,1,1,0,0,1,0,-0.0376494,0.0226137,-0.0322888,0.579541,0.515956,0.572317,0.559433,0.597168
2400,1,1,0,0,0,0,1,1,1,0,0,1,0,-0.0429767,0.0150513,-0.0459697,0.570044,0.51484,0.572317,0.567734,0.591954
2401,0,0,1,0,0,0,1,1,1,0,0,1,0,-0.0550316,0.0154547,-0.0445634,0.502768,0.514344,0.461003,0.534853,0.591652
2402,1,0,1,0,0,0,1,1,1,0,0,1,0,-0.0614107,0.00777153,-0.0567086,0.493271,0.513866,0.461003,0.544182,0.598056
2403,0,1,1,0,0,0,1,1,1,0,0,1,0,-0.0385989,0.0211353,-0.030556,0.560351,0.514897,0.547589,0.538806,0.592818
2404,1,1,1,0,0,0,1,1,1,0,0,1,0,-0.0437863,0.0144813,-0.0438821,0.550854,0.514632,0.547589,0.553448,0.59737
2405,0,0,0,1,0,0,1,1,1,0,0,1,0,-0.0520462,0.0172648,-0.0461017,0.502768,0.514048,0.461003,0.552901,0.58949
2406,1,0,0,1,0,0,1,1,1,0,0,1,0,-0.0587618,0.00851719,-0.0580341,0.493271,0.514062,0.461003,0.551419,0.589457
2407,0,1,0,1,0,0,1,1,1,0,0,1,0,-0.0343549,0.0245626,-0.0288008,0.579541,0.514899,0.572317,0.550171,0.592909
2408,1,1,0,1,0,0,1,1,1,0,0,1,0,-0.0396823,0.0170305,-0.0424818,0.570044,0.514784,0.572317,0.549907,0.597836
2409,0,0,1,1,0,0,1,1,1,0,0,1,0,-0.0526201,0.0161944,-0.0429652,0.502768,0.514432,0.461003,0.549095,0.584271
2410,1,0,1,1,0,0,1,1,1,0,0,1,0,-0.0589993,0.00855934,-0.0551104,0.493271,0.514454,0.461003,0.548272,0.591904
2411,0,1,1,1,0,0,1,1,1,0,0,1,0,-0.0360886,0.0217782,-0.0275791,0.560351,0.514629,0.547589,0.549095,0.586046
2412,1,1,1,1,0,0,1,1,1,0,0,1,0,-0.041276,0.0151651,-0.0409053,0.550854,0.514716,0.547589,0.554133,0.592936
2413,0,0,0,0,1,0,1,1,1,0,0,1,0,-0.0553614,0.0148283,-0.0527759,0.502768,0.51429,0.451261,0.551541,0.58094
2414,1,0,0,0,1,0,1,1,1,0,0,1,0,-0.0620769,0.00606531,-0.064708,0.493271,0.514123,0.451261,0.547771,0.575647
2415,0,1,0,0,1,0,1,1,1,0,0,1,0,-0.0381407,0.0218429,-0.0357758,0.579541,0.515127,0.572317,0.563422,0.589949
2416,1,1,0,0,1,0,1,1,1,0,0,1,0,-0.043468,0.014294,-0.0494565,0.570044,0.514806,0.572317,0.578085,0.583158
2417,0,0,1,0,1,0,1,1,1,0,0,1,0,-0.0554098,0.0142093,-0.0482183,0.502768,0.514557,0.451261,0.554837,0.588149
2418,1,0,1,0,1,0,1,1,1,0,0,1,0,-0.0617889,0.00654156,-0.0603632,0.493271,0.514453,0.451261,0.557633,0.588277
2419,0,1,1,0,1,0,1,1,1,0,0,1,0,-0.0389772,0.0198867,-0.0342109,0.560351,0.514806,0.547589,0.560026,0.595079
2420,1,1,1,0,1,0,1,1,1,0,0,1,0,-0.0441645,0.0132444,-0.0475369,0.550854,0.514741,0.547589,0.57259,0.596321
2421,0,0,0,1,1,0,1,1,1,0,0,1,0,-0.0532105,0.0154782,-0.0489821,0.502768,0.514549,0.451261,0.553429,0.576497
2422,1,0,0,1,1,0,1,1,1,0,0,1,0,-0.0599261,0.00674369,-0.0609143,0.493271,0.514556,0.451261,0.550449,0.576463
2423,0,1,0,1,1,0,1,1,1,0,0,1,0,-0.0355194,0.0227656,-0.0316812,0.579541,0.514896,0.572317,0.553225,0.585096
2424,1,1,0,1,1,0,1,1,1,0,0,1,0,-0.0408467,0.0152447,-0.0453621,0.570044,0.514828,0.572317,0.563153,0.585191
2425,0,0,1,1,1,0,1,1,1,0,0,1,0,-0.0534659,0.0150432,-0.0458223,0.502768,0.514684,0.451261,0.556905,0.582676
2426,1,0,1,1,1,0,1,1,1,0,0,1,0,-0.0598451,0.00742356,-0.0579674,0.493271,0.514691,0.451261,0.55568,0.583489
2427,0,1,1,1,1,0,1,1,1,0,0,1,0,-0.0369346,0.0206229,-0.0304364,0.560351,0.514767,0.547589,0.558587,0.589163
2428,1,1,1,1,1,0,1,1,1,0,0,1,0,-0.0421219,0.014022,-0.0437624,0.550854,0.514789,0.547589,0.566062,0.591171
2429,0,0,0,0,0,1,1,1,1,0,0,1,0,-0.053476,0.0176087,-0.0465775,0.515193,0.515562,0.485205,0.550189,0.579073
2430,1,0,0,0,0,1,1,1,1,0,0,1,0,-0.0601915,0.00883534,-0.0585098,0.505696,0.514418,0.485205,0.547909,0.569319
2431,0,1,0,0,0,1,1,1,1,0,0,1,0,-0.0362551,0.0246425,-0.029577,0.591966,0.51543,0.572317,0.579057,0.585494
2432,1,1,0,0,0,1,1,1,1,0,0,1,0,-0.0415824,0.0170837,-0.0432581,0.582469,0.514854,0.572317,0.577801,0.576581
2433,0,0,1,0,0,1,1,1,1,0,0,1,0,-0.0536374,0.0174844,-0.0418519,0.515193,0.515034,0.485205,0.534963,0.593411
2434,1,0,1,0,0,1,1,1,1,0,0,1,0,-0.0600165,0.00980849,-0.0539971,0.505696,0.514567,0.485205,0.534963,0.58732
2435,0,1,1,0,0,1,1,1,1,0,0,1,0,-0.0372046,0.0231731,-0.0278442,0.572776,0.514948,0.547589,0.544702,0.599887
2436,1,1,1,0,0,1,1,1,1,0,0,1,0,-0.042392,0.0165245,-0.0411704,0.563279,0.514771,0.547589,0.547363,0.593858
2437,0,0,0,1,0,1,1,1,1,0,0,1,0,-0.0506659,0.0194722,-0.0427892,0.515193,0.5149,0.485205,0.550583,0.581772
2438,1,0,0,1,0,1,1,1,1,0,0,1,0,-0.0573816,0.0107304,-0.0547216,0.505696,0.514633,0.485205,0.550231,0.577754
2439,0,1,0,1,0,1,1,1,1,0,0,1,0,-0.0329745,0.0267845,-0.025488,0.591966,0.514923,0.572317,0.56001,0.590153
2440,1,1,0,1,0,1,1,1,1,0,0,1,0,-0.0383018,0.0192561,-0.0391691,0.582469,0.514819,0.572317,0.56001,0.585186
2441,0,0,1,1,0,1,1,1,1,0,0,1,0,-0.0512398,0.0184093,-0.0396526,0.515193,0.514818,0.485205,0.54611,0.588232
2442,1,0,1,1,0,1,1,1,1,0,0,1,0,-0.057619,0.0107819,-0.0517979,0.505696,0.514721,0.485205,0.54611,0.588483
2443,0,1,1,1,0,1,1,1,1,0,0,1,0,-0.0347081,0.024003,-0.0242663,0.572776,0.514793,0.547589,0.543603,0.595632
2444,1,1,1,1,0,1,1,1,1,0,0,1,0,-0.0398956,0.0173954,-0.0375926,0.563279,0.514792,0.547589,0.544807,0.595929
2445,0,0,0,0,1,1,1,1,1,0,0,1,0,-0.0522762,0.0173052,-0.0490331,0.515193,0.514899,0.475463,0.564112,0.567239
2446,1,0,0,0,1,1,1,1,1,0,0,1,0,-0.0589918,0.00854987,-0.0609652,0.505696,0.514625,0.475463,0.551302,0.558326
2447,0,1,0,0,1,1,1,1,1,0,0,1,0,-0.0350551,0.024328,-0.0320327,0.591966,0.514984,0.572317,0.587111,0.574934
2448,1,1,0,0,1,1,1,1,1,0,0,1,0,-0.0403824,0.0167841,-0.0457136,0.582469,0.514819,0.572317,0.589692,0.56684
2449,0,0,1,0,1,1,1,1,1,0,0,1,0,-0.0523244,0.0166943,-0.0444754,0.515193,0.514828,0.475463,0.544706,0.580491
2450,1,0,1,0,1,1,1,1,1,0,0,1,0,-0.0587036,0.00903429,-0.0566205,0.505696,0.514708,0.475463,0.549383,0.576412
2451,0,1,1,0,1,1,1,1,1,0,0,1,0,-0.0358916,0.022378,-0.0304679,0.572776,0.514844,0.547589,0.561108,0.588525
2452,1,1,1,0,1,1,1,1,1,0,0,1,0,-0.0410789,0.0157412,-0.043794,0.563279,0.514796,0.547589,0.570181,0.583959
2453,0,0,0,1,1,1,1,1,1,0,0,1,0,-0.0503594,0.0182441,-0.0444045,0.515193,0.514811,0.475463,0.550125,0.569233
2454,1,0,0,1,1,1,1,1,1,0,0,1,0,-0.0570751,0.00951513,-0.0563367,0.505696,0.514741,0.475463,0.537495,0.565539
2455,0,1,0,1,1,1,1,1,1,0,0,1,0,-0.0326679,0.0255433,-0.0271033,0.591966,0.514864,0.572317,0.567671,0.577548
2456,1,1,0,1,1,1,1,1,1,0,0,1,0,-0.0379952,0.0180249,-0.0407844,0.582469,0.514823,0.572317,0.568311,0.574175
2457,0,0,1,1,1,1,1,1,1,0,0,1,0,-0.0506147,0.0178148,-0.0412446,0.515193,0.514805,0.475463,0.550125,0.575777
2458,1,0,1,1,1,1,1,1,1,0,0,1,0,-0.056994,0.0101997,-0.0533898,0.505696,0.51478,0.475463,0.553088,0.576085
2459,0,1,1,1,1,1,1,1,1,0,0,1,0,-0.0340831,0.0234023,-0.0258585,0.572776,0.514812,0.547589,0.550125,0.583483
2460,1,1,1,1,1,1,1,1,1,0,0,1,0,-0.0392704,0.0168037,-0.0391847,0.563279,0.514811,0.547589,0.553681,0.583764
2461,0,0,0,0,0,0,0,0,0,1,0,1,0,-0.0636199,0.00997976,-0.0623495,0.525305,0.47088,0.488513,0.482796,0.561657
2462,1,0,0,0,0,0,0,0,0,1,0,1,0,-0.0703353,0.0012157,-0.0742813,0.515808,0.476722,0.488513,0.482721,0.549224
2463,0,1,0,0,0,0,0,0,0,1,0,1,0,-0.0463988,0.0170019,-0.0453498,0.602397,0.511998,0.588538,0.517255,0.568571
2464,1,1,0,0,0,0,0,0,0,1,0,1,0,-0.0517261,0.00945534,-0.0590302,0.5929,0.506787,0.588538,0.533819,0.556662
2465,0,0,1,0,0,0,0,0,0,1,0,1,0,-0.0637812,0.00984254,-0.0576239,0.525305,0.497796,0.488513,0.488396,0.573326
2466,1,0,1,0,0,0,0,0,0,1,0,1,0,-0.0701604,0.00217674,-0.0697687,0.515808,0.498803,0.488513,0.50104,0.570772
2467,0,1,1,0,0,0,0,0,0,1,0,1,0,-0.0473484,0.0155235,-0.0436169,0.583207,0.512067,0.56381,0.51286,0.582661
2468,1,1,1,0,0,0,0,0,0,1,0,1,0,-0.0525357,0.00888688,-0.0569426,0.57371,0.510696,0.56381,0.532539,0.57746
2469,0,0,0,1,0,0,0,0,0,1,0,1,0,-0.060796,0.0116828,-0.0591624,0.525305,0.496452,0.488513,0.53647,0.559695
2470,1,0,0,1,0,0,0,0,0,1,0,1,0,-0.0675115,0.00294986,-0.0710943,0.515808,0.502645,0.488513,0.524979,0.557386
2471,0,1,0,1,0,0,0,0,0,1,0,1,0,-0.0431043,0.0189756,-0.0418619,0.602397,0.5134,0.588538,0.533327,0.569542
2472,1,1,0,1,0,0,0,0,0,1,0,1,0,-0.0484317,0.0114593,-0.0555425,0.5929,0.513042,0.588538,0.53357,0.567334
2473,0,0,1,1,0,0,0,0,0,1,0,1,0,-0.0613698,0.0106061,-0.0560259,0.525305,0.507652,0.488513,0.523451,0.567693
2474,1,0,1,1,0,0,0,0,0,1,0,1,0,-0.0677491,0.00298845,-0.0681707,0.515808,0.509784,0.488513,0.51701,0.56787
2475,0,1,1,1,0,0,0,0,0,1,0,1,0,-0.0448381,0.0161874,-0.0406403,0.583207,0.513349,0.56381,0.526658,0.577047
2476,1,1,1,1,0,0,0,0,0,1,0,1,0,-0.0500255,0.00959167,-0.053966,0.57371,0.513723,0.56381,0.538837,0.576948
2477,0,0,0,0,1,0,0,0,0,1,0,1,0,-0.0636504,0.00971933,-0.0660406,0.525305,0.49048,0.478771,0.487827,0.54542
2478,1,0,0,0,1,0,0,0,0,1,0,1,0,-0.0703659,0.000970162,-0.0779723,0.515808,0.498194,0.478771,0.499888,0.535082
2479,0,1,0,0,1,0,0,0,0,1,0,1,0,-0.0464294,0.0167327,-0.049041,0.602397,0.511161,0.588538,0.515676,0.555437
2480,1,1,0,0,1,0,0,0,0,1,0,1,0,-0.0517567,0.00919923,-0.0627213,0.5929,0.511047,0.588538,0.528748,0.545118
2481,0,0,1,0,1,0,0,0,0,1,0,1,0,-0.0636987,0.00909367,-0.061483,0.525305,0.505553,0.478771,0.49886,0.558355
2482,1,0,1,0,1,0,0,0,0,1,0,1,0,-0.0700779,0.00144249,-0.0736276,0.515808,0.507942,0.478771,0.505458,0.555422
2483,0,1,1,0,1,0,0,0,0,1,0,1,0,-0.0472659,0.0147717,-0.0474761,0.583207,0.512854,0.56381,0.521524,0.567803
2484,1,1,1,0,1,0,0,0,0,1,0,1,0,-0.0524532,0.00814638,-0.0608016,0.57371,0.512996,0.56381,0.531562,0.56519
2485,0,0,0,1,1,0,0,0,0,1,0,1,0,-0.0614996,0.0104037,-0.0622469,0.525305,0.505308,0.478771,0.50883,0.544254
2486,1,0,0,1,1,0,0,0,0,1,0,1,0,-0.0682151,0.00168294,-0.0741787,0.515808,0.509402,0.478771,0.506462,0.541178
2487,0,1,0,1,1,0,0,0,0,1,0,1,0,-0.043808,0.017686,-0.0449466,0.602397,0.513745,0.588538,0.519316,0.554713
2488,1,1,0,1,1,0,0,0,0,1,0,1,0,-0.0491353,0.0101805,-0.058627,0.5929,0.51399,0.588538,0.524204,0.551894
2489,0,0,1,1,1,0,0,0,0,1,0,1,0,-0.0617549,0.00995924,-0.0590873,0.525305,0.511174,0.478771,0.504914,0.552609
2490,1,0,1,1,1,0,0,0,0,1,0,1,0,-0.0681341,0.00235613,-0.071232,0.515808,0.512619,0.478771,0.505126,0.552874
2491,0,1,1,1,1,0,0,0,0,1,0,1,0,-0.0452233,0.0155365,-0.0437018,0.583207,0.514084,0.56381,0.521589,0.562364
2492,1,1,1,1,1,0,0,0,0,1,0,1,0,-0.0504106,0.00895262,-0.0570273,0.57371,0.514353,0.56381,0.524327,0.562518
2493,0,0,0,0,0,1,0,0,0,1,0,1,0,-0.0637829,0.0123767,-0.0601015,0.53773,0.508853,0.525588,0.51985,0.54073
2494,1,0,0,0,0,1,0,0,0,1,0,1,0,-0.0704983,0.00361722,-0.0720334,0.528233,0.503283,0.525588,0.507485,0.527921
2495,1,1,0,0,0,1,0,0,0,1,0,1,0,-0.0518891,0.0118638,-0.0567821,0.605325,0.512016,0.601412,0.526821,0.535875
2496,0,0,1,0,0,1,0,0,0,1,0,1,0,-0.0639442,0.012252,-0.0553759,0.53773,0.51236,0.525588,0.510644,0.560911
2497,1,0,1,0,0,1,0,0,0,1,0,1,0,-0.0703234,0.00459366,-0.0675207,0.528233,0.509845,0.525588,0.509826,0.550221
2498,0,1,1,0,0,1,0,0,0,1,0,1,0,-0.0475114,0.0179394,-0.0413688,0.595633,0.514542,0.576684,0.506205,0.56799
2499,1,1,1,0,0,1,0,0,0,1,0,1,0,-0.0526988,0.0113083,-0.0546945,0.586136,0.513396,0.576684,0.520429,0.557898
2500,0,0,0,1,0,1,0,0,0,1,0,1,0,-0.0609729,0.0142711,-0.0563133,0.53773,0.510812,0.525588,0.530887,0.547122
2501,1,0,0,1,0,1,0,0,0,1,0,1,0,-0.0676885,0.00554316,-0.0682453,0.528233,0.510956,0.525588,0.526273,0.537194
2502,0,1,0,1,0,1,0,0,0,1,0,1,0,-0.0432813,0.0215768,-0.0390127,0.614822,0.514413,0.601412,0.528593,0.556776
2503,1,1,0,1,0,1,0,0,0,1,0,1,0,-0.0486086,0.0140636,-0.0526933,0.605325,0.514063,0.601412,0.527136,0.547383
2504,0,0,1,1,0,1,0,0,0,1,0,1,0,-0.0615467,0.0132036,-0.0531768,0.53773,0.513221,0.525588,0.524818,0.559215
2505,1,0,1,1,0,1,0,0,0,1,0,1,0,-0.067926,0.00559369,-0.0653217,0.528233,0.513201,0.525588,0.524464,0.556583
2506,0,1,1,1,0,1,0,0,0,1,0,1,0,-0.045015,0.0187931,-0.0377911,0.595633,0.514378,0.576684,0.524548,0.568032
2507,1,1,1,1,0,1,0,0,0,1,0,1,0,-0.0502024,0.012203,-0.0511168,0.586136,0.514398,0.576684,0.525554,0.565946
2508,0,0,0,0,1,1,0,0,0,1,0,1,0,-0.0611882,0.0123542,-0.0629507,0.53773,0.509361,0.515846,0.517697,0.522445
2509,1,0,0,0,1,1,0,0,0,1,0,1,0,-0.0679037,0.00361232,-0.0748825,0.528233,0.509556,0.515846,0.499105,0.521361
2510,0,1,0,0,1,1,0,0,0,1,0,1,0,-0.0439669,0.0193734,-0.045951,0.614822,0.514148,0.601412,0.532332,0.532075
2511,1,1,0,0,1,1,0,0,0,1,0,1,0,-0.0492941,0.0118445,-0.0596314,0.605325,0.51352,0.601412,0.521632,0.528395
2512,0,0,1,0,1,1,0,0,0,1,0,1,0,-0.0612364,0.0117383,-0.0583932,0.53773,0.512714,0.515846,0.522,0.544688
2513,1,0,1,0,1,1,0,0,0,1,0,1,0,-0.0676157,0.00409522,-0.0705378,0.528233,0.512602,0.515846,0.504674,0.533933
2514,0,1,1,0,1,1,0,0,0,1,0,1,0,-0.0448033,0.0174202,-0.0443862,0.595633,0.514385,0.576684,0.521367,0.554264
2515,1,1,1,0,1,1,0,0,0,1,0,1,0,-0.0499906,0.0108006,-0.0577117,0.586136,0.514194,0.576684,0.526109,0.544914
2516,0,0,0,1,1,1,0,0,0,1,0,1,0,-0.0592715,0.0133278,-0.0583223,0.53773,0.512008,0.515846,0.525468,0.528461
2517,1,0,0,1,1,1,0,0,0,1,0,1,0,-0.0659871,0.0046122,-0.0702541,0.528233,0.51294,0.515846,0.511545,0.519222
2518,0,1,0,1,1,1,0,0,0,1,0,1,0,-0.0415796,0.0206196,-0.0410218,0.614822,0.514395,0.601412,0.538121,0.540415
2519,1,1,0,1,1,1,0,0,0,1,0,1,0,-0.0469069,0.0131162,-0.0547022,0.605325,0.514452,0.601412,0.526445,0.529751
2520,0,0,1,1,1,1,0,0,0,1,0,1,0,-0.0595267,0.0128908,-0.0551626,0.53773,0.513741,0.515846,0.529094,0.54412
2521,1,0,1,1,1,1,0,0,0,1,0,1,0,-0.065906,0.0052927,-0.0673073,0.528233,0.514054,0.515846,0.518396,0.540267
2522,0,1,1,1,1,1,0,0,0,1,0,1,0,-0.0429948,0.0184738,-0.039777,0.595633,0.514558,0.576684,0.5285,0.553585
2523,1,1,1,1,1,1,0,0,0,1,0,1,0,-0.0481821,0.0118923,-0.0531026,0.586136,0.514632,0.576684,0.52803,0.550413
2524,0,0,0,0,0,0,1,0,0,1,0,1,0,-0.0651624,0.0086608,-0.0625249,0.502768,0.495688,0.445403,0.506838,0.558151
2525,1,0,0,0,0,0,1,0,0,1,0,1,0,-0.0718779,-0.000106763,-0.0744569,0.493271,0.499612,0.445403,0.518941,0.545913
2526,0,1,0,0,0,0,1,0,0,1,0,1,0,-0.0479416,0.0156868,-0.0455251,0.588506,0.51097,0.552394,0.519398,0.564351
2527,1,1,0,0,0,0,1,0,0,1,0,1,0,-0.0532689,0.00813771,-0.0592056,0.579008,0.510742,0.552394,0.530061,0.553032
2528,0,0,1,0,0,0,1,0,0,1,0,1,0,-0.0653239,0.00853078,-0.0577993,0.502768,0.507445,0.445403,0.496133,0.577058
2529,1,0,1,0,0,0,1,0,0,1,0,1,0,-0.071703,0.000862454,-0.0699441,0.493271,0.50843,0.445403,0.508507,0.566611
2530,0,1,1,0,0,0,1,0,0,1,0,1,0,-0.0488912,0.0142139,-0.0437922,0.569316,0.512759,0.527666,0.503241,0.582556
2531,1,1,1,0,0,0,1,0,0,1,0,1,0,-0.0540785,0.00757603,-0.0571179,0.559819,0.512862,0.527666,0.523477,0.572953
2532,0,0,0,1,0,0,1,0,0,1,0,1,0,-0.0623386,0.0103487,-0.0593377,0.502768,0.507172,0.445403,0.5346,0.564853
2533,1,0,0,1,0,0,1,0,0,1,0,1,0,-0.0690541,0.00161228,-0.0712698,0.493271,0.509794,0.445403,0.532519,0.556598
2534,0,1,0,1,0,0,1,0,0,1,0,1,0,-0.0446472,0.0176456,-0.0420372,0.588506,0.513127,0.552394,0.532016,0.573657
2535,1,1,0,1,0,0,1,0,0,1,0,1,0,-0.0499745,0.0101268,-0.0557178,0.579008,0.513621,0.552394,0.532016,0.564017
2536,0,0,1,1,0,0,1,0,0,1,0,1,0,-0.0629125,0.00928379,-0.0562012,0.502768,0.511849,0.445403,0.523209,0.573046
2537,1,0,1,1,0,0,1,0,0,1,0,1,0,-0.0692917,0.00166353,-0.0683461,0.493271,0.512755,0.445403,0.518862,0.572377
2538,0,1,1,1,0,0,1,0,0,1,0,1,0,-0.0463809,0.0148682,-0.0408155,0.569316,0.513846,0.527666,0.518062,0.581135
2539,1,1,1,1,0,0,1,0,0,1,0,1,0,-0.0515683,0.00827123,-0.0541412,0.559819,0.514209,0.527666,0.522531,0.580812
2540,0,0,0,0,1,0,1,0,0,1,0,1,0,-0.0656535,0.00787036,-0.0660118,0.502768,0.50331,0.435661,0.513587,0.545318
2541,1,0,0,0,1,0,1,0,0,1,0,1,0,-0.072369,-0.000881289,-0.0779435,0.493271,0.507726,0.435661,0.519705,0.530806
2542,0,1,0,0,1,0,1,0,0,1,0,1,0,-0.0484328,0.0148873,-0.0490121,0.588506,0.511933,0.552394,0.529136,0.552619
2543,1,1,0,0,1,0,1,0,0,1,0,1,0,-0.0537601,0.00735178,-0.0626924,0.579008,0.512833,0.552394,0.552372,0.541059
2544,0,0,1,0,1,0,1,0,0,1,0,1,0,-0.0657019,0.00725648,-0.0614541,0.502768,0.510463,0.435661,0.523999,0.562278
2545,1,0,1,0,1,0,1,0,0,1,0,1,0,-0.0720811,-0.000396371,-0.0735988,0.493271,0.511908,0.435661,0.527774,0.554469
2546,0,1,1,0,1,0,1,0,0,1,0,1,0,-0.0492693,0.0129363,-0.0474472,0.569316,0.513525,0.527666,0.530425,0.570979
2547,1,1,1,0,1,0,1,0,0,1,0,1,0,-0.0544566,0.0063102,-0.0607727,0.559819,0.513918,0.527666,0.547347,0.562075
2548,0,0,0,1,1,0,1,0,0,1,0,1,0,-0.0635027,0.00853609,-0.062218,0.502768,0.510619,0.435661,0.514488,0.548893
2549,1,0,0,1,1,0,1,0,0,1,0,1,0,-0.0702183,-0.000187195,-0.0741499,0.493271,0.512488,0.435661,0.510376,0.542437
2550,0,1,0,1,1,0,1,0,0,1,0,1,0,-0.0458115,0.0158225,-0.0449176,0.588506,0.513869,0.552394,0.53233,0.558491
2551,1,1,0,1,1,0,1,0,0,1,0,1,0,-0.0511387,0.00831487,-0.058598,0.579008,0.514268,0.552394,0.530464,0.551837
2552,0,0,1,1,1,0,1,0,0,1,0,1,0,-0.0637581,0.00810505,-0.0590583,0.502768,0.513219,0.435661,0.520871,0.558783
2553,1,0,1,1,1,0,1,0,0,1,0,1,0,-0.0701373,0.000500245,-0.0712031,0.493271,0.513881,0.435661,0.519044,0.558125
2554,0,1,1,1,1,0,1,0,0,1,0,1,0,-0.0472267,0.0136853,-0.0436728,0.569316,0.514344,0.527666,0.531533,0.567482
2555,1,1,1,1,1,0,1,0,0,1,0,1,0,-0.052414,0.00710056,-0.0569983,0.559819,0.514555,0.527666,0.531259,0.567356
2556,0,0,0,0,0,1,1,0,0,1,0,1,0,-0.0642855,0.0102302,-0.0609312,0.515193,0.511399,0.482479,0.522794,0.536168
2557,1,0,0,0,0,1,1,0,0,1,0,1,0,-0.0710009,0.00146739,-0.0728632,0.505696,0.510063,0.482479,0.520134,0.534158
2558,0,1,0,0,0,1,1,0,0,1,0,1,0,-0.0470646,0.0172641,-0.0439312,0.600931,0.514145,0.565267,0.517139,0.545178
2559,1,1,0,0,0,1,1,0,0,1,0,1,0,-0.0523918,0.00971746,-0.0576118,0.591434,0.513411,0.565267,0.517139,0.539713
2560,0,0,1,0,0,1,1,0,0,1,0,1,0,-0.0644469,0.0101088,-0.0562056,0.515193,0.513456,0.482479,0.514775,0.557682
2561,1,0,1,0,0,1,1,0,0,1,0,1,0,-0.070826,0.00244565,-0.0683504,0.505696,0.512779,0.482479,0.512392,0.547314
2562,0,1,1,0,0,1,1,0,0,1,0,1,0,-0.0480142,0.0157986,-0.0421984,0.581741,0.514376,0.54054,0.507565,0.564183
2563,1,1,1,0,0,1,1,0,0,1,0,1,0,-0.0532015,0.00916397,-0.0555241,0.572244,0.514147,0.54054,0.507373,0.554684
2564,0,0,0,1,0,1,1,0,0,1,0,1,0,-0.0614755,0.0121081,-0.057143,0.515193,0.512946,0.482479,0.532736,0.547131
2565,1,0,0,1,0,1,1,0,0,1,0,1,0,-0.0681911,0.0033768,-0.0690751,0.505696,0.513162,0.482479,0.530986,0.533123
2566,0,1,0,1,0,1,1,0,0,1,0,1,0,-0.043784,0.0194171,-0.0398423,0.600931,0.514293,0.565267,0.528876,0.554443
2567,1,1,0,1,0,1,1,0,0,1,0,1,0,-0.0491113,0.0119009,-0.053523,0.591434,0.514357,0.565267,0.52843,0.543506
2568,0,0,1,1,0,1,1,0,0,1,0,1,0,-0.0620493,0.011047,-0.0540065,0.515193,0.514082,0.482479,0.528285,0.562924
2569,1,0,1,1,0,1,1,0,0,1,0,1,0,-0.0684286,0.00343223,-0.0661514,0.505696,0.514133,0.482479,0.527314,0.555967
2570,0,1,1,1,0,1,1,0,0,1,0,1,0,-0.0455177,0.0166393,-0.0386206,0.581741,0.514518,0.54054,0.519808,0.571176
2571,1,1,1,1,0,1,1,0,0,1,0,1,0,-0.0507051,0.0100456,-0.0519464,0.572244,0.514594,0.54054,0.519808,0.563504
2572,0,0,0,0,1,1,1,0,0,1,0,1,0,-0.0630856,0.0098971,-0.0633867,0.515193,0.511478,0.472737,0.5261,0.527779
2573,1,0,0,0,1,1,1,0,0,1,0,1,0,-0.0698011,0.00115245,-0.0753186,0.505696,0.51237,0.472737,0.508254,0.529797
2574,0,1,0,0,1,1,1,0,0,1,0,1,0,-0.0458646,0.01692,-0.0463869,0.600931,0.513913,0.565267,0.524561,0.533908
2575,1,1,0,0,1,1,1,0,0,1,0,1,0,-0.0511918,0.00938834,-0.0600673,0.591434,0.514084,0.565267,0.522989,0.534674
2576,0,0,1,0,1,1,1,0,0,1,0,1,0,-0.0631339,0.00928823,-0.0588291,0.515193,0.513551,0.472737,0.519615,0.542957
2577,1,0,1,0,1,1,1,0,0,1,0,1,0,-0.0695131,0.00164103,-0.0709738,0.505696,0.513807,0.472737,0.517145,0.533548
2578,0,1,1,0,1,1,1,0,0,1,0,1,0,-0.0467011,0.014973,-0.044822,0.581741,0.514416,0.54054,0.516576,0.551897
2579,1,1,1,0,1,1,1,0,0,1,0,1,0,-0.0518884,0.00835017,-0.0581475,0.572244,0.514491,0.54054,0.516576,0.540941
2580,0,0,0,1,1,1,1,0,0,1,0,1,0,-0.0611689,0.0108521,-0.0587582,0.515193,0.513374,0.472737,0.527974,0.528574
2581,1,0,0,1,1,1,1,0,0,1,0,1,0,-0.0678845,0.0021337,-0.0706902,0.505696,0.513944,0.472737,0.511636,0.525538
2582,0,1,0,1,1,1,1,0,0,1,0,1,0,-0.0434773,0.0181479,-0.0414576,0.600931,0.514428,0.565267,0.531202,0.538139
2583,1,1,0,1,1,1,1,0,0,1,0,1,0,-0.0488046,0.0106418,-0.0551381,0.591434,0.514581,0.565267,0.525217,0.532881
2584,0,0,1,1,1,1,1,0,0,1,0,1,0,-0.0614242,0.0104224,-0.0555985,0.515193,0.514271,0.472737,0.528677,0.546971
2585,1,0,1,1,1,1,1,0,0,1,0,1,0,-0.0678035,0.0028201,-0.0677433,0.505696,0.514469,0.472737,0.520405,0.539631
2586,0,1,1,1,1,1,1,0,0,1,0,1,0,-0.0448925,0.0160086,-0.0402128,0.581741,0.514637,0.54054,0.523799,0.556063
2587,1,1,1,1,1,1,1,0,0,1,0,1,0,-0.0500799,0.00942398,-0.0535384,0.572244,0.514712,0.54054,0.523799,0.550111
2588,0,0,0,0,0,0,0,1,0,1,0,1,0,-0.0606339,0.0127773,-0.0609942,0.533094,0.499088,0.488513,0.515933,0.574608
2589,1,0,0,0,0,0,0,1,0,1,0,1,0,-0.0673491,0.00400637,-0.072926,0.523597,0.501111,0.488513,0.508924,0.567607
2590,0,1,0,0,0,0,0,1,0,1,0,1,0,-0.0434132,0.0197908,-0.0439945,0.610187,0.514395,0.59355,0.539414,0.584173
2591,1,1,0,0,0,0,0,1,0,1,0,1,0,-0.0487403,0.0122368,-0.057675,0.60069,0.512158,0.59355,0.539256,0.574772
2592,0,0,1,0,0,0,0,1,0,1,0,1,0,-0.0607953,0.0126356,-0.0562687,0.533094,0.508721,0.488513,0.515524,0.583145
2593,1,0,1,0,0,0,0,1,0,1,0,1,0,-0.0671742,0.00495808,-0.0684133,0.523597,0.509045,0.488513,0.515853,0.582651
2594,0,1,1,0,0,0,0,1,0,1,0,1,0,-0.0443627,0.0183098,-0.0422617,0.590997,0.514037,0.568823,0.533442,0.590518
2595,1,1,1,0,0,0,0,1,0,1,0,1,0,-0.0495499,0.0116621,-0.0555874,0.5815,0.513414,0.568823,0.537094,0.591412
2596,0,0,0,1,0,0,0,1,0,1,0,1,0,-0.05781,0.0144665,-0.0578071,0.533094,0.508253,0.488513,0.532673,0.570313
2597,1,0,0,1,0,0,0,1,0,1,0,1,0,-0.0645253,0.00572682,-0.069739,0.523597,0.510484,0.488513,0.519442,0.569647
2598,0,1,0,1,0,0,0,1,0,1,0,1,0,-0.0401187,0.0217518,-0.0405067,0.610187,0.514578,0.59355,0.539176,0.579667
2599,1,1,0,1,0,0,0,1,0,1,0,1,0,-0.0454459,0.0142282,-0.0541872,0.60069,0.514305,0.59355,0.539888,0.579079
2600,0,0,1,1,0,0,0,1,0,1,0,1,0,-0.0583838,0.0133837,-0.0546706,0.533094,0.512254,0.488513,0.52157,0.576193
2601,1,0,1,1,0,0,0,1,0,1,0,1,0,-0.0647629,0.00575441,-0.0668154,0.523597,0.513021,0.488513,0.516443,0.577956
2602,0,1,1,1,0,0,0,1,0,1,0,1,0,-0.0418524,0.0189591,-0.039285,0.590997,0.514383,0.568823,0.537318,0.58271
2603,1,1,1,1,0,0,0,1,0,1,0,1,0,-0.0470397,0.0123524,-0.0526107,0.5815,0.514469,0.568823,0.542535,0.58633
2604,0,0,0,0,1,0,0,1,0,1,0,1,0,-0.0606645,0.0125323,-0.0646853,0.533094,0.506019,0.478771,0.517303,0.560589
2605,1,0,0,0,1,0,0,1,0,1,0,1,0,-0.0673798,0.00377623,-0.0766169,0.523597,0.508814,0.478771,0.518642,0.55527
2606,0,1,0,0,1,0,0,1,0,1,0,1,0,-0.0434438,0.0195371,-0.0476857,0.610187,0.513681,0.59355,0.539635,0.570231
2607,1,1,0,0,1,0,0,1,0,1,0,1,0,-0.048771,0.0119961,-0.061366,0.60069,0.513533,0.59355,0.541394,0.563915
2608,0,0,1,0,1,0,0,1,0,1,0,1,0,-0.0607128,0.0119015,-0.0601277,0.533094,0.511469,0.478771,0.522476,0.569058
2609,1,0,1,0,1,0,0,1,0,1,0,1,0,-0.0670918,0.00423855,-0.0722722,0.523597,0.512332,0.478771,0.522615,0.56868
2610,0,1,1,0,1,0,0,1,0,1,0,1,0,-0.0442802,0.0175728,-0.0461209,0.590997,0.514174,0.568823,0.53936,0.578082
2611,1,1,1,0,1,0,0,1,0,1,0,1,0,-0.0494674,0.0109363,-0.0594464,0.5815,0.514187,0.568823,0.542431,0.577608
2612,0,0,0,1,1,0,0,1,0,1,0,1,0,-0.0585136,0.0132034,-0.0608917,0.533094,0.511386,0.478771,0.510276,0.555673
2613,1,0,0,1,1,0,0,1,0,1,0,1,0,-0.065229,0.00447581,-0.0728234,0.523597,0.512878,0.478771,0.510269,0.555778
2614,0,1,0,1,1,0,0,1,0,1,0,1,0,-0.0408224,0.0204783,-0.0435914,0.610187,0.514515,0.59355,0.524453,0.565593
2615,1,1,0,1,1,0,0,1,0,1,0,1,0,-0.0461496,0.0129653,-0.0572718,0.60069,0.514561,0.59355,0.529372,0.565611
2616,0,0,1,1,1,0,0,1,0,1,0,1,0,-0.058769,0.0127528,-0.057732,0.533094,0.513503,0.478771,0.517068,0.562941
2617,1,0,1,1,1,0,0,1,0,1,0,1,0,-0.065148,0.00513799,-0.0698766,0.523597,0.514029,0.478771,0.517708,0.563716
2618,0,1,1,1,1,0,0,1,0,1,0,1,0,-0.0422376,0.0183243,-0.0423466,0.590997,0.514583,0.568823,0.526726,0.572211
2619,1,1,1,1,1,0,0,1,0,1,0,1,0,-0.0474248,0.0117293,-0.0556721,0.5815,0.514666,0.568823,0.532233,0.572903
2620,0,0,0,0,0,1,0,1,0,1,0,1,0,-0.060678,0.0152604,-0.057482,0.545519,0.512776,0.525588,0.532656,0.559516
2621,1,0,0,0,0,1,0,1,0,1,0,1,0,-0.0673933,0.00649522,-0.0694138,0.536022,0.510686,0.525588,0.506538,0.548625
2622,0,1,0,0,0,1,0,1,0,1,0,1,0,-0.0434573,0.0222841,-0.040482,0.622612,0.51526,0.606424,0.531964,0.566824
2623,1,1,0,0,0,1,0,1,0,1,0,1,0,-0.0487845,0.0147342,-0.0541626,0.613115,0.513888,0.606424,0.535637,0.556768
2624,0,0,1,0,0,1,0,1,0,1,0,1,0,-0.0608394,0.0151322,-0.0527564,0.545519,0.513972,0.525588,0.523423,0.574395
2625,1,0,1,0,0,1,0,1,0,1,0,1,0,-0.0672184,0.00746384,-0.0649012,0.536022,0.513032,0.525588,0.510529,0.568631
2626,0,1,1,0,0,1,0,1,0,1,0,1,0,-0.0444068,0.0208139,-0.0387492,0.603422,0.514794,0.581696,0.522153,0.583025
2627,1,1,1,0,0,1,0,1,0,1,0,1,0,-0.0495941,0.0141734,-0.052075,0.593925,0.514334,0.581696,0.536055,0.575958
2628,0,0,0,1,0,1,0,1,0,1,0,1,0,-0.057868,0.0171437,-0.0536938,0.545519,0.513411,0.525588,0.539337,0.561995
2629,1,0,0,1,0,1,0,1,0,1,0,1,0,-0.0645835,0.00841011,-0.0656258,0.536022,0.51345,0.525588,0.5236,0.55715
2630,0,1,0,1,0,1,0,1,0,1,0,1,0,-0.0401767,0.0244434,-0.0363931,0.622612,0.514762,0.606424,0.536781,0.571013
2631,1,1,0,1,0,1,0,1,0,1,0,1,0,-0.0455039,0.016924,-0.0500738,0.613115,0.514588,0.606424,0.536781,0.56599
2632,0,0,1,1,0,1,0,1,0,1,0,1,0,-0.0584419,0.0160713,-0.0505573,0.545519,0.514256,0.525588,0.535296,0.569638
2633,1,0,1,1,0,1,0,1,0,1,0,1,0,-0.0648209,0.00845135,-0.0627021,0.536022,0.514244,0.525588,0.532074,0.569464
2634,0,1,1,1,0,1,0,1,0,1,0,1,0,-0.0419104,0.021656,-0.0351715,0.603422,0.514691,0.581696,0.533157,0.578028
2635,1,1,1,1,0,1,0,1,0,1,0,1,0,-0.0470977,0.0150566,-0.0484973,0.593925,0.514682,0.581696,0.53859,0.577776
2636,0,0,0,0,1,1,0,1,0,1,0,1,0,-0.0580834,0.0152516,-0.0603312,0.545519,0.512865,0.515846,0.523298,0.545894
2637,1,0,0,0,1,1,0,1,0,1,0,1,0,-0.0647988,0.00650384,-0.0722629,0.536022,0.512923,0.515846,0.512419,0.532947
2638,0,1,0,0,1,1,0,1,0,1,0,1,0,-0.0408624,0.0222638,-0.0433314,0.622612,0.514641,0.606424,0.533452,0.554487
2639,1,1,0,0,1,1,0,1,0,1,0,1,0,-0.0461895,0.0147285,-0.0570118,0.613115,0.514376,0.606424,0.530273,0.54456
2640,0,0,1,0,1,1,0,1,0,1,0,1,0,-0.0581316,0.0146316,-0.0557736,0.545519,0.514065,0.515846,0.534661,0.560453
2641,1,0,1,0,1,1,0,1,0,1,0,1,0,-0.0645107,0.0069785,-0.0679182,0.536022,0.514019,0.515846,0.524867,0.555675
2642,0,1,1,0,1,1,0,1,0,1,0,1,0,-0.0416987,0.0203079,-0.0417666,0.603422,0.514686,0.581696,0.540057,0.569579
2643,1,1,1,0,1,1,0,1,0,1,0,1,0,-0.046886,0.0136789,-0.0550922,0.593925,0.514603,0.581696,0.546724,0.564441
2644,0,0,0,1,1,1,0,1,0,1,0,1,0,-0.0561666,0.0162143,-0.0557028,0.545519,0.513808,0.515846,0.519003,0.546507
2645,1,0,0,1,1,1,0,1,0,1,0,1,0,-0.0628821,0.00749288,-0.0676346,0.536022,0.514147,0.515846,0.506501,0.541132
2646,0,1,0,1,1,1,0,1,0,1,0,1,0,-0.0384751,0.0235,-0.0384022,0.622612,0.514693,0.606424,0.529636,0.556715
2647,1,1,0,1,1,1,0,1,0,1,0,1,0,-0.0438022,0.0159903,-0.0520827,0.613115,0.514701,0.606424,0.520325,0.552493
2648,0,0,1,1,1,1,0,1,0,1,0,1,0,-0.0564219,0.015773,-0.0525431,0.545519,0.514431,0.515846,0.529551,0.555492
2649,1,0,1,1,1,1,0,1,0,1,0,1,0,-0.062801,0.00816483,-0.0646878,0.536022,0.514545,0.515846,0.520882,0.555918
2650,0,1,1,1,1,1,0,1,0,1,0,1,0,-0.0398902,0.0213512,-0.0371574,0.603422,0.514735,0.581696,0.539415,0.564393
2651,1,1,1,1,1,1,0,1,0,1,0,1,0,-0.0450775,0.0147604,-0.0504831,0.593925,0.514757,0.581696,0.538129,0.564763
2652,0,0,0,0,0,0,1,1,0,1,0,1,0,-0.0628834,0.0105725,-0.0606786,0.502768,0.507923,0.445403,0.533163,0.575473
2653,1,0,0,0,0,0,1,1,0,1,0,1,0,-0.0695987,0.00179826,-0.0726105,0.493271,0.509339,0.445403,0.521381,0.565024
2654,0,1,0,0,0,0,1,1,0,1,0,1,0,-0.045663,0.0175902,-0.0436788,0.588506,0.513607,0.557406,0.535184,0.581393
2655,1,1,0,0,0,0,1,1,0,1,0,1,0,-0.0509901,0.0100341,-0.0573593,0.579008,0.513422,0.557406,0.540904,0.57179
2656,0,0,1,0,0,0,1,1,0,1,0,1,0,-0.0630449,0.0104383,-0.055953,0.502768,0.51216,0.445403,0.521644,0.587425
2657,1,0,1,0,0,0,1,1,0,1,0,1,0,-0.0694239,0.00275904,-0.0680978,0.493271,0.512513,0.445403,0.510723,0.583381
2658,0,1,1,0,0,0,1,1,0,1,0,1,0,-0.0466125,0.0161149,-0.041946,0.569316,0.514138,0.532678,0.5206,0.595147
2659,1,1,1,0,0,0,1,1,0,1,0,1,0,-0.0517997,0.00946681,-0.0552716,0.559819,0.514139,0.532678,0.531511,0.58945
2660,0,0,0,1,0,0,1,1,0,1,0,1,0,-0.0600595,0.01225,-0.0574914,0.502768,0.512069,0.445403,0.544114,0.575373
2661,1,0,0,1,0,0,1,1,0,1,0,1,0,-0.0667749,0.00350684,-0.0694234,0.493271,0.513025,0.445403,0.537795,0.573875
2662,0,1,0,1,0,0,1,1,0,1,0,1,0,-0.0423685,0.0195395,-0.0401909,0.588506,0.51429,0.557406,0.543927,0.583953
2663,1,1,0,1,0,0,1,1,0,1,0,1,0,-0.0476957,0.0120137,-0.0538715,0.579008,0.514427,0.557406,0.543927,0.581146
2664,0,0,1,1,0,0,1,1,0,1,0,1,0,-0.0606335,0.0111795,-0.0543549,0.502768,0.513751,0.445403,0.531922,0.582071
2665,1,0,1,1,0,0,1,1,0,1,0,1,0,-0.0670126,0.00354841,-0.0664998,0.493271,0.51408,0.445403,0.519747,0.582213
2666,0,1,1,1,0,0,1,1,0,1,0,1,0,-0.0441022,0.0167579,-0.0389692,0.569316,0.514496,0.532678,0.52744,0.589589
2667,1,1,1,1,0,0,1,1,0,1,0,1,0,-0.0492895,0.0101508,-0.052295,0.559819,0.514613,0.532678,0.529306,0.590087
2668,0,0,0,0,1,0,1,1,0,1,0,1,0,-0.0633745,0.00979751,-0.0641654,0.502768,0.510636,0.435661,0.519142,0.56321
2669,1,0,0,0,1,0,1,1,0,1,0,1,0,-0.0700898,0.00103905,-0.0760972,0.493271,0.512251,0.435661,0.513811,0.553786
2670,0,1,0,0,1,0,1,1,0,1,0,1,0,-0.0461542,0.0168062,-0.0471658,0.588506,0.513827,0.557406,0.539585,0.570698
2671,1,1,0,0,1,0,1,1,0,1,0,1,0,-0.0514813,0.00926353,-0.0608461,0.579008,0.514124,0.557406,0.541647,0.561817
2672,0,0,1,0,1,0,1,1,0,1,0,1,0,-0.0634229,0.00917902,-0.0596078,0.502768,0.513236,0.435661,0.517487,0.574087
2673,1,0,1,0,1,0,1,1,0,1,0,1,0,-0.069802,0.00151523,-0.0717525,0.493271,0.513765,0.435661,0.512425,0.572166
2674,0,1,1,0,1,0,1,1,0,1,0,1,0,-0.0469906,0.0148524,-0.0456009,0.569316,0.514369,0.532678,0.526133,0.582204
2675,1,1,1,0,1,0,1,1,0,1,0,1,0,-0.0521778,0.00821603,-0.0589264,0.559819,0.514502,0.532678,0.528954,0.579506
2676,0,0,0,1,1,0,1,1,0,1,0,1,0,-0.0612236,0.0104521,-0.0603717,0.502768,0.513296,0.435661,0.528951,0.562108
2677,1,0,0,1,1,0,1,1,0,1,0,1,0,-0.0679391,0.00172206,-0.0723036,0.493271,0.513981,0.435661,0.525448,0.559538
2678,0,1,0,1,1,0,1,1,0,1,0,1,0,-0.0435328,0.0177312,-0.0430714,0.588506,0.5145,0.557406,0.547594,0.570968
2679,1,1,0,1,1,0,1,1,0,1,0,1,0,-0.0488599,0.0102165,-0.0567518,0.579008,0.514633,0.557406,0.547342,0.569111
2680,0,0,1,1,1,0,1,1,0,1,0,1,0,-0.0614791,0.010016,-0.057212,0.502768,0.514239,0.435661,0.528128,0.568731
2681,1,0,1,1,1,0,1,1,0,1,0,1,0,-0.0678581,0.0024003,-0.0693568,0.493271,0.514482,0.435661,0.52557,0.569346
2682,0,1,1,1,1,0,1,1,0,1,0,1,0,-0.044948,0.0155902,-0.0418265,0.569316,0.514656,0.532678,0.53975,0.577008
2683,1,1,1,1,1,0,1,1,0,1,0,1,0,-0.0501352,0.00899534,-0.0551521,0.559819,0.514729,0.532678,0.539805,0.577478
2684,0,0,0,0,0,1,1,1,0,1,0,1,0,-0.0614892,0.0125795,-0.0579672,0.515193,0.513611,0.482479,0.532126,0.557605
2685,1,0,0,0,0,1,1,1,0,1,0,1,0,-0.0682045,0.00381074,-0.0698991,0.505696,0.513111,0.482479,0.524399,0.547365
2686,0,1,0,0,0,1,1,1,0,1,0,1,0,-0.0442687,0.0196075,-0.0409671,0.600931,0.514639,0.570279,0.529255,0.564567
2687,1,1,0,0,0,1,1,1,0,1,0,1,0,-0.0495958,0.0120549,-0.0546477,0.591434,0.514336,0.570279,0.529255,0.55521
2688,0,0,1,0,0,1,1,1,0,1,0,1,0,-0.0616507,0.0124564,-0.0532415,0.515193,0.514337,0.482479,0.520505,0.575205
2689,1,0,1,0,0,1,1,1,0,1,0,1,0,-0.0680297,0.00478449,-0.0653864,0.505696,0.514085,0.482479,0.517491,0.566396
2690,0,1,1,0,0,1,1,1,0,1,0,1,0,-0.0452182,0.0181411,-0.0392343,0.581741,0.514682,0.545552,0.517961,0.581304
2691,1,1,1,0,0,1,1,1,0,1,0,1,0,-0.0504054,0.0114985,-0.05256,0.572244,0.514586,0.545552,0.51739,0.573324
2692,1,0,0,1,0,1,1,1,0,1,0,1,0,-0.0653946,0.00570828,-0.0661111,0.505696,0.514229,0.482479,0.537184,0.556066
2693,0,1,0,1,0,1,1,1,0,1,0,1,0,-0.0409881,0.0217496,-0.0368782,0.600931,0.514657,0.570279,0.537081,0.572322
2694,1,1,0,1,0,1,1,1,0,1,0,1,0,-0.0463152,0.0142275,-0.0505589,0.591434,0.514666,0.570279,0.537081,0.564039
2695,0,0,1,1,0,1,1,1,0,1,0,1,0,-0.0592531,0.0133827,-0.0510424,0.515193,0.514557,0.482479,0.533705,0.574426
2696,1,0,1,1,0,1,1,1,0,1,0,1,0,-0.0656322,0.0057592,-0.0631874,0.505696,0.514574,0.482479,0.533705,0.573003
2697,0,1,1,1,0,1,1,1,0,1,0,1,0,-0.0427217,0.0189709,-0.0356565,0.581741,0.51472,0.545552,0.526731,0.581872
2698,1,1,1,1,0,1,1,1,0,1,0,1,0,-0.047909,0.0123693,-0.0489823,0.572244,0.514743,0.545552,0.526731,0.580724
2699,0,0,0,0,1,1,1,1,0,1,0,1,0,-0.0602894,0.0122581,-0.0604226,0.515193,0.513608,0.472737,0.534264,0.543971
2700,1,0,0,0,1,1,1,1,0,1,0,1,0,-0.0670048,0.0035074,-0.0723545,0.505696,0.513933,0.472737,0.514804,0.53644
2701,0,1,0,0,1,1,1,1,0,1,0,1,0,-0.0430687,0.0192751,-0.0434228,0.600931,0.514509,0.570279,0.538899,0.553162
2702,1,1,0,0,1,1,1,1,0,1,0,1,0,-0.0483958,0.0117374,-0.0571032,0.591434,0.514561,0.570279,0.530497,0.543346
2703,0,0,1,0,1,1,1,1,0,1,0,1,0,-0.0603377,0.0116478,-0.055865,0.515193,0.51436,0.472737,0.532518,0.562547
2704,1,0,1,0,1,1,1,1,0,1,0,1,0,-0.0667168,0.00399179,-0.0680097,0.505696,0.514453,0.472737,0.525114,0.554649
2705,0,1,1,0,1,1,1,1,0,1,0,1,0,-0.0439051,0.0173275,-0.0418579,0.581741,0.51468,0.545552,0.531148,0.570056
2706,1,1,1,0,1,1,1,1,0,1,0,1,0,-0.0490923,0.0106966,-0.0551835,0.572244,0.514703,0.545552,0.540016,0.562748
2707,0,0,0,1,1,1,1,1,0,1,0,1,0,-0.0583727,0.0132011,-0.0557942,0.515193,0.514295,0.472737,0.541417,0.54971
2708,1,0,0,1,1,1,1,1,0,1,0,1,0,-0.0650881,0.00447664,-0.0677261,0.505696,0.514505,0.472737,0.525638,0.540695
2709,0,1,0,1,1,1,1,1,0,1,0,1,0,-0.0406814,0.020492,-0.0384935,0.600931,0.514686,0.570279,0.548718,0.559134
2710,1,1,0,1,1,1,1,1,0,1,0,1,0,-0.0460085,0.0129798,-0.0521741,0.591434,0.514738,0.570279,0.538624,0.552104
2711,0,0,1,1,1,1,1,1,0,1,0,1,0,-0.058628,0.0127707,-0.0526344,0.515193,0.514621,0.472737,0.546461,0.561626
2712,1,0,1,1,1,1,1,1,0,1,0,1,0,-0.0650071,0.00515961,-0.0647793,0.505696,0.514693,0.472737,0.53535,0.558702
2713,0,1,1,1,1,1,1,1,0,1,0,1,0,-0.0420966,0.0183528,-0.0372487,0.581741,0.514756,0.545552,0.54406,0.569574
2714,1,1,1,1,1,1,1,1,0,1,0,1,0,-0.0472838,0.0117602,-0.0505744,0.572244,0.514782,0.545552,0.544877,0.567711
2715,0,0,0,0,0,0,0,0,1,1,0,1,0,-0.0635032,0.0101866,-0.0604882,0.525305,0.500236,0.488513,0.487484,0.563145
2716,1,0,0,0,0,0,0,0,1,1,0,1,0,-0.0702184,0.00142084,-0.0724201,0.515808,0.500524,0.488513,0.517838,0.561649
2717,0,1,0,0,0,0,0,0,1,1,0,1,0,-0.0462824,0.0172092,-0.0434886,0.593433,0.514825,0.582218,0.533304,0.57294
2718,1,1,0,0,0,0,0,0,1,1,0,1,0,-0.0516096,0.00965926,-0.0571691,0.583936,0.512014,0.582218,0.573107,0.571263
2719,0,0,1,0,0,0,0,0,1,1,0,1,0,-0.0636645,0.0100507,-0.0557627,0.525305,0.509105,0.488513,0.506319,0.570954
2720,1,0,1,0,0,0,0,0,1,1,0,1,0,-0.0700435,0.00238183,-0.0679075,0.515808,0.508875,0.488513,0.541814,0.571363
2721,0,1,1,0,0,0,0,0,1,1,0,1,0,-0.0472319,0.0157311,-0.0417558,0.574243,0.514112,0.55749,0.540053,0.579995
2722,1,1,1,0,0,0,0,0,1,1,0,1,0,-0.0524192,0.00908951,-0.0550814,0.564746,0.513359,0.55749,0.562026,0.580241
2723,0,0,0,1,0,0,0,0,1,1,0,1,0,-0.0606793,0.0118799,-0.0573011,0.525305,0.508095,0.488513,0.539437,0.557695
2724,1,1,0,1,0,0,0,0,1,1,0,1,0,-0.0483152,0.0116566,-0.0536813,0.583936,0.514158,0.582218,0.554738,0.567954
2725,0,0,1,1,0,0,0,0,1,1,0,1,0,-0.0612531,0.0108042,-0.0541646,0.525305,0.512171,0.488513,0.550931,0.562935
2726,1,0,1,1,0,0,0,0,1,1,0,1,0,-0.0676322,0.00318345,-0.0663095,0.515808,0.512943,0.488513,0.559424,0.565772
2727,0,1,1,1,0,0,0,0,1,1,0,1,0,-0.0447216,0.0163863,-0.0387791,0.574243,0.514202,0.55749,0.552792,0.571763
2728,1,1,1,1,0,0,0,0,1,1,0,1,0,-0.0499089,0.00978559,-0.0521048,0.564746,0.514407,0.55749,0.562795,0.57484
2729,0,0,0,0,1,0,0,0,1,1,0,1,0,-0.0635337,0.00994609,-0.0641794,0.525305,0.506186,0.478771,0.51856,0.548539
2730,1,0,0,0,1,0,0,0,1,1,0,1,0,-0.0702491,0.00119525,-0.0761111,0.515808,0.508505,0.478771,0.535407,0.546483
2731,0,1,0,0,1,0,0,0,1,1,0,1,0,-0.046313,0.0169601,-0.0471799,0.593433,0.513578,0.582218,0.538851,0.558874
2732,1,1,0,0,1,0,0,0,1,1,0,1,0,-0.0516402,0.00942312,-0.0608601,0.583936,0.513384,0.582218,0.562336,0.557296
2733,0,0,1,0,1,0,0,0,1,1,0,1,0,-0.063582,0.00932167,-0.0596218,0.525305,0.511517,0.478771,0.540173,0.557074
2734,1,0,1,0,1,0,0,0,1,1,0,1,0,-0.069961,0.00166743,-0.0717664,0.515808,0.512235,0.478771,0.548672,0.557101
2735,0,1,1,0,1,0,0,0,1,1,0,1,0,-0.0471495,0.0149992,-0.045615,0.574243,0.514106,0.55749,0.546887,0.566789
2736,1,1,1,0,1,0,0,0,1,1,0,1,0,-0.0523367,0.00836888,-0.0589405,0.564746,0.514132,0.55749,0.563843,0.566606
2737,0,0,0,1,1,0,0,0,1,1,0,1,0,-0.0613828,0.01062,-0.0603857,0.525305,0.511362,0.478771,0.554655,0.543011
2738,1,0,0,1,1,0,0,0,1,1,0,1,0,-0.0680983,0.00189759,-0.0723175,0.515808,0.512798,0.478771,0.554528,0.543438
2739,0,1,0,1,1,0,0,0,1,1,0,1,0,-0.0436916,0.0179059,-0.0430855,0.593433,0.514341,0.582218,0.554532,0.553521
2740,1,1,0,1,1,0,0,0,1,1,0,1,0,-0.0490188,0.010397,-0.0567658,0.583936,0.514489,0.582218,0.564353,0.553871
2741,0,0,1,1,1,0,0,0,1,1,0,1,0,-0.0616382,0.0101774,-0.057226,0.525305,0.513486,0.478771,0.562892,0.549252
2742,1,0,1,1,1,0,0,0,1,1,0,1,0,-0.0680172,0.00257124,-0.0693708,0.515808,0.514005,0.478771,0.564435,0.551461
2743,0,1,1,1,1,0,0,0,1,1,0,1,0,-0.0451068,0.0157556,-0.0418406,0.574243,0.514499,0.55749,0.562047,0.559108
2744,1,1,1,1,1,0,0,0,1,1,0,1,0,-0.050294,0.00916669,-0.0551662,0.564746,0.514636,0.55749,0.570945,0.561175
2745,0,0,0,0,0,1,0,0,1,1,0,1,0,-0.0636662,0.0125821,-0.0582402,0.53773,0.513408,0.525588,0.528399,0.552698
2746,1,0,0,0,0,1,0,0,1,1,0,1,0,-0.0703815,0.00382092,-0.0701722,0.528233,0.510547,0.525588,0.544311,0.545489
2747,0,1,0,0,0,1,0,0,1,1,0,1,0,-0.0464455,0.0196135,-0.0412405,0.605858,0.515392,0.595091,0.553601,0.562447
2748,1,1,0,0,0,1,0,0,1,1,0,1,0,-0.0517726,0.0120664,-0.054921,0.596361,0.513825,0.595091,0.577444,0.554266
2749,0,0,1,0,0,1,0,0,1,1,0,1,0,-0.0638275,0.0124587,-0.0535147,0.53773,0.514193,0.525588,0.529408,0.563309
2750,1,0,1,0,0,1,0,0,1,1,0,1,0,-0.0702065,0.00479728,-0.0656596,0.528233,0.512999,0.525588,0.543333,0.56236
2751,0,1,1,0,0,1,0,0,1,1,0,1,0,-0.047395,0.0181456,-0.0395077,0.586668,0.514816,0.570364,0.531138,0.572085
2752,1,1,1,0,0,1,0,0,1,1,0,1,0,-0.0525822,0.0115094,-0.0528333,0.577171,0.514311,0.570364,0.554276,0.571005
2753,0,0,0,1,0,1,0,0,1,1,0,1,0,-0.0608562,0.0144669,-0.0544521,0.53773,0.513436,0.525588,0.545514,0.550118
2754,1,0,0,1,0,1,0,0,1,1,0,1,0,-0.0675716,0.00573732,-0.0663841,0.528233,0.513388,0.525588,0.543142,0.548488
2755,0,1,0,1,0,1,0,0,1,1,0,1,0,-0.0431649,0.0217763,-0.0371515,0.605858,0.514637,0.595091,0.547033,0.559795
2756,1,1,0,1,0,1,0,0,1,1,0,1,0,-0.0484921,0.0142596,-0.0508321,0.596361,0.514534,0.595091,0.550337,0.558878
2757,0,0,1,1,0,1,0,0,1,1,0,1,0,-0.06143,0.0134003,-0.0513156,0.53773,0.514257,0.525588,0.535851,0.557814
2758,1,0,1,1,0,1,0,0,1,1,0,1,0,-0.0678091,0.00578733,-0.0634605,0.528233,0.514227,0.525588,0.541333,0.55804
2759,0,1,1,1,0,1,0,0,1,1,0,1,0,-0.0448986,0.0189907,-0.0359299,0.586668,0.514628,0.570364,0.533364,0.566849
2760,1,1,1,1,0,1,0,0,1,1,0,1,0,-0.0500859,0.0123956,-0.0492556,0.577171,0.514661,0.570364,0.544639,0.56688
2761,0,0,0,0,1,1,0,0,1,1,0,1,0,-0.0610715,0.0125875,-0.0610895,0.53773,0.51328,0.515846,0.556023,0.536843
2762,1,0,0,0,1,1,0,0,1,1,0,1,0,-0.0677869,0.00384389,-0.0730213,0.528233,0.512939,0.515846,0.559963,0.527589
2763,0,1,0,0,1,1,0,0,1,1,0,1,0,-0.0438505,0.0196073,-0.0440899,0.605858,0.514713,0.595091,0.56224,0.547362
2764,1,1,0,0,1,1,0,0,1,1,0,1,0,-0.0491777,0.0120749,-0.0577702,0.596361,0.514362,0.595091,0.582173,0.540585
2765,0,0,1,0,1,1,0,0,1,1,0,1,0,-0.0611197,0.0119727,-0.056532,0.53773,0.514214,0.515846,0.538776,0.549067
2766,1,0,1,0,1,1,0,0,1,1,0,1,0,-0.0674988,0.00432664,-0.0686766,0.528233,0.514032,0.515846,0.550902,0.547028
2767,0,1,1,0,1,1,0,0,1,1,0,1,0,-0.0446869,0.0176542,-0.0425251,0.586668,0.514703,0.570364,0.538662,0.558397
2768,1,1,1,0,1,1,0,0,1,1,0,1,0,-0.0498741,0.0110296,-0.0558506,0.577171,0.514598,0.570364,0.554574,0.557254
2769,0,0,0,1,1,1,0,0,1,1,0,1,0,-0.0591548,0.0135515,-0.056461,0.53773,0.513932,0.515846,0.545359,0.537796
2770,1,0,0,1,1,1,0,0,1,1,0,1,0,-0.0658703,0.00483423,-0.0683929,0.528233,0.514166,0.515846,0.549984,0.535804
2771,0,1,0,1,1,1,0,0,1,1,0,1,0,-0.0414632,0.0208469,-0.0391606,0.605858,0.514674,0.595091,0.553616,0.545666
2772,1,1,0,1,1,1,0,0,1,1,0,1,0,-0.0467904,0.0133401,-0.0528411,0.596361,0.51469,0.595091,0.561166,0.543835
2773,0,0,1,1,1,1,0,0,1,1,0,1,0,-0.0594101,0.0131163,-0.0533013,0.53773,0.514474,0.515846,0.544332,0.543088
2774,1,0,1,1,1,1,0,0,1,1,0,1,0,-0.0657891,0.00551519,-0.0654461,0.528233,0.514554,0.515846,0.550976,0.544827
2775,0,1,1,1,1,1,0,0,1,1,0,1,0,-0.0428784,0.0187002,-0.0379158,0.586668,0.514721,0.570364,0.539893,0.552526
2776,1,1,1,1,1,1,0,0,1,1,0,1,0,-0.0480657,0.0121138,-0.0512414,0.577171,0.514752,0.570364,0.550433,0.5532
2777,0,0,0,0,0,0,1,0,1,1,0,1,0,-0.0653423,0.00912869,-0.060462,0.502768,0.508443,0.445403,0.516853,0.568418
2778,1,0,0,0,0,0,1,0,1,1,0,1,0,-0.0720576,0.000357144,-0.072394,0.493271,0.509125,0.445403,0.544775,0.562829
2779,1,1,0,0,0,0,1,0,1,1,0,1,0,-0.053449,0.00859988,-0.0571428,0.570044,0.513328,0.546073,0.567601,0.570465
2780,0,0,1,0,0,0,1,0,1,1,0,1,0,-0.0655038,0.00899941,-0.0557364,0.502768,0.512338,0.445403,0.508511,0.576583
2781,1,0,1,0,0,0,1,0,1,1,0,1,0,-0.0718827,0.00132519,-0.0678813,0.493271,0.512451,0.445403,0.536222,0.575793
2782,1,1,1,0,0,0,1,0,1,1,0,1,0,-0.0542585,0.00803604,-0.055055,0.550854,0.514103,0.521345,0.547816,0.584041
2783,0,0,0,1,0,0,1,0,1,1,0,1,0,-0.0625184,0.0108095,-0.0572747,0.502768,0.512053,0.445403,0.550363,0.564215
2784,1,0,0,1,0,0,1,0,1,1,0,1,0,-0.0692339,0.00206911,-0.0692069,0.493271,0.512949,0.445403,0.555922,0.56384
2785,1,1,0,1,0,0,1,0,1,1,0,1,0,-0.0501546,0.0105849,-0.0536549,0.570044,0.514363,0.546073,0.553659,0.572688
2786,0,0,1,1,0,0,1,0,1,1,0,1,0,-0.0630924,0.00974424,-0.0541382,0.502768,0.513736,0.445403,0.540111,0.570727
2787,1,0,1,1,0,0,1,0,1,1,0,1,0,-0.0694714,0.00211812,-0.0662832,0.493271,0.514058,0.445403,0.550619,0.571561
2788,1,1,1,1,0,0,1,0,1,1,0,1,0,-0.0517483,0.00872434,-0.0520783,0.550854,0.514587,0.521345,0.548876,0.579663
2789,0,0,0,0,1,0,1,0,1,1,0,1,0,-0.0658334,0.00836061,-0.0639488,0.502768,0.510901,0.435661,0.536222,0.55494
2790,1,0,0,0,1,0,1,0,1,1,0,1,0,-0.0725488,-0.000395021,-0.0758807,0.493271,0.5122,0.435661,0.555241,0.549408
2791,0,1,0,0,1,0,1,0,1,1,0,1,0,-0.048613,0.0153777,-0.0469493,0.579541,0.513837,0.546073,0.54501,0.564432
2792,1,1,0,0,1,0,1,0,1,1,0,1,0,-0.0539402,0.00783636,-0.0606296,0.570044,0.514081,0.546073,0.569134,0.559344
2793,0,0,1,0,1,0,1,0,1,1,0,1,0,-0.0658818,0.00774676,-0.0593912,0.502768,0.513329,0.435661,0.539815,0.563033
2794,1,0,1,0,1,0,1,0,1,1,0,1,0,-0.0722608,8.80E-05,-0.071536,0.493271,0.513752,0.435661,0.556946,0.562911
2795,0,1,1,0,1,0,1,0,1,1,0,1,0,-0.0494494,0.0134258,-0.0453844,0.560351,0.514362,0.521345,0.549237,0.571682
2796,1,1,1,0,1,0,1,0,1,1,0,1,0,-0.0546367,0.00679188,-0.0587098,0.550854,0.514486,0.521345,0.563832,0.571349
2797,0,0,0,1,1,0,1,0,1,1,0,1,0,-0.0636825,0.00901835,-0.060155,0.502768,0.513364,0.435661,0.552283,0.550322
2798,1,0,0,1,1,0,1,0,1,1,0,1,0,-0.070398,0.000291138,-0.072087,0.493271,0.513981,0.435661,0.556369,0.550547
2799,0,1,0,1,1,0,1,0,1,1,0,1,0,-0.0459916,0.0163079,-0.0428548,0.579541,0.514455,0.546073,0.54995,0.559814
2800,1,1,0,1,1,0,1,0,1,1,0,1,0,-0.0513188,0.00879454,-0.0565352,0.570044,0.514613,0.546073,0.559878,0.559959
2801,0,0,1,1,1,0,1,0,1,1,0,1,0,-0.063938,0.00858783,-0.0569953,0.502768,0.514261,0.435661,0.549544,0.556975
2802,1,0,1,1,1,0,1,0,1,1,0,1,0,-0.070317,0.000977153,-0.0691402,0.493271,0.514484,0.435661,0.557662,0.558001
2803,0,1,1,1,1,0,1,0,1,1,0,1,0,-0.0474068,0.0141685,-0.0416099,0.560351,0.514632,0.521345,0.547049,0.565863
2804,1,1,1,1,1,0,1,0,1,1,0,1,0,-0.0525941,0.00757603,-0.0549355,0.550854,0.51472,0.521345,0.555675,0.566636
2805,0,0,0,0,0,1,1,0,1,1,0,1,0,-0.0644653,0.0107074,-0.0588683,0.515193,0.513942,0.482479,0.535474,0.554946
2806,1,0,0,0,0,1,1,0,1,1,0,1,0,-0.0711806,0.0019406,-0.0708003,0.505696,0.513083,0.482479,0.540148,0.544049
2807,0,1,0,0,0,1,1,0,1,1,0,1,0,-0.0472448,0.0177413,-0.0418684,0.591966,0.514695,0.558947,0.557452,0.562451
2808,1,1,0,0,0,1,1,0,1,1,0,1,0,-0.0525719,0.010189,-0.055549,0.582469,0.51431,0.558947,0.56283,0.552893
2809,0,0,1,0,0,1,1,0,1,1,0,1,0,-0.0646268,0.0105867,-0.0541427,0.515193,0.514454,0.482479,0.527331,0.568331
2810,1,0,1,0,0,1,1,0,1,1,0,1,0,-0.0710057,0.00291764,-0.0662876,0.505696,0.514081,0.482479,0.53476,0.564097
2811,0,1,1,0,0,1,1,0,1,1,0,1,0,-0.0481943,0.0162757,-0.0401355,0.572776,0.514693,0.534219,0.517994,0.5761
2812,1,1,1,0,0,1,1,0,1,1,0,1,0,-0.0533815,0.00963326,-0.0534612,0.563279,0.514576,0.534219,0.536662,0.571861
2813,0,0,0,1,0,1,1,0,1,1,0,1,0,-0.0616554,0.0125783,-0.0550801,0.515193,0.5142,0.482479,0.549315,0.556453
2814,1,0,0,1,0,1,1,0,1,1,0,1,0,-0.0683708,0.00384316,-0.0670122,0.505696,0.514221,0.482479,0.548963,0.551328
2815,1,1,0,1,0,1,1,0,1,1,0,1,0,-0.0492914,0.0123686,-0.0514601,0.582469,0.514647,0.558947,0.54785,0.560918
2816,0,0,1,1,0,1,1,0,1,1,0,1,0,-0.0622292,0.0115169,-0.0519435,0.515193,0.514571,0.482479,0.539789,0.563535
2817,1,0,1,1,0,1,1,0,1,1,0,1,0,-0.0686083,0.0038963,-0.0640885,0.505696,0.514573,0.482479,0.542721,0.563619
2818,0,1,1,1,0,1,1,0,1,1,0,1,0,-0.0456979,0.0171097,-0.0365577,0.572776,0.514698,0.534219,0.531492,0.571552
2819,1,1,1,1,0,1,1,0,1,1,0,1,0,-0.0508852,0.0105083,-0.0498835,0.563279,0.514735,0.534219,0.541522,0.571469
2820,0,0,0,0,1,1,1,0,1,1,0,1,0,-0.0632655,0.0104024,-0.0613238,0.515193,0.513929,0.472737,0.536406,0.538958
2821,1,0,0,0,1,1,1,0,1,1,0,1,0,-0.0699809,0.0016538,-0.0732557,0.505696,0.513996,0.472737,0.548026,0.528943
2822,0,1,0,0,1,1,1,0,1,1,0,1,0,-0.0460448,0.0174254,-0.0443241,0.591966,0.51459,0.558947,0.552071,0.550145
2823,1,1,0,0,1,1,1,0,1,1,0,1,0,-0.0513719,0.00988803,-0.0580044,0.582469,0.514574,0.558947,0.565652,0.539004
2824,0,0,1,0,1,1,1,0,1,1,0,1,0,-0.0633138,0.00979356,-0.0567662,0.515193,0.514476,0.472737,0.530037,0.554409
2825,1,0,1,0,1,1,1,0,1,1,0,1,0,-0.0696929,0.00214045,-0.068911,0.505696,0.514479,0.472737,0.546156,0.549977
2826,0,1,1,0,1,1,1,0,1,1,0,1,0,-0.0468812,0.0154775,-0.0427592,0.572776,0.514706,0.534219,0.528649,0.563523
2827,1,1,1,0,1,1,1,0,1,1,0,1,0,-0.0520684,0.00884693,-0.0560847,0.563279,0.514708,0.534219,0.545942,0.559426
2828,0,0,0,1,1,1,1,0,1,1,0,1,0,-0.0613488,0.0113504,-0.0566952,0.515193,0.514403,0.472737,0.544415,0.544118
2829,1,0,0,1,1,1,1,0,1,1,0,1,0,-0.0680643,0.00262807,-0.0686273,0.505696,0.514535,0.472737,0.553101,0.538088
2830,0,1,0,1,1,1,1,0,1,1,0,1,0,-0.0436575,0.0186493,-0.0393947,0.591966,0.514699,0.558947,0.539977,0.550814
2831,1,1,0,1,1,1,1,0,1,1,0,1,0,-0.0489847,0.0111375,-0.0530752,0.582469,0.514741,0.558947,0.547737,0.547504
2832,0,0,1,1,1,1,1,0,1,1,0,1,0,-0.0616041,0.0109212,-0.0535355,0.515193,0.514659,0.472737,0.53781,0.551336
2833,1,0,1,1,1,1,1,0,1,1,0,1,0,-0.0679832,0.00331302,-0.0656804,0.505696,0.514705,0.472737,0.546474,0.552358
2834,0,1,1,1,1,1,1,0,1,1,0,1,0,-0.0450727,0.0165078,-0.0381499,0.572776,0.514759,0.534219,0.532698,0.558594
2835,1,1,1,1,1,1,1,0,1,1,0,1,0,-0.0502599,0.00991547,-0.0514755,0.563279,0.514783,0.534219,0.543578,0.559103
2836,0,0,0,0,0,0,0,1,1,1,0,1,0,-0.0598786,0.0126352,-0.0581415,0.533094,0.509627,0.488513,0.498146,0.573279
2837,1,0,0,0,0,0,0,1,1,1,0,1,0,-0.0665938,0.00386429,-0.0700734,0.523597,0.509684,0.488513,0.513168,0.572515
2838,0,1,0,0,0,0,0,1,1,1,0,1,0,-0.0426581,0.0196469,-0.0411419,0.601222,0.515066,0.58723,0.538516,0.58243
2839,1,1,0,0,0,0,0,1,1,1,0,1,0,-0.0479853,0.0120918,-0.0548224,0.591725,0.513905,0.58723,0.561793,0.581764
2840,0,0,1,0,0,0,0,1,1,1,0,1,0,-0.06004,0.0124936,-0.0534159,0.533094,0.512782,0.488513,0.518913,0.57644
2841,1,0,1,0,0,0,0,1,1,1,0,1,0,-0.0664188,0.00481517,-0.0655608,0.523597,0.51268,0.488513,0.540086,0.580796
2842,0,1,1,0,0,0,0,1,1,1,0,1,0,-0.0436076,0.0181658,-0.0394091,0.582032,0.514651,0.562502,0.54728,0.578734
2843,1,1,1,0,0,0,0,1,1,1,0,1,0,-0.0487947,0.0115159,-0.0527348,0.572535,0.514327,0.562502,0.570265,0.585939
2844,0,0,0,1,0,0,0,1,1,1,0,1,0,-0.0570547,0.0143182,-0.0549544,0.533094,0.51242,0.488513,0.54494,0.566368
2845,1,0,0,1,0,0,0,1,1,1,0,1,0,-0.06377,0.00557845,-0.0668864,0.523597,0.513186,0.488513,0.554424,0.568312
2846,0,1,0,1,0,0,0,1,1,1,0,1,0,-0.0393637,0.0216038,-0.037654,0.601222,0.514714,0.58723,0.550599,0.575835
2847,1,1,0,1,0,0,0,1,1,1,0,1,0,-0.0446908,0.0140791,-0.0513346,0.591725,0.51463,0.58723,0.556929,0.577673
2848,0,0,1,1,0,0,0,1,1,1,0,1,0,-0.0576286,0.013235,-0.0518178,0.533094,0.513873,0.488513,0.556336,0.568234
2849,1,0,1,1,0,0,0,1,1,1,0,1,0,-0.0640074,0.0056048,-0.0639628,0.523597,0.514149,0.488513,0.557968,0.573696
2850,0,1,1,1,0,0,0,1,1,1,0,1,0,-0.0410973,0.0188093,-0.0364324,0.582032,0.514633,0.562502,0.555463,0.571112
2851,1,1,1,1,0,0,0,1,1,1,0,1,0,-0.0462845,0.0122004,-0.0497581,0.572535,0.514688,0.562502,0.565498,0.578817
2852,0,0,0,0,1,0,0,1,1,1,0,1,0,-0.0599093,0.0124043,-0.0618326,0.533094,0.511705,0.478771,0.524851,0.559339
2853,1,0,0,0,1,0,0,1,1,1,0,1,0,-0.0666245,0.00364816,-0.0737643,0.523597,0.512541,0.478771,0.536604,0.559314
2854,0,1,0,0,1,0,0,1,1,1,0,1,0,-0.0426889,0.0194074,-0.0448331,0.601222,0.514446,0.58723,0.564111,0.569266
2855,1,1,0,0,1,0,0,1,1,1,0,1,0,-0.0480159,0.0118652,-0.0585135,0.591725,0.514332,0.58723,0.566444,0.568991
2856,0,0,1,0,1,0,0,1,1,1,0,1,0,-0.0599576,0.0117737,-0.057275,0.533094,0.513628,0.478771,0.55238,0.566323
2857,1,0,1,0,1,0,0,1,1,1,0,1,0,-0.0663364,0.0041098,-0.0694197,0.523597,0.513886,0.478771,0.555329,0.567436
2858,0,1,1,0,1,0,0,1,1,1,0,1,0,-0.0435252,0.017443,-0.0432682,0.582032,0.514588,0.562502,0.570994,0.575333
2859,1,1,1,0,1,0,0,1,1,1,0,1,0,-0.0487123,0.0108043,-0.0565938,0.572535,0.514582,0.562502,0.573044,0.576413
2860,0,0,0,1,1,0,0,1,1,1,0,1,0,-0.0577584,0.0130682,-0.0580389,0.533094,0.513573,0.478771,0.541277,0.553371
2861,1,0,0,1,1,0,0,1,1,1,0,1,0,-0.0644737,0.00434058,-0.0699708,0.523597,0.514095,0.478771,0.538882,0.55445
2862,0,1,0,1,1,0,0,1,1,1,0,1,0,-0.0400674,0.0203435,-0.0407387,0.601222,0.514679,0.58723,0.555243,0.563467
2863,1,1,0,1,1,0,0,1,1,1,0,1,0,-0.0453945,0.0128294,-0.0544192,0.591725,0.514716,0.58723,0.559702,0.564335
2864,0,0,1,1,1,0,0,1,1,1,0,1,0,-0.0580138,0.0126179,-0.0548792,0.533094,0.514339,0.478771,0.551372,0.557835
2865,1,0,1,1,1,0,0,1,1,1,0,1,0,-0.0643926,0.00500224,-0.067024,0.523597,0.514527,0.478771,0.549905,0.561369
2866,0,1,1,1,1,0,0,1,1,1,0,1,0,-0.0414826,0.0181883,-0.0394939,0.582032,0.514715,0.562502,0.561554,0.566952
2867,1,1,1,1,1,0,0,1,1,1,0,1,0,-0.0466697,0.0115911,-0.0528195,0.572535,0.514759,0.562502,0.564521,0.57032
2868,0,0,0,0,0,1,0,1,1,1,0,1,0,-0.0599228,0.0151109,-0.0546292,0.545519,0.514361,0.525588,0.538559,0.565386
2869,1,0,0,0,0,1,0,1,1,1,0,1,0,-0.066638,0.00634556,-0.0665613,0.536022,0.513292,0.525588,0.535989,0.56255
2870,0,1,0,0,0,1,0,1,1,1,0,1,0,-0.0427023,0.0221328,-0.0376294,0.613647,0.515111,0.600104,0.55042,0.574372
2871,1,1,0,0,0,1,0,1,1,1,0,1,0,-0.0480294,0.0145817,-0.0513101,0.60415,0.514494,0.600104,0.563411,0.572342
2872,0,0,1,0,0,1,0,1,1,1,0,1,0,-0.0600842,0.0149827,-0.0499036,0.545519,0.514612,0.525588,0.539368,0.57319
2873,1,0,1,0,0,1,0,1,1,1,0,1,0,-0.066463,0.00731331,-0.0620486,0.536022,0.514167,0.525588,0.551306,0.572866
2874,0,1,1,0,0,1,0,1,1,1,0,1,0,-0.0436518,0.0206624,-0.0358966,0.594457,0.514848,0.575376,0.542273,0.581354
2875,1,1,1,0,0,1,0,1,1,1,0,1,0,-0.0488389,0.0140196,-0.0492224,0.58496,0.514648,0.575376,0.557904,0.581029
2876,0,0,0,1,0,1,0,1,1,1,0,1,0,-0.0571128,0.0169877,-0.0508411,0.545519,0.514336,0.525588,0.551696,0.560617
2877,1,0,0,1,0,1,0,1,1,1,0,1,0,-0.0638282,0.008254,-0.0627732,0.536022,0.514312,0.525588,0.55188,0.560731
2878,0,1,0,1,0,1,0,1,1,1,0,1,0,-0.0394217,0.0242877,-0.0335404,0.613647,0.514788,0.600104,0.54389,0.569867
2879,1,1,0,1,0,1,0,1,1,1,0,1,0,-0.0447488,0.0167672,-0.0472212,0.60415,0.514733,0.600104,0.547493,0.569776
2880,0,0,1,1,0,1,0,1,1,1,0,1,0,-0.0576866,0.0159148,-0.0477045,0.545519,0.514623,0.525588,0.544005,0.567261
2881,1,0,1,1,0,1,0,1,1,1,0,1,0,-0.0640655,0.00829397,-0.0598495,0.536022,0.514609,0.525588,0.549144,0.568063
2882,0,1,1,1,0,1,0,1,1,1,0,1,0,-0.0411553,0.0214984,-0.0323188,0.594457,0.514762,0.575376,0.540045,0.575592
2883,1,1,1,1,0,1,0,1,1,1,0,1,0,-0.0463426,0.0148967,-0.0456447,0.58496,0.514768,0.575376,0.551634,0.576387
2884,0,0,0,0,1,1,0,1,1,1,0,1,0,-0.0573283,0.0151236,-0.0574785,0.545519,0.514275,0.515846,0.545219,0.552156
2885,1,0,0,0,1,1,0,1,1,1,0,1,0,-0.0640436,0.00637581,-0.0694103,0.536022,0.514144,0.515846,0.541766,0.548319
2886,0,1,0,0,1,1,0,1,1,1,0,1,0,-0.0401074,0.0221341,-0.0404788,0.613647,0.514808,0.600104,0.549259,0.56166
2887,1,1,0,0,1,1,0,1,1,1,0,1,0,-0.0454345,0.0145976,-0.0541593,0.60415,0.514665,0.600104,0.556907,0.558877
2888,0,0,1,0,1,1,0,1,1,1,0,1,0,-0.0573764,0.0145039,-0.0529209,0.545519,0.514605,0.515846,0.553346,0.559697
2889,1,0,1,0,1,1,0,1,1,1,0,1,0,-0.0637554,0.00684976,-0.0650657,0.536022,0.514536,0.515846,0.55335,0.560007
2890,0,1,1,0,1,1,0,1,1,1,0,1,0,-0.0409437,0.0201782,-0.0389139,0.594457,0.514787,0.575376,0.551788,0.568499
2891,1,1,1,0,1,1,0,1,1,1,0,1,0,-0.0461309,0.0135469,-0.0522396,0.58496,0.514743,0.575376,0.567119,0.568651
2892,0,0,0,1,1,1,0,1,1,1,0,1,0,-0.0554115,0.0160798,-0.05285,0.545519,0.514502,0.515846,0.545085,0.547715
2893,1,0,0,1,1,1,0,1,1,1,0,1,0,-0.0621269,0.00735829,-0.064782,0.536022,0.514586,0.515846,0.540426,0.549786
2894,0,1,0,1,1,1,0,1,1,1,0,1,0,-0.0377201,0.0233659,-0.0355495,0.613647,0.514778,0.600104,0.54321,0.556546
2895,1,1,0,1,1,1,0,1,1,1,0,1,0,-0.0430472,0.015855,-0.0492301,0.60415,0.514778,0.600104,0.554233,0.557114
2896,0,0,1,1,1,1,0,1,1,1,0,1,0,-0.0556667,0.0156388,-0.0496903,0.545519,0.514696,0.515846,0.549308,0.55331
2897,1,0,1,1,1,1,0,1,1,1,0,1,0,-0.0620457,0.00802974,-0.0618352,0.536022,0.514725,0.515846,0.555234,0.554659
2898,0,1,1,1,1,1,0,1,1,1,0,1,0,-0.0391352,0.0212159,-0.0343047,0.594457,0.514788,0.575376,0.545546,0.562247
2899,1,1,1,1,1,1,0,1,1,1,0,1,0,-0.0443224,0.0146228,-0.0476304,0.58496,0.514797,0.575376,0.555732,0.563395
2900,1,0,0,0,0,0,1,1,1,1,0,1,0,-0.0693317,0.00183117,-0.0697973,0.493271,0.512773,0.445403,0.548421,0.577416
2901,0,1,0,0,0,0,1,1,1,1,0,1,0,-0.0453963,0.0176237,-0.0408655,0.579541,0.514489,0.551085,0.544571,0.58656
2902,1,1,0,0,0,0,1,1,1,1,0,1,0,-0.0507234,0.0100645,-0.0545461,0.570044,0.514312,0.551085,0.564372,0.586131
2903,0,0,1,0,0,0,1,1,1,1,0,1,0,-0.062778,0.0104732,-0.0531396,0.502768,0.51393,0.445403,0.524564,0.584851
2904,1,0,1,0,0,0,1,1,1,1,0,1,0,-0.0691569,0.00279065,-0.0652846,0.493271,0.513967,0.445403,0.547727,0.584935
2905,0,1,1,0,0,0,1,1,1,1,0,1,0,-0.0463457,0.0161483,-0.0391326,0.560351,0.514601,0.526357,0.540889,0.586332
2906,1,1,1,0,0,0,1,1,1,1,0,1,0,-0.0515329,0.00949557,-0.0524584,0.550854,0.514572,0.526357,0.555734,0.592109
2907,0,0,0,1,0,0,1,1,1,1,0,1,0,-0.0597926,0.0122774,-0.054678,0.502768,0.513828,0.445403,0.554644,0.573465
2908,1,0,0,1,0,0,1,1,1,1,0,1,0,-0.066508,0.00353232,-0.0666102,0.493271,0.514152,0.445403,0.559994,0.57379
2909,0,1,0,1,0,0,1,1,1,1,0,1,0,-0.0421018,0.019568,-0.0373775,0.579541,0.514607,0.551085,0.553101,0.58185
2910,1,1,0,1,0,0,1,1,1,1,0,1,0,-0.047429,0.0120392,-0.0510582,0.570044,0.514671,0.551085,0.558577,0.582099
2911,0,0,1,1,0,0,1,1,1,1,0,1,0,-0.0603666,0.0112063,-0.0515415,0.502768,0.514431,0.445403,0.541675,0.577439
2912,1,0,1,1,0,0,1,1,1,1,0,1,0,-0.0667455,0.00357182,-0.0636865,0.493271,0.514547,0.445403,0.550385,0.580129
2913,0,1,1,1,0,0,1,1,1,1,0,1,0,-0.0438355,0.0167842,-0.0361558,0.560351,0.514687,0.526357,0.541689,0.580125
2914,1,1,1,1,0,0,1,1,1,1,0,1,0,-0.0490227,0.0101725,-0.0494817,0.550854,0.514741,0.526357,0.55216,0.586682
2915,0,0,0,0,1,0,1,1,1,1,0,1,0,-0.0631076,0.00984741,-0.0613521,0.502768,0.5134,0.435661,0.553054,0.565623
2916,1,0,0,0,1,0,1,1,1,1,0,1,0,-0.0698229,0.001087,-0.0732839,0.493271,0.513873,0.435661,0.55015,0.565302
2917,0,1,0,0,1,0,1,1,1,1,0,1,0,-0.0458875,0.0168548,-0.0443525,0.579541,0.514486,0.551085,0.562996,0.574458
2918,1,1,0,0,1,0,1,1,1,1,0,1,0,-0.0512146,0.00930906,-0.0580328,0.570044,0.514562,0.551085,0.576449,0.574074
2919,0,0,1,0,1,0,1,1,1,1,0,1,0,-0.0631561,0.00922876,-0.0567944,0.502768,0.514279,0.435661,0.555445,0.572405
2920,1,0,1,0,1,0,1,1,1,1,0,1,0,-0.069535,0.0015616,-0.0689392,0.493271,0.514434,0.435661,0.553414,0.572867
2921,1,1,1,0,1,0,1,1,1,1,0,1,0,-0.051911,0.00825958,-0.0561131,0.550854,0.514702,0.526357,0.569042,0.580827
2922,0,0,0,1,1,0,1,1,1,1,0,1,0,-0.0609567,0.0104939,-0.0575583,0.502768,0.514293,0.435661,0.558374,0.560285
2923,1,0,0,1,1,0,1,1,1,1,0,1,0,-0.0676721,0.00176193,-0.0694903,0.493271,0.514518,0.435661,0.553667,0.561212
2924,0,1,0,1,1,0,1,1,1,1,0,1,0,-0.0432661,0.0177741,-0.040258,0.579541,0.514698,0.551085,0.558461,0.569357
2925,1,1,0,1,1,0,1,1,1,1,0,1,0,-0.0485932,0.0102564,-0.0539385,0.570044,0.51475,0.551085,0.5681,0.570031
2926,0,0,1,1,1,0,1,1,1,1,0,1,0,-0.0612122,0.0100575,-0.0543986,0.502768,0.514618,0.435661,0.563219,0.565954
2927,1,0,1,1,1,0,1,1,1,1,0,1,0,-0.0675911,0.00243843,-0.0665435,0.493271,0.514699,0.435661,0.559979,0.567493
2928,0,1,1,1,1,0,1,1,1,1,0,1,0,-0.0446813,0.0156313,-0.0390131,0.560351,0.514755,0.526357,0.563433,0.5742
2929,1,1,1,1,1,0,1,1,1,1,0,1,0,-0.0498684,0.00903176,-0.0523388,0.550854,0.514786,0.526357,0.570614,0.575615
2930,0,0,0,0,0,1,1,1,1,1,0,1,0,-0.0612223,0.0126101,-0.0551538,0.515193,0.514518,0.482479,0.54814,0.570544
2931,1,0,0,0,0,1,1,1,1,1,0,1,0,-0.0679376,0.0038393,-0.0670859,0.505696,0.514198,0.482479,0.548425,0.564111
2932,0,1,0,0,0,1,1,1,1,1,0,1,0,-0.0440019,0.0196367,-0.0381538,0.591966,0.514801,0.563959,0.544095,0.578748
2933,1,1,0,0,0,1,1,1,1,1,0,1,0,-0.049329,0.012081,-0.0518345,0.582469,0.514646,0.563959,0.547334,0.572186
2934,0,0,1,0,0,1,1,1,1,1,0,1,0,-0.0613838,0.012487,-0.0504282,0.515193,0.514693,0.482479,0.532865,0.577852
2935,1,0,1,0,0,1,1,1,1,1,0,1,0,-0.0677627,0.00481173,-0.0625731,0.505696,0.514555,0.482479,0.537925,0.577462
2936,0,1,1,0,0,1,1,1,1,1,0,1,0,-0.0449514,0.0181702,-0.0364209,0.572776,0.514783,0.539231,0.528466,0.585054
2937,1,1,1,0,0,1,1,1,1,1,0,1,0,-0.0501386,0.0115229,-0.0497468,0.563279,0.514736,0.539231,0.539936,0.584881
2938,0,0,0,1,0,1,1,1,1,1,0,1,0,-0.0584123,0.0144683,-0.0513656,0.515193,0.514601,0.482479,0.552105,0.566611
2939,1,0,0,1,0,1,1,1,1,1,0,1,0,-0.0651277,0.00572911,-0.0632978,0.505696,0.514607,0.482479,0.552249,0.566603
2940,0,1,0,1,0,1,1,1,1,1,0,1,0,-0.0407213,0.0217735,-0.0340648,0.591966,0.514756,0.563959,0.545369,0.574837
2941,1,1,0,1,0,1,1,1,1,1,0,1,0,-0.0460485,0.0142483,-0.0477456,0.582469,0.514763,0.563959,0.546493,0.574661
2942,0,0,1,1,0,1,1,1,1,1,0,1,0,-0.0589862,0.0134048,-0.048229,0.515193,0.514732,0.482479,0.543098,0.572604
2943,1,0,1,1,0,1,1,1,1,1,0,1,0,-0.0653652,0.00577792,-0.0603741,0.505696,0.514732,0.482479,0.547667,0.573255
2944,0,1,1,1,0,1,1,1,1,1,0,1,0,-0.042455,0.0189926,-0.0328431,0.572776,0.51478,0.539231,0.536289,0.580037
2945,1,1,1,1,0,1,1,1,1,1,0,1,0,-0.0476423,0.0123863,-0.046169,0.563279,0.514791,0.539231,0.544647,0.580626
2946,0,0,0,0,1,1,1,1,1,1,0,1,0,-0.0600226,0.0123106,-0.0576092,0.515193,0.5145,0.472737,0.551963,0.556599
2947,1,0,0,0,1,1,1,1,1,1,0,1,0,-0.0667379,0.00355789,-0.0695412,0.505696,0.514523,0.472737,0.554393,0.552248
2948,0,1,0,0,1,1,1,1,1,1,0,1,0,-0.042802,0.0193263,-0.0406094,0.591966,0.514745,0.563959,0.547851,0.566042
2949,1,1,0,0,1,1,1,1,1,1,0,1,0,-0.0481291,0.0117855,-0.05429,0.582469,0.514734,0.563959,0.563159,0.561489
2950,0,0,1,0,1,1,1,1,1,1,0,1,0,-0.0600709,0.0117001,-0.0530516,0.515193,0.514696,0.472737,0.546054,0.565656
2951,1,0,1,0,1,1,1,1,1,1,0,1,0,-0.0664498,0.00404069,-0.0651965,0.505696,0.514697,0.472737,0.559991,0.565685
2952,0,1,1,0,1,1,1,1,1,1,0,1,0,-0.0436384,0.0173782,-0.0390446,0.572776,0.514781,0.539231,0.545583,0.573476
2953,1,1,1,0,1,1,1,1,1,1,0,1,0,-0.0488255,0.0107427,-0.0523703,0.563279,0.514781,0.539231,0.560424,0.573511
2954,0,0,0,1,1,1,1,1,1,1,0,1,0,-0.0581058,0.013246,-0.0529807,0.515193,0.51467,0.472737,0.551752,0.556025
2955,1,0,0,1,1,1,1,1,1,1,0,1,0,-0.0648212,0.00451962,-0.0649129,0.505696,0.514718,0.472737,0.554718,0.555395
2956,0,1,0,1,1,1,1,1,1,1,0,1,0,-0.0404147,0.020538,-0.0356801,0.591966,0.514779,0.563959,0.546663,0.562784
2957,1,1,0,1,1,1,1,1,1,1,0,1,0,-0.0457418,0.0130229,-0.0493608,0.582469,0.514793,0.563959,0.557069,0.562794
2958,0,0,1,1,1,1,1,1,1,1,0,1,0,-0.0583611,0.0128153,-0.049821,0.515193,0.514762,0.472737,0.552387,0.559944
2959,1,0,1,1,1,1,1,1,1,1,0,1,0,-0.0647401,0.00520083,-0.061966,0.505696,0.514779,0.472737,0.562949,0.561639
2960,0,1,1,1,1,1,1,1,1,1,0,1,0,-0.0418299,0.018397,-0.0344353,0.572776,0.514799,0.539231,0.548741,0.567897
2961,1,1,1,1,1,1,1,1,1,1,0,1,0,-0.047017,0.0117997,-0.0477611,0.563279,0.514807,0.539231,0.559795,0.568896
2962,1,0,0,0,0,0,0,0,0,0,1,1,0,-0.0619356,0.00439343,-0.0639665,0.480709,0.499437,0.504112,0.48749,0.534778
2963,0,1,0,0,0,0,0,0,0,0,1,1,0,-0.0379989,0.0201848,-0.0350341,0.581831,0.520855,0.60977,0.536761,0.55518
2964,1,1,0,0,0,0,0,0,0,0,1,1,0,-0.0433262,0.0126389,-0.048715,0.581831,0.513441,0.60977,0.549837,0.543489
2965,0,0,1,0,0,0,0,0,0,0,1,1,0,-0.0553815,0.0130197,-0.0473089,0.480709,0.510827,0.504112,0.50946,0.569073
2966,1,0,1,0,0,0,0,0,0,0,1,1,0,-0.0617608,0.00535698,-0.0594538,0.480709,0.506787,0.504112,0.53131,0.557522
2967,0,1,1,0,0,0,0,0,0,0,1,1,0,-0.0389485,0.0187053,-0.0333012,0.562641,0.514827,0.585042,0.536682,0.574948
2968,1,1,1,0,0,0,0,0,0,0,1,1,0,-0.0441358,0.0120713,-0.0466273,0.562641,0.512885,0.585042,0.555508,0.564449
2969,0,0,0,1,0,0,0,0,0,0,1,1,0,-0.052396,0.0148576,-0.0488473,0.480709,0.511068,0.504112,0.527904,0.557636
2970,1,0,0,1,0,0,0,0,0,0,1,1,0,-0.0591117,0.00612532,-0.0607793,0.480709,0.509553,0.504112,0.522913,0.546768
2971,1,1,0,1,0,0,0,0,0,0,1,1,0,-0.0400317,0.0146404,-0.0452272,0.581831,0.514862,0.60977,0.536073,0.554619
2972,0,0,1,1,0,0,0,0,0,0,1,1,0,-0.05297,0.0137832,-0.0457106,0.480709,0.512758,0.504112,0.544218,0.569477
2973,1,0,1,1,0,0,0,0,0,0,1,1,0,-0.0593494,0.0061685,-0.0578556,0.480709,0.512193,0.504112,0.54147,0.567017
2974,0,1,1,1,0,0,0,0,0,0,1,1,0,-0.0364381,0.0193698,-0.0303245,0.562641,0.514156,0.585042,0.543376,0.578476
2975,1,1,1,1,0,0,0,0,0,0,1,1,0,-0.0416255,0.0127767,-0.0436506,0.562641,0.514215,0.585042,0.556083,0.574375
2976,0,0,0,0,1,0,0,0,0,0,1,1,0,-0.0552508,0.012892,-0.0557258,0.480709,0.520823,0.49437,0.480415,0.532119
2977,1,0,0,0,1,0,0,0,0,0,1,1,0,-0.0619664,0.00414353,-0.0676576,0.480709,0.512753,0.49437,0.488007,0.526823
2978,0,1,0,0,1,0,0,0,0,0,1,1,0,-0.0380297,0.0199113,-0.0387254,0.581831,0.52027,0.60977,0.506113,0.541779
2979,1,1,0,0,1,0,0,0,0,0,1,1,0,-0.0433569,0.0123784,-0.0524062,0.581831,0.515647,0.60977,0.520601,0.533608
2980,0,0,1,0,1,0,0,0,0,0,1,1,0,-0.0552992,0.0122671,-0.051168,0.480709,0.516556,0.49437,0.515293,0.554807
2981,1,0,1,0,1,0,0,0,0,0,1,1,0,-0.0616785,0.00461894,-0.0633128,0.480709,0.513163,0.49437,0.523216,0.543888
2982,0,1,1,0,1,0,0,0,0,0,1,1,0,-0.0388662,0.0179497,-0.0371605,0.562641,0.515996,0.585042,0.54231,0.562185
2983,1,1,1,0,1,0,0,0,0,0,1,1,0,-0.0440535,0.011327,-0.0504864,0.562641,0.514584,0.585042,0.553869,0.552393
2984,0,0,0,1,1,0,0,0,0,0,1,1,0,-0.0530998,0.0135744,-0.0519319,0.480709,0.516835,0.49437,0.509564,0.540304
2985,1,0,0,1,1,0,0,0,0,0,1,1,0,-0.0598155,0.0048543,-0.0638639,0.480709,0.514206,0.49437,0.509358,0.528202
2986,0,1,0,1,1,0,0,0,0,0,1,1,0,-0.0354082,0.0208624,-0.034631,0.581831,0.517116,0.60977,0.524683,0.550605
2987,1,1,0,1,1,0,0,0,0,0,1,1,0,-0.0407355,0.0133575,-0.0483118,0.581831,0.515437,0.60977,0.531744,0.539408
2988,0,0,1,1,1,0,0,0,0,0,1,1,0,-0.0533553,0.0131307,-0.0487721,0.480709,0.515321,0.49437,0.528041,0.554017
2989,1,0,1,1,1,0,0,0,0,0,1,1,0,-0.0597346,0.00553059,-0.060917,0.480709,0.514339,0.49437,0.527609,0.550205
2990,0,1,1,1,1,0,0,0,0,0,1,1,0,-0.0368235,0.0187134,-0.0333861,0.562641,0.515151,0.585042,0.539318,0.563524
2991,1,1,1,1,1,0,0,0,0,0,1,1,0,-0.0420108,0.0121321,-0.046712,0.562641,0.514817,0.585042,0.543429,0.560176
2992,0,0,0,0,0,1,0,0,0,0,1,1,0,-0.0553831,0.0155575,-0.0497864,0.493134,0.518297,0.528314,0.559572,0.530649
2993,1,0,0,0,0,1,0,0,0,0,1,1,0,-0.0620986,0.00679881,-0.0617184,0.493134,0.510483,0.528314,0.551254,0.531439
2994,0,1,0,0,0,1,0,0,0,0,1,1,0,-0.038162,0.0225942,-0.0327859,0.594256,0.517882,0.60977,0.579569,0.536888
2995,1,1,0,0,0,1,0,0,0,0,1,1,0,-0.0434892,0.0150513,-0.0464668,0.594256,0.514275,0.60977,0.57991,0.537147
2996,0,0,1,0,0,1,0,0,0,0,1,1,0,-0.0555445,0.015433,-0.0450608,0.493134,0.515689,0.528314,0.5323,0.547857
2997,1,0,1,0,0,1,0,0,0,0,1,1,0,-0.0619238,0.00777773,-0.0572058,0.493134,0.512365,0.528314,0.530035,0.536628
2998,1,1,1,0,0,1,0,0,0,0,1,1,0,-0.0442989,0.0144965,-0.0443791,0.575066,0.514156,0.585042,0.557193,0.544437
2999,0,0,0,1,0,1,0,0,0,0,1,1,0,-0.0525729,0.0174495,-0.0459981,0.493134,0.515515,0.528314,0.555698,0.533586
3000,1,0,0,1,0,1,0,0,0,0,1,1,0,-0.0592886,0.00872236,-0.0579303,0.493134,0.513319,0.528314,0.551243,0.529448
3001,0,1,0,1,0,1,0,0,0,0,1,1,0,-0.0348813,0.024761,-0.0286969,0.594256,0.51573,0.60977,0.570615,0.543311
3002,1,1,0,1,0,1,0,0,0,0,1,1,0,-0.0402085,0.0172484,-0.0423779,0.594256,0.51478,0.60977,0.568904,0.535809
3003,0,0,1,1,0,1,0,0,0,0,1,1,0,-0.0531468,0.0163843,-0.0428615,0.493134,0.514865,0.528314,0.531738,0.555545
3004,1,0,1,1,0,1,0,0,0,0,1,1,0,-0.0595263,0.00877744,-0.0550065,0.493134,0.514027,0.528314,0.531423,0.544967
3005,0,1,1,1,0,1,0,0,0,0,1,1,0,-0.036615,0.0219792,-0.0274752,0.575066,0.514739,0.585042,0.53937,0.56292
3006,1,1,1,1,0,1,0,0,0,0,1,1,0,-0.0418024,0.0153918,-0.0408014,0.575066,0.514612,0.585042,0.543069,0.553771
3007,0,0,0,0,1,1,0,0,0,0,1,1,0,-0.0527884,0.0155292,-0.0526358,0.493134,0.517065,0.518572,0.574209,0.526639
3008,1,0,0,0,1,1,0,0,0,0,1,1,0,-0.0595041,0.0067881,-0.0645677,0.493134,0.51376,0.518572,0.556316,0.534729
3009,0,1,0,0,1,1,0,0,0,0,1,1,0,-0.035567,0.0225544,-0.0356353,0.594256,0.516429,0.60977,0.594885,0.530745
3010,1,1,0,0,1,1,0,0,0,0,1,1,0,-0.0408942,0.0150261,-0.0493161,0.594256,0.514864,0.60977,0.588507,0.536065
3011,0,0,1,0,1,1,0,0,0,0,1,1,0,-0.0528367,0.014914,-0.0480781,0.493134,0.515497,0.518572,0.56265,0.529919
3012,1,0,1,0,1,1,0,0,0,0,1,1,0,-0.0592161,0.00727405,-0.0602229,0.493134,0.514102,0.518572,0.547339,0.529954
3013,0,1,1,0,1,1,0,0,0,0,1,1,0,-0.0364034,0.0206006,-0.0340705,0.575066,0.515171,0.585042,0.566412,0.538725
3014,1,1,1,0,1,1,0,0,0,0,1,1,0,-0.0415908,0.0139836,-0.0473964,0.575066,0.514658,0.585042,0.571964,0.536532
3015,0,0,0,1,1,1,0,0,0,0,1,1,0,-0.0508716,0.0165008,-0.0480072,0.493134,0.515456,0.518572,0.564229,0.51923
3016,1,0,0,1,1,1,0,0,0,0,1,1,0,-0.0575874,0.00778594,-0.0599392,0.493134,0.514441,0.518572,0.550304,0.528273
3017,0,1,0,1,1,1,0,0,0,0,1,1,0,-0.0331796,0.0237983,-0.030706,0.594256,0.515443,0.60977,0.589058,0.528318
3018,1,1,0,1,1,1,0,0,0,0,1,1,0,-0.0385069,0.0162956,-0.0443869,0.594256,0.514924,0.60977,0.578913,0.529821
3019,0,0,1,1,1,1,0,0,0,0,1,1,0,-0.0511269,0.0160646,-0.0448473,0.493134,0.514979,0.518572,0.549857,0.535728
3020,1,0,1,1,1,1,0,0,0,0,1,1,0,-0.0575064,0.00846951,-0.0569922,0.493134,0.514591,0.518572,0.538315,0.52755
3021,1,1,1,1,1,1,0,0,0,0,1,1,0,-0.0397823,0.0150742,-0.0427871,0.575066,0.514786,0.585042,0.556617,0.536194
3022,0,0,0,0,0,0,1,0,0,0,1,1,0,-0.0567627,0.0118378,-0.0522098,0.458172,0.509381,0.422792,0.497499,0.544692
3023,1,0,0,0,0,0,1,0,0,0,1,1,0,-0.0634783,0.00307091,-0.0641419,0.458172,0.507447,0.422792,0.509111,0.538961
3024,0,0,1,0,0,0,1,0,0,0,1,1,0,-0.0569242,0.011708,-0.0474841,0.458172,0.512315,0.422792,0.499002,0.564329
3025,1,0,1,0,0,0,1,0,0,0,1,1,0,-0.0633035,0.00404267,-0.0596292,0.458172,0.511164,0.422792,0.511003,0.553255
3026,0,1,1,0,0,0,1,0,0,0,1,1,0,-0.0404914,0.0173957,-0.0334764,0.548749,0.513719,0.510687,0.505612,0.569898
3027,1,1,1,0,0,0,1,0,0,0,1,1,0,-0.0456787,0.0107604,-0.0468025,0.548749,0.513562,0.510687,0.516516,0.559916
3028,0,0,0,1,0,0,1,0,0,0,1,1,0,-0.0539387,0.0135235,-0.0490225,0.458172,0.512399,0.422792,0.522766,0.554378
3029,1,0,0,1,0,0,1,0,0,0,1,1,0,-0.0606544,0.00478767,-0.0609547,0.458172,0.51218,0.422792,0.522766,0.54198
3030,0,1,0,1,0,0,1,0,0,0,1,1,0,-0.0362473,0.0208261,-0.0317213,0.567939,0.514209,0.535414,0.520687,0.561044
3031,1,1,0,1,0,0,1,0,0,0,1,1,0,-0.0415745,0.0133078,-0.0454023,0.567939,0.514189,0.535414,0.520687,0.550628
3032,0,0,1,1,0,0,1,0,0,0,1,1,0,-0.0545127,0.0124608,-0.0458858,0.458172,0.513675,0.422792,0.528872,0.572219
3033,1,0,1,1,0,0,1,0,0,0,1,1,0,-0.0608921,0.00484356,-0.058031,0.458172,0.513583,0.422792,0.528872,0.562752
3034,1,1,1,1,0,0,1,0,0,0,1,1,0,-0.0431684,0.0114563,-0.0438257,0.548749,0.514349,0.510687,0.520292,0.569628
3035,0,0,0,0,1,0,1,0,0,0,1,1,0,-0.0572539,0.0110429,-0.0556968,0.458172,0.514387,0.41305,0.519398,0.532589
3036,1,0,0,0,1,0,1,0,0,0,1,1,0,-0.0639695,0.00229192,-0.0676287,0.458172,0.512831,0.41305,0.526291,0.533457
3037,0,1,0,0,1,0,1,0,0,0,1,1,0,-0.0400332,0.0180658,-0.0386964,0.567939,0.515238,0.535414,0.528005,0.538746
3038,1,1,0,0,1,0,1,0,0,0,1,1,0,-0.0453604,0.0105308,-0.0523771,0.567939,0.514427,0.535414,0.542883,0.539402
3039,0,0,1,0,1,0,1,0,0,0,1,1,0,-0.0573024,0.0104298,-0.051139,0.458172,0.51448,0.41305,0.528847,0.551108
3040,1,0,1,0,1,0,1,0,0,0,1,1,0,-0.0636818,0.00277996,-0.0632839,0.458172,0.513733,0.41305,0.533589,0.538921
3041,0,1,1,0,1,0,1,0,0,0,1,1,0,-0.0408697,0.0161143,-0.0371314,0.548749,0.514655,0.510687,0.528809,0.558001
3042,1,1,1,0,1,0,1,0,0,0,1,1,0,-0.046057,0.00949074,-0.0504573,0.548749,0.514462,0.510687,0.543893,0.5484
3043,0,0,0,1,1,0,1,0,0,0,1,1,0,-0.055103,0.0117066,-0.0519029,0.458172,0.514603,0.41305,0.51716,0.537291
3044,1,0,0,1,1,0,1,0,0,0,1,1,0,-0.0618187,0.00298398,-0.0638349,0.458172,0.514124,0.41305,0.506125,0.5315
3045,1,1,0,1,1,0,1,0,0,0,1,1,0,-0.042739,0.0114917,-0.0482826,0.567939,0.514742,0.535414,0.528959,0.537733
3046,0,0,1,1,1,0,1,0,0,0,1,1,0,-0.0553585,0.0112764,-0.048743,0.458172,0.51465,0.41305,0.532374,0.556178
3047,1,0,1,1,1,0,1,0,0,0,1,1,0,-0.0617379,0.00367458,-0.060888,0.458172,0.514465,0.41305,0.523648,0.548458
3048,0,1,1,1,1,0,1,0,0,0,1,1,0,-0.038827,0.0168621,-0.0333569,0.548749,0.514689,0.510687,0.532519,0.564905
3049,1,1,1,1,1,0,1,0,0,0,1,1,0,-0.0440143,0.0102799,-0.0466828,0.548749,0.514703,0.510687,0.537222,0.556975
3050,0,0,0,0,0,1,1,0,0,0,1,1,0,-0.0558857,0.0134142,-0.050616,0.470597,0.514587,0.446994,0.556952,0.536706
3051,1,0,0,0,0,1,1,0,0,0,1,1,0,-0.0626013,0.00465209,-0.0625482,0.470597,0.512383,0.446994,0.555333,0.53792
3052,0,1,0,0,0,1,1,0,0,0,1,1,0,-0.0386648,0.020454,-0.0336154,0.580364,0.514869,0.535414,0.584515,0.542124
3053,0,0,1,0,0,1,1,0,0,0,1,1,0,-0.0560472,0.013293,-0.0458904,0.470597,0.514576,0.446994,0.542219,0.54337
3054,1,0,1,0,0,1,1,0,0,0,1,1,0,-0.0624265,0.00563287,-0.0580354,0.470597,0.513581,0.446994,0.540041,0.542036
3055,0,1,1,0,0,1,1,0,0,0,1,1,0,-0.0396143,0.0189874,-0.0318825,0.561174,0.514586,0.510687,0.540135,0.550884
3056,1,1,1,0,0,1,1,0,0,0,1,1,0,-0.0448017,0.0123554,-0.0452086,0.561174,0.514368,0.510687,0.540135,0.546876
3057,1,0,0,1,0,1,1,0,0,0,1,1,0,-0.0597913,0.00655918,-0.0587599,0.470597,0.513935,0.446994,0.548329,0.535829
3058,0,1,0,1,0,1,1,0,0,0,1,1,0,-0.0353841,0.0226044,-0.0295264,0.580364,0.514676,0.535414,0.55976,0.540641
3059,1,1,0,1,0,1,1,0,0,0,1,1,0,-0.0407113,0.0150889,-0.0432075,0.580364,0.51457,0.535414,0.55976,0.541396
3060,0,0,1,1,0,1,1,0,0,0,1,1,0,-0.0536496,0.0142309,-0.043691,0.470597,0.51463,0.446994,0.54931,0.55205
3061,1,0,1,1,0,1,1,0,0,0,1,1,0,-0.060029,0.0066192,-0.0558362,0.470597,0.514401,0.446994,0.54931,0.540336
3062,0,1,1,1,0,1,1,0,0,0,1,1,0,-0.0371178,0.0198287,-0.0283047,0.561174,0.514609,0.510687,0.544028,0.558909
3063,1,1,1,1,0,1,1,0,0,0,1,1,0,-0.0423052,0.0132376,-0.0416308,0.561174,0.514653,0.510687,0.544028,0.549724
3064,0,0,0,0,1,1,1,0,0,0,1,1,0,-0.0546859,0.0130758,-0.0530717,0.470597,0.51384,0.437252,0.560681,0.535325
3065,1,0,0,0,1,1,1,0,0,0,1,1,0,-0.0614016,0.00433185,-0.0650037,0.470597,0.513661,0.437252,0.553736,0.541862
3066,0,1,0,0,1,1,1,0,0,0,1,1,0,-0.0374648,0.0201046,-0.0360711,0.580364,0.514572,0.535414,0.583851,0.536457
3067,1,1,0,0,1,1,1,0,0,0,1,1,0,-0.042792,0.0125736,-0.049752,0.580364,0.514481,0.535414,0.583851,0.542133
3068,0,0,1,0,1,1,1,0,0,0,1,1,0,-0.0547343,0.0124677,-0.0485139,0.470597,0.514402,0.437252,0.548089,0.53575
3069,1,0,1,0,1,1,1,0,0,0,1,1,0,-0.0611137,0.00482352,-0.0606589,0.470597,0.514263,0.437252,0.548089,0.535893
3070,0,1,1,0,1,1,1,0,0,0,1,1,0,-0.0383013,0.018157,-0.0345062,0.561174,0.514635,0.510687,0.548089,0.541221
3071,1,1,1,0,1,1,1,0,0,0,1,1,0,-0.0434886,0.0115369,-0.0478322,0.561174,0.514624,0.510687,0.548089,0.542061
3072,0,0,0,1,1,1,1,0,0,0,1,1,0,-0.0527691,0.0140288,-0.048443,0.470597,0.514397,0.437252,0.552515,0.529424
3073,1,0,0,1,1,1,1,0,0,0,1,1,0,-0.0594849,0.0053111,-0.0603751,0.470597,0.514392,0.437252,0.537899,0.537498
3074,1,1,0,1,1,1,1,0,0,0,1,1,0,-0.0404047,0.0138249,-0.0448227,0.580364,0.514713,0.535414,0.557226,0.537558
3075,0,0,1,1,1,1,1,0,0,0,1,1,0,-0.0530245,0.0135999,-0.0452831,0.470597,0.514636,0.437252,0.550992,0.533995
3076,1,0,1,1,1,1,1,0,0,0,1,1,0,-0.0594039,0.00600063,-0.0574281,0.470597,0.514628,0.437252,0.550283,0.534059
3077,0,1,1,1,1,1,1,0,0,0,1,1,0,-0.0364928,0.0191916,-0.0298969,0.561174,0.514723,0.510687,0.550721,0.542139
3078,0,0,0,0,0,0,0,1,0,0,1,1,0,-0.0524595,0.0151732,-0.0505613,0.488499,0.512567,0.504112,0.503961,0.566122
3079,1,0,0,0,0,0,0,1,0,0,1,1,0,-0.0591749,0.00640393,-0.0624932,0.488499,0.509575,0.504112,0.493491,0.554482
3080,0,1,0,0,0,0,0,1,0,0,1,1,0,-0.0352387,0.0221948,-0.033561,0.58962,0.517636,0.614782,0.53239,0.572484
3081,1,1,0,0,0,0,0,1,0,0,1,1,0,-0.0405659,0.0146423,-0.0472418,0.58962,0.514639,0.614782,0.531282,0.561923
3082,0,0,1,0,0,0,0,1,0,0,1,1,0,-0.052621,0.0150329,-0.0458356,0.488499,0.513513,0.504112,0.527454,0.584043
3083,1,0,1,0,0,0,0,1,0,0,1,1,0,-0.0590001,0.00735994,-0.0579806,0.488499,0.512023,0.504112,0.530397,0.574557
3084,0,1,1,0,0,0,0,1,0,0,1,1,0,-0.0361882,0.0207132,-0.0318281,0.57043,0.515051,0.590054,0.546012,0.589892
3085,1,1,1,0,0,0,0,1,0,0,1,1,0,-0.0413754,0.0140694,-0.0451542,0.57043,0.514234,0.590054,0.55274,0.580989
3086,0,0,0,1,0,0,0,1,0,0,1,1,0,-0.0496355,0.0168612,-0.0473741,0.488499,0.513619,0.504112,0.527471,0.571279
3087,1,0,0,1,0,0,0,1,0,0,1,1,0,-0.056351,0.00812314,-0.0593061,0.488499,0.513029,0.504112,0.514239,0.564302
3088,0,1,0,1,0,0,0,1,0,0,1,1,0,-0.0319441,0.0241547,-0.030073,0.58962,0.515818,0.614782,0.540531,0.580826
3089,1,1,0,1,0,0,0,1,0,0,1,1,0,-0.0372713,0.0166325,-0.043754,0.58962,0.514972,0.614782,0.538656,0.572043
3090,0,0,1,1,0,0,0,1,0,0,1,1,0,-0.0502095,0.0157822,-0.0442374,0.488499,0.514129,0.504112,0.5294,0.57916
3091,0,1,1,1,0,0,0,1,0,0,1,1,0,-0.0336779,0.0213646,-0.0288513,0.57043,0.514676,0.590054,0.544556,0.587683
3092,1,1,1,1,0,0,0,1,0,0,1,1,0,-0.0388651,0.0147618,-0.0421774,0.57043,0.514649,0.590054,0.550827,0.58774
3093,0,0,0,0,1,0,0,1,0,0,1,1,0,-0.0524903,0.0149244,-0.0542525,0.488499,0.51718,0.49437,0.512409,0.552784
3094,1,0,0,0,1,0,0,1,0,0,1,1,0,-0.0592058,0.00616995,-0.0661843,0.488499,0.51421,0.49437,0.514311,0.540852
3095,0,1,0,0,1,0,0,1,0,0,1,1,0,-0.0352695,0.0219374,-0.0372522,0.58962,0.517021,0.614782,0.53701,0.560557
3096,1,1,0,0,1,0,0,1,0,0,1,1,0,-0.0405967,0.0143978,-0.050933,0.58962,0.515236,0.614782,0.538966,0.550746
3097,0,0,1,0,1,0,0,1,0,0,1,1,0,-0.0525387,0.0142957,-0.0496948,0.488499,0.515516,0.49437,0.531545,0.56954
3098,1,0,1,0,1,0,0,1,0,0,1,1,0,-0.0589179,0.00663729,-0.0618396,0.488499,0.514268,0.49437,0.533306,0.562178
3099,0,1,1,0,1,0,0,1,0,0,1,1,0,-0.036106,0.0199731,-0.0356873,0.57043,0.515327,0.590054,0.551448,0.578313
3100,1,1,1,0,1,0,0,1,0,0,1,1,0,-0.0412932,0.0133406,-0.0490132,0.57043,0.514776,0.590054,0.554786,0.570093
3101,0,0,0,1,1,0,0,1,0,0,1,1,0,-0.0503393,0.0155947,-0.0504587,0.488499,0.515624,0.49437,0.50724,0.555624
3102,1,0,0,1,1,0,0,1,0,0,1,1,0,-0.0570549,0.0068687,-0.0623906,0.488499,0.514647,0.49437,0.506989,0.550615
3103,0,1,0,1,1,0,0,1,0,0,1,1,0,-0.0326481,0.0228778,-0.0331578,0.58962,0.515749,0.614782,0.524034,0.565669
3104,1,1,0,1,1,0,0,1,0,0,1,1,0,-0.0379752,0.0153662,-0.0468386,0.58962,0.515092,0.614782,0.5294,0.559425
3105,0,0,1,1,1,0,0,1,0,0,1,1,0,-0.0505948,0.0151466,-0.0472989,0.488499,0.515028,0.49437,0.521012,0.564606
3106,1,0,1,1,1,0,0,1,0,0,1,1,0,-0.056974,0.00753633,-0.0594438,0.488499,0.514663,0.49437,0.522009,0.564891
3107,0,1,1,1,1,0,0,1,0,0,1,1,0,-0.0340633,0.0207251,-0.0319129,0.57043,0.514973,0.590054,0.533803,0.57358
3108,1,1,1,1,1,0,0,1,0,0,1,1,0,-0.0392505,0.014134,-0.0452389,0.57043,0.514836,0.590054,0.540095,0.573699
3109,0,0,0,0,0,1,0,1,0,0,1,1,0,-0.0525037,0.0176633,-0.0470489,0.500924,0.516249,0.528314,0.542216,0.546408
3110,1,0,0,0,0,1,0,1,0,0,1,1,0,-0.0592192,0.00889972,-0.0589809,0.500924,0.513374,0.528314,0.516736,0.538912
3111,0,1,0,0,0,1,0,1,0,0,1,1,0,-0.0352828,0.0246951,-0.0300483,0.602045,0.516145,0.614782,0.552976,0.553726
3112,1,1,0,0,0,1,0,1,0,0,1,1,0,-0.04061,0.0171467,-0.0437294,0.602045,0.514732,0.614782,0.558384,0.545322
3113,0,0,1,0,0,1,0,1,0,0,1,1,0,-0.0526651,0.0175364,-0.0423232,0.500924,0.515197,0.528314,0.541156,0.565505
3114,1,0,1,0,0,1,0,1,0,0,1,1,0,-0.0590443,0.00987263,-0.0544682,0.500924,0.513974,0.528314,0.529656,0.55563
3115,0,1,1,0,0,1,0,1,0,0,1,1,0,-0.0362323,0.0232242,-0.0283155,0.582855,0.515078,0.590054,0.539501,0.572144
3116,1,1,1,0,0,1,0,1,0,0,1,1,0,-0.0414196,0.0165877,-0.0416417,0.582855,0.514619,0.590054,0.551459,0.563224
3117,0,0,0,1,0,1,0,1,0,0,1,1,0,-0.0496935,0.0195453,-0.0432606,0.500924,0.515138,0.528314,0.547431,0.554471
3118,1,0,0,1,0,1,0,1,0,0,1,1,0,-0.0564091,0.0108134,-0.0551927,0.500924,0.514321,0.528314,0.529764,0.543054
3119,0,1,0,1,0,1,0,1,0,0,1,1,0,-0.0320021,0.0268532,-0.0259593,0.602045,0.515242,0.614782,0.543887,0.562182
3120,1,1,0,1,0,1,0,1,0,0,1,1,0,-0.0373293,0.0193352,-0.0396404,0.602045,0.514852,0.614782,0.543887,0.552962
3121,0,0,1,1,0,1,0,1,0,0,1,1,0,-0.0502674,0.0184767,-0.0401239,0.500924,0.51486,0.528314,0.543488,0.570098
3122,1,0,1,1,0,1,0,1,0,0,1,1,0,-0.0566467,0.0108613,-0.052269,0.500924,0.514548,0.528314,0.53771,0.563494
3123,0,1,1,1,0,1,0,1,0,0,1,1,0,-0.0337358,0.0240683,-0.0247376,0.582855,0.514823,0.590054,0.538112,0.578532
3124,1,1,1,1,0,1,0,1,0,0,1,1,0,-0.0389231,0.0174729,-0.0380638,0.582855,0.514761,0.590054,0.544886,0.571281
3125,0,0,0,0,1,1,0,1,0,0,1,1,0,-0.0499091,0.0176492,-0.0498983,0.500924,0.515699,0.518572,0.542788,0.532261
3126,1,0,0,0,1,1,0,1,0,0,1,1,0,-0.0566247,0.00890311,-0.0618302,0.500924,0.514485,0.518572,0.529569,0.533205
3127,0,1,0,0,1,1,0,1,0,0,1,1,0,-0.0326879,0.0246696,-0.0328978,0.602045,0.515477,0.614782,0.571762,0.538712
3128,1,1,0,0,1,1,0,1,0,0,1,1,0,-0.038015,0.0171357,-0.0465786,0.602045,0.514875,0.614782,0.565219,0.539395
3129,0,0,1,0,1,1,0,1,0,0,1,1,0,-0.0499573,0.0170313,-0.0453406,0.500924,0.515089,0.518572,0.538492,0.551709
3130,1,0,1,0,1,1,0,1,0,0,1,1,0,-0.0563366,0.00938276,-0.0574854,0.500924,0.514577,0.518572,0.527038,0.540092
3131,0,1,1,0,1,1,0,1,0,0,1,1,0,-0.0335243,0.0227137,-0.0313329,0.582855,0.514974,0.590054,0.544954,0.559591
3132,1,1,1,0,1,1,0,1,0,0,1,1,0,-0.0387115,0.0160886,-0.0446589,0.582855,0.514775,0.590054,0.550877,0.551302
3133,0,0,0,1,1,1,0,1,0,0,1,1,0,-0.0479922,0.0186113,-0.0452696,0.500924,0.515076,0.518572,0.524605,0.53637
3134,1,0,0,1,1,1,0,1,0,0,1,1,0,-0.0547079,0.00989153,-0.0572017,0.500924,0.5147,0.518572,0.511476,0.531135
3135,0,1,0,1,1,1,0,1,0,0,1,1,0,-0.0303006,0.0259052,-0.0279684,0.602045,0.515077,0.614782,0.552383,0.547251
3136,1,1,0,1,1,1,0,1,0,0,1,1,0,-0.0356277,0.0183969,-0.0416494,0.602045,0.514874,0.614782,0.541937,0.53742
3137,0,0,1,1,1,1,0,1,0,0,1,1,0,-0.0482476,0.0181725,-0.0421098,0.500924,0.514887,0.518572,0.532434,0.553671
3138,1,0,1,1,1,1,0,1,0,0,1,1,0,-0.0546269,0.0105689,-0.0542547,0.500924,0.514743,0.518572,0.5229,0.5483
3139,0,1,1,1,1,1,0,1,0,0,1,1,0,-0.0317157,0.0237577,-0.0267236,0.582855,0.514858,0.590054,0.542708,0.563126
3140,1,1,1,1,1,1,0,1,0,0,1,1,0,-0.036903,0.0171708,-0.0400497,0.582855,0.514813,0.590054,0.540207,0.55809
3141,0,0,0,0,0,0,1,1,0,0,1,1,0,-0.0547091,0.012969,-0.0502456,0.458172,0.51298,0.422792,0.549924,0.562923
3142,1,0,0,0,0,0,1,1,0,0,1,1,0,-0.0614246,0.00419628,-0.0621777,0.458172,0.512279,0.422792,0.542166,0.551907
3143,0,1,0,0,0,0,1,1,0,0,1,1,0,-0.0374886,0.0199948,-0.0332451,0.567939,0.514784,0.540427,0.549309,0.568931
3144,0,0,1,0,0,0,1,1,0,0,1,1,0,-0.0548707,0.0128361,-0.0455198,0.458172,0.513959,0.422792,0.543142,0.580269
3145,1,0,1,0,0,0,1,1,0,0,1,1,0,-0.0612499,0.00516139,-0.0576649,0.458172,0.51354,0.422792,0.537825,0.571021
3146,0,1,1,0,0,0,1,1,0,0,1,1,0,-0.0384381,0.0185188,-0.0315122,0.548749,0.514493,0.515699,0.543142,0.585623
3147,1,1,1,0,0,0,1,1,0,0,1,1,0,-0.0436253,0.0118746,-0.0448383,0.548749,0.514403,0.515699,0.54764,0.577155
3148,0,0,0,1,0,0,1,1,0,0,1,1,0,-0.0518851,0.0146452,-0.0470582,0.458172,0.513996,0.422792,0.546758,0.571039
3149,1,1,0,1,0,0,1,1,0,0,1,1,0,-0.0395212,0.0144184,-0.0434381,0.567939,0.514637,0.540427,0.545571,0.56876
3150,0,0,1,1,0,0,1,1,0,0,1,1,0,-0.0524592,0.0135785,-0.0439215,0.458172,0.514424,0.422792,0.549357,0.583276
3151,1,0,1,1,0,0,1,1,0,0,1,1,0,-0.0588385,0.0059519,-0.0560667,0.458172,0.514387,0.422792,0.539813,0.578947
3152,0,1,1,1,0,0,1,1,0,0,1,1,0,-0.0359278,0.0191639,-0.0285353,0.548749,0.514578,0.515699,0.549159,0.591096
3153,1,1,1,1,0,0,1,1,0,0,1,1,0,-0.041115,0.0125606,-0.0418615,0.548749,0.514665,0.515699,0.549159,0.585311
3154,0,0,0,0,1,0,1,1,0,0,1,1,0,-0.0552004,0.01219,-0.0537325,0.458172,0.514718,0.41305,0.536558,0.550561
3155,1,0,0,0,1,0,1,1,0,0,1,1,0,-0.0619159,0.00343311,-0.0656645,0.458172,0.514151,0.41305,0.527103,0.540914
3156,0,1,0,0,1,0,1,1,0,0,1,1,0,-0.0379799,0.0192068,-0.0367321,0.567939,0.515042,0.540427,0.549406,0.5579
3157,1,1,0,0,1,0,1,1,0,0,1,1,0,-0.043307,0.0116655,-0.0504129,0.567939,0.514717,0.540427,0.554326,0.548965
3158,0,0,1,0,1,0,1,1,0,0,1,1,0,-0.0552489,0.0115736,-0.0491747,0.458172,0.514716,0.41305,0.54615,0.568186
3159,1,0,1,0,1,0,1,1,0,0,1,1,0,-0.0616281,0.00391434,-0.0613197,0.458172,0.514444,0.41305,0.537152,0.559576
3160,0,1,1,0,1,0,1,1,0,0,1,1,0,-0.0388164,0.0172531,-0.0351672,0.548749,0.514785,0.515699,0.549773,0.574894
3161,1,1,1,0,1,0,1,1,0,0,1,1,0,-0.0440036,0.0106206,-0.0484931,0.548749,0.514704,0.515699,0.553846,0.567085
3162,0,0,0,1,1,0,1,1,0,0,1,1,0,-0.0530494,0.0128437,-0.0499386,0.458172,0.514763,0.41305,0.535367,0.557292
3163,1,0,0,1,1,0,1,1,0,0,1,1,0,-0.059765,0.00411525,-0.0618707,0.458172,0.514585,0.41305,0.528962,0.547885
3164,0,1,0,1,1,0,1,1,0,0,1,1,0,-0.0353585,0.0201309,-0.0326375,0.567939,0.51491,0.540427,0.55019,0.56508
3165,1,1,0,1,1,0,1,1,0,0,1,1,0,-0.0406856,0.0126176,-0.0463184,0.567939,0.514807,0.540427,0.550767,0.557109
3166,0,0,1,1,1,0,1,1,0,0,1,1,0,-0.053305,0.0124102,-0.0467787,0.458172,0.514766,0.41305,0.53533,0.569849
3167,1,0,1,1,1,0,1,1,0,0,1,1,0,-0.0596842,0.00479899,-0.0589237,0.458172,0.514697,0.41305,0.532266,0.566141
3168,0,1,1,1,1,0,1,1,0,0,1,1,0,-0.0367737,0.0179914,-0.0313926,0.548749,0.514783,0.515699,0.547964,0.577776
3169,1,1,1,1,1,0,1,1,0,0,1,1,0,-0.041961,0.0114004,-0.0447186,0.548749,0.514783,0.515699,0.548466,0.573906
3170,0,0,0,0,0,1,1,1,0,0,1,1,0,-0.0533149,0.0149854,-0.047534,0.470597,0.514791,0.446994,0.550125,0.545017
3171,1,0,0,0,0,1,1,1,0,0,1,1,0,-0.0600304,0.00621821,-0.0594661,0.470597,0.513986,0.446994,0.544068,0.54425
3172,0,1,0,0,0,1,1,1,0,0,1,1,0,-0.0360942,0.0220215,-0.0305333,0.580364,0.514907,0.540427,0.557339,0.551564
3173,1,1,0,0,0,1,1,1,0,0,1,1,0,-0.0414213,0.0144703,-0.0442144,0.580364,0.514597,0.540427,0.557339,0.549055
3174,0,0,1,0,0,1,1,1,0,0,1,1,0,-0.0534764,0.0148637,-0.0428082,0.470597,0.514752,0.446994,0.549821,0.562679
3175,1,0,1,0,0,1,1,1,0,0,1,1,0,-0.0598556,0.00719628,-0.0549533,0.470597,0.514388,0.446994,0.547365,0.553443
3176,0,1,1,0,0,1,1,1,0,0,1,1,0,-0.0370437,0.0205545,-0.0288004,0.561174,0.51476,0.515699,0.550317,0.568978
3177,1,1,1,0,0,1,1,1,0,0,1,1,0,-0.042231,0.0139157,-0.0421266,0.561174,0.51467,0.515699,0.550317,0.560719
3178,0,0,0,1,0,1,1,1,0,0,1,1,0,-0.0505048,0.0168502,-0.0437456,0.470597,0.514732,0.446994,0.550125,0.55236
3179,1,0,0,1,0,1,1,1,0,0,1,1,0,-0.0572204,0.00811454,-0.0556779,0.470597,0.514516,0.446994,0.545157,0.543022
3180,0,1,0,1,0,1,1,1,0,0,1,1,0,-0.0328135,0.0241624,-0.0264442,0.580364,0.514797,0.540427,0.550125,0.559667
3181,1,1,0,1,0,1,1,1,0,0,1,1,0,-0.0381407,0.0166416,-0.0401254,0.580364,0.514745,0.540427,0.550125,0.550906
3182,0,0,1,1,0,1,1,1,0,0,1,1,0,-0.0510788,0.0157912,-0.0406089,0.470597,0.514759,0.446994,0.550134,0.569
3183,1,0,1,1,0,1,1,1,0,0,1,1,0,-0.0574581,0.00817217,-0.0527541,0.470597,0.514674,0.446994,0.550134,0.561038
3184,0,1,1,1,0,1,1,1,0,0,1,1,0,-0.0345472,0.0213863,-0.0252225,0.561174,0.514754,0.515699,0.548356,0.57564
3185,1,1,1,1,0,1,1,1,0,0,1,1,0,-0.0397346,0.0147886,-0.0385488,0.561174,0.514765,0.515699,0.548356,0.568439
3186,0,0,0,0,1,1,1,1,0,0,1,1,0,-0.0521152,0.0146594,-0.0499896,0.470597,0.51448,0.437252,0.549426,0.538679
3187,1,0,0,0,1,1,1,1,0,0,1,1,0,-0.0588307,0.00591024,-0.0619216,0.470597,0.514416,0.437252,0.529658,0.539416
3188,0,1,0,0,1,1,1,1,0,0,1,1,0,-0.0348943,0.0216845,-0.032989,0.580364,0.514752,0.540427,0.564105,0.544122
3189,1,1,0,0,1,1,1,1,0,0,1,1,0,-0.0402214,0.0141482,-0.0466699,0.580364,0.51471,0.540427,0.558938,0.544776
3190,0,0,1,0,1,1,1,1,0,0,1,1,0,-0.0521636,0.0140512,-0.0454318,0.470597,0.514674,0.437252,0.550198,0.548991
3191,1,0,1,0,1,1,1,1,0,0,1,1,0,-0.0585428,0.00639967,-0.0575768,0.470597,0.514624,0.437252,0.545868,0.543886
3192,0,1,1,0,1,1,1,1,0,0,1,1,0,-0.0357307,0.0197369,-0.0314241,0.561174,0.51476,0.515699,0.550198,0.557375
3193,1,1,1,0,1,1,1,1,0,0,1,1,0,-0.040918,0.01311,-0.0447502,0.561174,0.514754,0.515699,0.556255,0.549509
3194,0,0,0,1,1,1,1,1,0,0,1,1,0,-0.0501983,0.0156017,-0.0453609,0.470597,0.514673,0.437252,0.541526,0.536334
3195,1,0,0,1,1,1,1,1,0,0,1,1,0,-0.056914,0.00687886,-0.0572931,0.470597,0.51467,0.437252,0.524859,0.537829
3196,1,1,0,1,1,1,1,1,0,0,1,1,0,-0.0378341,0.01539,-0.0417407,0.580364,0.514786,0.540427,0.539546,0.543337
3197,0,0,1,1,1,1,1,1,0,0,1,1,0,-0.0504538,0.0151739,-0.042201,0.470597,0.514755,0.437252,0.549908,0.554916
3198,1,0,1,1,1,1,1,1,0,0,1,1,0,-0.0568331,0.00756729,-0.0543461,0.470597,0.514752,0.437252,0.538716,0.545297
3199,0,1,1,1,1,1,1,1,0,0,1,1,0,-0.0339222,0.020763,-0.0268148,0.561174,0.514788,0.515699,0.549908,0.562701
3200,1,1,1,1,1,1,1,1,0,0,1,1,0,-0.0391095,0.0141742,-0.0401409,0.561174,0.514797,0.515699,0.549908,0.556219
3201,0,0,0,0,0,0,0,0,1,0,1,1,0,-0.0554748,0.0149551,-0.0500075,0.480709,0.511348,0.504112,0.474695,0.562529
3202,1,0,0,0,0,0,0,0,1,0,1,1,0,-0.0621904,0.00618561,-0.0619395,0.480709,0.508703,0.504112,0.492686,0.55227
3203,1,1,0,0,0,0,0,0,1,0,1,1,0,-0.0435812,0.0144312,-0.0466881,0.572866,0.514386,0.603449,0.561116,0.560391
3204,0,0,1,0,0,0,0,0,1,0,1,1,0,-0.0556362,0.014819,-0.0452818,0.480709,0.513005,0.504112,0.497613,0.573423
3205,1,0,1,0,0,0,0,0,1,0,1,1,0,-0.0620155,0.00714736,-0.0574268,0.480709,0.51174,0.504112,0.533261,0.571991
3206,0,1,1,0,0,0,0,0,1,0,1,1,0,-0.0392034,0.0205056,-0.0312743,0.553676,0.514799,0.578721,0.52993,0.582281
3207,1,1,1,0,0,0,0,0,1,0,1,1,0,-0.0443907,0.0138607,-0.0446003,0.553676,0.514137,0.578721,0.555315,0.580387
3208,1,0,0,1,0,0,0,0,1,0,1,1,0,-0.0593666,0.00790984,-0.0587523,0.480709,0.512548,0.504112,0.545842,0.558245
3209,0,1,0,1,0,0,0,0,1,0,1,1,0,-0.0349593,0.0239522,-0.0295192,0.572866,0.515033,0.603449,0.547303,0.569727
3210,1,1,0,1,0,0,0,0,1,0,1,1,0,-0.0402867,0.0164281,-0.0432002,0.572866,0.514697,0.603449,0.556141,0.568389
3211,0,0,1,1,0,0,0,0,1,0,1,1,0,-0.0532248,0.0155745,-0.0436835,0.480709,0.513701,0.504112,0.551472,0.568057
3212,1,0,1,1,0,0,0,0,1,0,1,1,0,-0.0596041,0.00795093,-0.0558286,0.480709,0.51374,0.504112,0.562172,0.567987
3213,0,1,1,1,0,0,0,0,1,0,1,1,0,-0.0366931,0.0211636,-0.0282975,0.553676,0.514308,0.578721,0.543987,0.576993
3214,1,1,1,1,0,0,0,0,1,0,1,1,0,-0.0418805,0.0145596,-0.0416236,0.553676,0.514531,0.578721,0.561063,0.57691
3215,0,0,0,0,1,0,0,0,1,0,1,1,0,-0.0555056,0.0147123,-0.0536987,0.480709,0.513674,0.49437,0.496274,0.546255
3216,1,0,0,0,1,0,0,0,1,0,1,1,0,-0.0622212,0.00595767,-0.0656306,0.480709,0.512764,0.49437,0.523531,0.537154
3217,0,1,0,0,1,0,0,0,1,0,1,1,0,-0.0382846,0.0217341,-0.0366985,0.572866,0.51557,0.603449,0.523608,0.556608
3218,1,1,0,0,1,0,0,0,1,0,1,1,0,-0.0436119,0.0141928,-0.0503792,0.572866,0.51467,0.603449,0.548004,0.548183
3219,0,0,1,0,1,0,0,0,1,0,1,1,0,-0.0555539,0.0140884,-0.049141,0.480709,0.514206,0.49437,0.532395,0.558747
3220,1,0,1,0,1,0,0,0,1,0,1,1,0,-0.0619332,0.00643139,-0.0612859,0.480709,0.51375,0.49437,0.551335,0.556375
3221,0,1,1,0,1,0,0,0,1,0,1,1,0,-0.0391211,0.0197722,-0.0351335,0.553676,0.514759,0.578721,0.543857,0.568061
3222,1,1,1,0,1,0,0,0,1,0,1,1,0,-0.0443084,0.0131385,-0.0484594,0.553676,0.514565,0.578721,0.56343,0.566377
3223,1,0,0,1,1,0,0,0,1,0,1,1,0,-0.0600704,0.0066587,-0.0618369,0.480709,0.51408,0.49437,0.561395,0.541835
3224,0,1,0,1,1,0,0,0,1,0,1,1,0,-0.0356632,0.0226785,-0.032604,0.572866,0.515017,0.603449,0.569674,0.555181
3225,1,1,0,1,1,0,0,0,1,0,1,1,0,-0.0409905,0.0151652,-0.0462848,0.572866,0.514828,0.603449,0.579511,0.552816
3226,0,0,1,1,1,0,0,0,1,0,1,1,0,-0.0536101,0.0149442,-0.046745,0.480709,0.514482,0.49437,0.561941,0.552725
3227,1,0,1,1,1,0,0,0,1,0,1,1,0,-0.0599894,0.00733523,-0.05889,0.480709,0.514458,0.49437,0.570868,0.553293
3228,0,1,1,1,1,0,0,0,1,0,1,1,0,-0.0370785,0.0205295,-0.0313591,0.553676,0.514674,0.578721,0.559053,0.562255
3229,1,1,1,1,1,0,0,0,1,0,1,1,0,-0.0422658,0.0139372,-0.044685,0.553676,0.514732,0.578721,0.569429,0.562768
3230,0,0,0,0,0,1,0,0,1,0,1,1,0,-0.0556379,0.0173616,-0.0477594,0.493134,0.516246,0.528314,0.559275,0.543429
3231,1,0,0,0,0,1,0,0,1,0,1,1,0,-0.0623535,0.00859667,-0.0596915,0.493134,0.513217,0.528314,0.568116,0.531291
3232,0,1,0,0,0,1,0,0,1,0,1,1,0,-0.0384169,0.0244008,-0.0307589,0.585291,0.51612,0.603449,0.580548,0.551632
3233,0,0,1,0,0,1,0,0,1,0,1,1,0,-0.0557993,0.017238,-0.0430338,0.493134,0.515177,0.528314,0.54166,0.561964
3234,1,0,1,0,0,1,0,0,1,0,1,1,0,-0.0621786,0.00957378,-0.0551788,0.493134,0.513931,0.528314,0.558743,0.55338
3235,0,1,1,0,0,1,0,0,1,0,1,1,0,-0.0393665,0.022931,-0.0290261,0.566101,0.515047,0.578721,0.560901,0.570789
3236,1,1,1,0,0,1,0,0,1,0,1,1,0,-0.0445538,0.0162916,-0.0423522,0.566101,0.514607,0.578721,0.582649,0.561585
3237,0,0,0,1,0,1,0,0,1,0,1,1,0,-0.0528278,0.0192462,-0.0439711,0.493134,0.514927,0.528314,0.567094,0.547947
3238,1,0,0,1,0,1,0,0,1,0,1,1,0,-0.0595435,0.0105129,-0.0559033,0.493134,0.514208,0.528314,0.565308,0.539477
3239,1,1,0,1,0,1,0,0,1,0,1,1,0,-0.0404636,0.0190423,-0.0403509,0.585291,0.514781,0.603449,0.577445,0.550431
3240,0,0,1,1,0,1,0,0,1,0,1,1,0,-0.0534017,0.0181817,-0.0408344,0.493134,0.51477,0.528314,0.545279,0.559503
3241,1,0,1,1,0,1,0,0,1,0,1,1,0,-0.0597811,0.0105659,-0.0529796,0.493134,0.514511,0.528314,0.549791,0.55749
3242,0,1,1,1,0,1,0,0,1,0,1,1,0,-0.03687,0.0237791,-0.0254482,0.566101,0.514724,0.578721,0.555163,0.568172
3243,1,1,1,1,0,1,0,0,1,0,1,1,0,-0.0420574,0.0171806,-0.0387744,0.566101,0.514731,0.578721,0.565793,0.567033
3244,0,0,0,0,1,1,0,0,1,0,1,1,0,-0.0530432,0.0173613,-0.0506088,0.493134,0.515091,0.518572,0.590992,0.525826
3245,1,0,0,0,1,1,0,0,1,0,1,1,0,-0.059759,0.00861399,-0.0625407,0.493134,0.514204,0.518572,0.59725,0.523598
3246,0,1,0,0,1,1,0,0,1,0,1,1,0,-0.0358219,0.024389,-0.0336084,0.585291,0.5152,0.603449,0.592821,0.53486
3247,1,1,0,0,1,1,0,0,1,0,1,1,0,-0.0411492,0.0168522,-0.0472892,0.585291,0.514761,0.603449,0.602832,0.531758
3248,0,0,1,0,1,1,0,0,1,0,1,1,0,-0.0530915,0.0167472,-0.0460511,0.493134,0.514859,0.518572,0.56904,0.545632
3249,1,0,1,0,1,1,0,0,1,0,1,1,0,-0.0594709,0.00909825,-0.058196,0.493134,0.514479,0.518572,0.578962,0.536398
3250,0,1,1,0,1,1,0,0,1,0,1,1,0,-0.0366584,0.0224348,-0.0320435,0.566101,0.514862,0.578721,0.57508,0.555455
3251,1,1,1,0,1,1,0,0,1,0,1,1,0,-0.0418458,0.0158068,-0.0453694,0.566101,0.514734,0.578721,0.590222,0.548065
3252,0,0,0,1,1,1,0,0,1,0,1,1,0,-0.0511265,0.0183236,-0.0459801,0.493134,0.514799,0.518572,0.584565,0.530754
3253,1,0,0,1,1,1,0,0,1,0,1,1,0,-0.0578423,0.00960262,-0.0579122,0.493134,0.514585,0.518572,0.58741,0.525312
3254,1,1,0,1,1,1,0,0,1,0,1,1,0,-0.038762,0.0181156,-0.0423599,0.585291,0.514815,0.603449,0.594839,0.53343
3255,0,0,1,1,1,1,0,0,1,0,1,1,0,-0.0513818,0.0178904,-0.0428203,0.493134,0.514781,0.518572,0.565921,0.54469
3256,1,0,1,1,1,1,0,0,1,0,1,1,0,-0.0577612,0.0102864,-0.0549652,0.493134,0.514702,0.518572,0.571643,0.541892
3257,0,1,1,1,1,1,0,0,1,0,1,1,0,-0.0348499,0.0234814,-0.0274341,0.566101,0.514789,0.578721,0.570908,0.554011
3258,1,1,1,1,1,1,0,0,1,0,1,1,0,-0.0400373,0.0168915,-0.0407602,0.566101,0.51479,0.578721,0.579912,0.551351
3259,0,0,0,0,0,0,1,0,1,0,1,1,0,-0.057314,0.0139007,-0.0499811,0.458172,0.512835,0.422792,0.501334,0.561213
3260,1,0,0,0,0,0,1,0,1,0,1,1,0,-0.0640297,0.00512534,-0.0619133,0.458172,0.51208,0.422792,0.519298,0.549945
3261,0,1,0,0,0,0,1,0,1,0,1,1,0,-0.0400933,0.0209346,-0.0329807,0.558974,0.514597,0.529094,0.532669,0.568053
3262,1,1,0,0,0,0,1,0,1,0,1,1,0,-0.0454206,0.0133753,-0.0466616,0.558974,0.514152,0.529094,0.564848,0.557657
3263,0,0,1,0,0,0,1,0,1,0,1,1,0,-0.0574755,0.0137713,-0.0452554,0.458172,0.513885,0.422792,0.508772,0.577521
3264,1,0,1,0,0,0,1,0,1,0,1,1,0,-0.0638548,0.0060942,-0.0574005,0.458172,0.513481,0.422792,0.532414,0.569969
3265,0,1,1,0,0,0,1,0,1,0,1,1,0,-0.0410428,0.0194597,-0.0312477,0.539785,0.514388,0.504366,0.521245,0.585403
3266,1,1,1,0,0,0,1,0,1,0,1,1,0,-0.0462302,0.0128107,-0.0445738,0.539785,0.514363,0.504366,0.550325,0.576747
3267,0,0,0,1,0,0,1,0,1,0,1,1,0,-0.0544901,0.0155813,-0.0467937,0.458172,0.513725,0.422792,0.540116,0.565443
3268,1,0,0,1,0,0,1,0,1,0,1,1,0,-0.0612058,0.00683701,-0.058726,0.458172,0.513781,0.422792,0.539502,0.559308
3269,0,1,0,1,0,0,1,0,1,0,1,1,0,-0.0367987,0.0228889,-0.0294926,0.558974,0.514386,0.529094,0.536064,0.574032
3270,1,1,0,1,0,0,1,0,1,0,1,1,0,-0.0421261,0.0153599,-0.0431736,0.558974,0.514533,0.529094,0.539819,0.56728
3271,0,0,1,1,0,0,1,0,1,0,1,1,0,-0.0550641,0.0145181,-0.0436571,0.458172,0.514309,0.422792,0.546009,0.572788
3272,1,0,1,1,0,0,1,0,1,0,1,1,0,-0.0614434,0.00688908,-0.0558023,0.458172,0.514344,0.422792,0.554873,0.572549
3273,0,1,1,1,0,0,1,0,1,0,1,1,0,-0.0385325,0.02011,-0.0282709,0.539785,0.514437,0.504366,0.535695,0.580734
3274,1,1,1,1,0,0,1,0,1,0,1,1,0,-0.0437199,0.0135018,-0.041597,0.539785,0.51462,0.504366,0.549079,0.580471
3275,0,0,0,0,1,0,1,0,1,0,1,1,0,-0.0578053,0.0131299,-0.0534681,0.458172,0.513857,0.41305,0.523801,0.547844
3276,1,0,0,0,1,0,1,0,1,0,1,1,0,-0.064521,0.00437042,-0.0654,0.458172,0.51378,0.41305,0.545857,0.534345
3277,0,1,0,0,1,0,1,0,1,0,1,1,0,-0.0405846,0.0201548,-0.0364677,0.558974,0.51463,0.529094,0.535083,0.555784
3278,1,1,0,0,1,0,1,0,1,0,1,1,0,-0.0459119,0.012609,-0.0501485,0.558974,0.514554,0.529094,0.563422,0.545453
3279,0,0,1,0,1,0,1,0,1,0,1,1,0,-0.0578538,0.0125167,-0.0489103,0.458172,0.514392,0.41305,0.54455,0.563091
3280,1,0,1,0,1,0,1,0,1,0,1,1,0,-0.0642331,0.00485505,-0.0610553,0.458172,0.514313,0.41305,0.56465,0.557308
3281,0,1,1,0,1,0,1,0,1,0,1,1,0,-0.0414211,0.0182019,-0.0349028,0.539785,0.51462,0.504366,0.556376,0.571924
3282,1,1,1,0,1,0,1,0,1,0,1,1,0,-0.0466085,0.0115646,-0.0482287,0.539785,0.514643,0.504366,0.579355,0.565405
3283,1,0,0,1,1,0,1,0,1,0,1,1,0,-0.0623702,0.00505521,-0.0616063,0.458172,0.514438,0.41305,0.563493,0.543651
3284,0,1,0,1,1,0,1,0,1,0,1,1,0,-0.0379633,0.0210835,-0.0323731,0.558974,0.514685,0.529094,0.551891,0.559311
3285,1,1,0,1,1,0,1,0,1,0,1,1,0,-0.0432906,0.0135657,-0.046054,0.558974,0.514727,0.529094,0.563895,0.554722
3286,0,0,1,1,1,0,1,0,1,0,1,1,0,-0.0559099,0.0133578,-0.0465142,0.458172,0.514624,0.41305,0.559419,0.558874
3287,1,0,1,1,1,0,1,0,1,0,1,1,0,-0.0622893,0.00574419,-0.0586593,0.458172,0.514645,0.41305,0.566716,0.558756
3288,0,1,1,1,1,0,1,0,1,0,1,1,0,-0.0393786,0.0189455,-0.0311282,0.539785,0.514689,0.504366,0.556367,0.567409
3289,1,1,1,1,1,0,1,0,1,0,1,1,0,-0.0445659,0.0123496,-0.0444542,0.539785,0.514751,0.504366,0.564402,0.567715
3290,0,0,0,0,0,1,1,0,1,0,1,1,0,-0.0564371,0.015494,-0.0483873,0.470597,0.515017,0.446994,0.570629,0.540225
3291,1,0,0,0,0,1,1,0,1,0,1,1,0,-0.0631527,0.00672333,-0.0603195,0.470597,0.514015,0.446994,0.573382,0.53736
3292,0,1,0,0,0,1,1,0,1,0,1,1,0,-0.0392162,0.0225357,-0.0313867,0.5714,0.514939,0.529094,0.593967,0.549602
3293,1,1,0,0,0,1,1,0,1,0,1,1,0,-0.0445435,0.0149789,-0.0450677,0.5714,0.514597,0.529094,0.593131,0.542693
3294,0,0,1,0,0,1,1,0,1,0,1,1,0,-0.0565985,0.0153731,-0.0436616,0.470597,0.514828,0.446994,0.546533,0.560866
3295,1,0,1,0,0,1,1,0,1,0,1,1,0,-0.0629778,0.00770117,-0.0558068,0.470597,0.514404,0.446994,0.547004,0.551384
3296,0,1,1,0,0,1,1,0,1,0,1,1,0,-0.0401658,0.0210682,-0.0296538,0.55221,0.514763,0.504366,0.561767,0.567855
3297,1,1,1,0,0,1,1,0,1,0,1,1,0,-0.0453532,0.0144224,-0.04298,0.55221,0.51467,0.504366,0.573493,0.559194
3298,0,0,0,1,0,1,1,0,1,0,1,1,0,-0.053627,0.0173647,-0.044599,0.470597,0.51474,0.446994,0.55012,0.549732
3299,1,0,0,1,0,1,1,0,1,0,1,1,0,-0.0603428,0.00862572,-0.0565313,0.470597,0.514508,0.446994,0.55012,0.536914
3300,0,1,0,1,0,1,1,0,1,0,1,1,0,-0.0359356,0.0246846,-0.0272977,0.5714,0.514735,0.529094,0.571085,0.55756
3301,1,1,0,1,0,1,1,0,1,0,1,1,0,-0.0412629,0.0171582,-0.0409788,0.5714,0.514724,0.529094,0.571085,0.547845
3302,0,0,1,1,0,1,1,0,1,0,1,1,0,-0.0542009,0.0163054,-0.0414623,0.470597,0.514757,0.446994,0.54947,0.563675
3303,1,0,1,1,0,1,1,0,1,0,1,1,0,-0.0605803,0.00868187,-0.0536075,0.470597,0.514673,0.446994,0.54947,0.558854
3304,0,1,1,1,0,1,1,0,1,0,1,1,0,-0.0376693,0.0219052,-0.0260759,0.55221,0.514722,0.504366,0.541376,0.572092
3305,1,1,1,1,0,1,1,0,1,0,1,1,0,-0.0428568,0.0153003,-0.0394021,0.55221,0.514755,0.504366,0.545769,0.566732
3306,1,0,0,0,1,1,1,0,1,0,1,1,0,-0.061953,0.00643118,-0.062775,0.470597,0.514437,0.437252,0.581223,0.531079
3307,0,1,0,0,1,1,1,0,1,0,1,1,0,-0.0380163,0.0222144,-0.0338425,0.5714,0.514761,0.529094,0.594346,0.536919
3308,1,1,0,0,1,1,1,0,1,0,1,1,0,-0.0433436,0.0146727,-0.0475233,0.5714,0.514709,0.529094,0.601436,0.53786
3309,0,0,1,0,1,1,1,0,1,0,1,1,0,-0.0552857,0.0145754,-0.0462852,0.470597,0.514712,0.437252,0.551211,0.545611
3310,1,0,1,0,1,1,1,0,1,0,1,1,0,-0.061665,0.0069194,-0.0584302,0.470597,0.514634,0.437252,0.563226,0.536533
3311,0,1,1,0,1,1,1,0,1,0,1,1,0,-0.0388528,0.0202655,-0.0322776,0.55221,0.51476,0.504366,0.568104,0.555116
3312,1,1,1,0,1,1,1,0,1,0,1,1,0,-0.0440401,0.0136315,-0.0456036,0.55221,0.514753,0.504366,0.583601,0.545331
3313,0,0,0,1,1,1,1,0,1,0,1,1,0,-0.0533206,0.0161298,-0.0462142,0.470597,0.514694,0.437252,0.554575,0.534159
3314,1,0,0,1,1,1,1,0,1,0,1,1,0,-0.0600364,0.0074037,-0.0581464,0.470597,0.514675,0.437252,0.559157,0.532254
3315,0,1,0,1,1,1,1,0,1,0,1,1,0,-0.035629,0.0234365,-0.028913,0.5714,0.514771,0.529094,0.571133,0.540906
3316,1,1,0,1,1,1,1,0,1,0,1,1,0,-0.0409564,0.0159203,-0.042594,0.5714,0.51478,0.529094,0.574254,0.536644
3317,0,0,1,1,1,1,1,0,1,0,1,1,0,-0.053576,0.0157026,-0.0430543,0.470597,0.514762,0.437252,0.549125,0.548889
3318,1,0,1,1,1,1,1,0,1,0,1,1,0,-0.0599554,0.00809158,-0.0551995,0.470597,0.514754,0.437252,0.552718,0.542993
3319,0,1,1,1,1,1,1,0,1,0,1,1,0,-0.0370443,0.0212964,-0.0276681,0.55221,0.514777,0.504366,0.545515,0.556924
3320,1,1,1,1,1,1,1,0,1,0,1,1,0,-0.0422316,0.0147006,-0.0409942,0.55221,0.514794,0.504366,0.551255,0.552919
3321,0,0,0,0,0,0,0,1,1,0,1,1,0,-0.0522491,0.0170921,-0.0475369,0.488499,0.513695,0.504112,0.495806,0.574515
3322,1,0,0,0,0,0,0,1,1,0,1,1,0,-0.0589646,0.00831861,-0.059469,0.488499,0.512713,0.504112,0.513915,0.570302
3323,0,1,0,0,0,0,0,1,1,0,1,1,0,-0.0350283,0.0241129,-0.0305366,0.580655,0.515924,0.608461,0.527317,0.583893
3324,1,1,0,0,0,0,0,1,1,0,1,1,0,-0.0403556,0.0165544,-0.0442176,0.580655,0.514785,0.608461,0.557514,0.578009
3325,0,0,1,0,0,0,0,1,1,0,1,1,0,-0.0524105,0.0169512,-0.0428112,0.488499,0.51421,0.504112,0.513369,0.582435
3326,1,0,1,0,0,0,0,1,1,0,1,1,0,-0.0587897,0.00927162,-0.0549563,0.488499,0.513742,0.504112,0.547182,0.582076
3327,0,1,1,0,0,0,0,1,1,0,1,1,0,-0.0359778,0.0226304,-0.0288037,0.561466,0.514903,0.583734,0.544445,0.59027
3328,1,1,1,0,0,0,0,1,1,0,1,1,0,-0.0411651,0.0159785,-0.0421299,0.561466,0.514617,0.583734,0.572945,0.590619
3329,0,0,0,1,0,0,0,1,1,0,1,1,0,-0.0494251,0.0187747,-0.0443496,0.488499,0.514055,0.504112,0.549027,0.569925
3330,1,0,0,1,0,0,0,1,1,0,1,1,0,-0.0561407,0.0100325,-0.0562818,0.488499,0.514034,0.504112,0.551775,0.569684
3331,0,1,0,1,0,0,0,1,1,0,1,1,0,-0.0317338,0.0260694,-0.0270486,0.580655,0.515001,0.608461,0.551986,0.579109
3332,1,1,0,1,0,0,0,1,1,0,1,1,0,-0.0370611,0.0185414,-0.0407297,0.580655,0.514826,0.608461,0.555883,0.578848
3333,0,0,1,1,0,0,0,1,1,0,1,1,0,-0.0499991,0.0176947,-0.041213,0.488499,0.514433,0.504112,0.554154,0.575963
3334,1,0,1,1,0,0,0,1,1,0,1,1,0,-0.0563783,0.0100633,-0.0533581,0.488499,0.514442,0.504112,0.562905,0.577338
3335,0,1,1,1,0,0,0,1,1,0,1,1,0,-0.0334675,0.0232769,-0.0258269,0.561466,0.51467,0.583734,0.556035,0.583687
3336,1,1,1,1,0,0,0,1,1,0,1,1,0,-0.0386548,0.0166659,-0.0391531,0.561466,0.514734,0.583734,0.566685,0.585501
3337,0,0,0,0,1,0,0,1,1,0,1,1,0,-0.0522799,0.0168593,-0.0512281,0.488499,0.514452,0.49437,0.527692,0.560876
3338,1,0,0,0,1,0,0,1,1,0,1,1,0,-0.0589955,0.00810068,-0.06316,0.488499,0.514116,0.49437,0.541091,0.556331
3339,0,1,0,0,1,0,0,1,1,0,1,1,0,-0.0350592,0.0238715,-0.0342279,0.580655,0.515173,0.608461,0.553679,0.570376
3340,1,1,0,0,1,0,0,1,1,0,1,1,0,-0.0403863,0.016326,-0.0479087,0.580655,0.514807,0.608461,0.575028,0.566626
3341,0,0,1,0,1,0,0,1,1,0,1,1,0,-0.0523283,0.0162304,-0.0466704,0.488499,0.514614,0.49437,0.558569,0.568732
3342,1,0,1,0,1,0,0,1,1,0,1,1,0,-0.0587075,0.00856531,-0.0588153,0.488499,0.514446,0.49437,0.567736,0.568755
3343,0,1,1,0,1,0,0,1,1,0,1,1,0,-0.0358956,0.0219067,-0.032663,0.561466,0.514826,0.583734,0.570655,0.57758
3344,1,1,1,0,1,0,0,1,1,0,1,1,0,-0.0410828,0.0152661,-0.045989,0.561466,0.514742,0.583734,0.580877,0.577498
3345,0,0,0,1,1,0,0,1,1,0,1,1,0,-0.050129,0.017522,-0.0474343,0.488499,0.514606,0.49437,0.548485,0.555656
3346,1,0,0,1,1,0,0,1,1,0,1,1,0,-0.0568446,0.00879188,-0.0593664,0.488499,0.514566,0.49437,0.548479,0.556088
3347,0,1,0,1,1,0,0,1,1,0,1,1,0,-0.0324377,0.0248064,-0.0301334,0.580655,0.514925,0.608461,0.555547,0.565376
3348,1,1,0,1,1,0,0,1,1,0,1,1,0,-0.037765,0.017289,-0.0438143,0.580655,0.51484,0.608461,0.565845,0.565742
3349,0,0,1,1,1,0,0,1,1,0,1,1,0,-0.0503844,0.017075,-0.0442744,0.488499,0.514704,0.49437,0.561719,0.562335
3350,1,0,1,1,1,0,0,1,1,0,1,1,0,-0.0567636,0.00945805,-0.0564195,0.488499,0.514693,0.49437,0.562214,0.563465
3351,0,1,1,1,1,0,0,1,1,0,1,1,0,-0.0338529,0.0226533,-0.0288885,0.561466,0.514778,0.583734,0.563957,0.571384
3352,1,1,1,1,1,0,0,1,1,0,1,1,0,-0.0390402,0.0160541,-0.0422145,0.561466,0.514794,0.583734,0.57413,0.572403
3353,0,0,0,0,0,1,0,1,1,0,1,1,0,-0.0522933,0.019581,-0.0440245,0.500924,0.515398,0.528314,0.554458,0.56201
3354,1,0,0,0,0,1,0,1,1,0,1,1,0,-0.0590089,0.0108133,-0.0559567,0.500924,0.514282,0.528314,0.552015,0.552033
3355,0,1,0,0,0,1,0,1,1,0,1,1,0,-0.0350725,0.0266121,-0.027024,0.593081,0.515376,0.608461,0.581581,0.569887
3356,1,1,0,0,0,1,0,1,1,0,1,1,0,-0.0403997,0.0190577,-0.0407051,0.593081,0.514815,0.608461,0.590196,0.560708
3357,0,0,1,0,0,1,0,1,1,0,1,1,0,-0.0524547,0.0194536,-0.0392988,0.500924,0.514972,0.528314,0.540415,0.574313
3358,1,0,1,0,0,1,0,1,1,0,1,1,0,-0.0588339,0.0117831,-0.051444,0.500924,0.514513,0.528314,0.550601,0.571368
3359,0,1,1,0,0,1,0,1,1,0,1,1,0,-0.0360219,0.0251404,-0.0252911,0.573891,0.514934,0.583734,0.552996,0.58238
3360,1,1,1,0,0,1,0,1,1,0,1,1,0,-0.0412093,0.0184957,-0.0386174,0.573891,0.514758,0.583734,0.568666,0.579083
3361,0,0,0,1,0,1,0,1,1,0,1,1,0,-0.0494832,0.0214578,-0.0402362,0.500924,0.514882,0.528314,0.555638,0.562156
3362,1,0,0,1,0,1,0,1,1,0,1,1,0,-0.0561989,0.0127216,-0.0521685,0.500924,0.514613,0.528314,0.554021,0.558152
3363,0,1,0,1,0,1,0,1,1,0,1,1,0,-0.0317918,0.028767,-0.0229349,0.593081,0.514933,0.608461,0.57419,0.571016
3364,1,1,0,1,0,1,0,1,1,0,1,1,0,-0.0371191,0.0212431,-0.0366161,0.593081,0.514823,0.608461,0.576077,0.568077
3365,0,0,1,1,0,1,0,1,1,0,1,1,0,-0.0500571,0.0203881,-0.0370995,0.500924,0.51481,0.528314,0.54793,0.56919
3366,1,0,1,1,0,1,0,1,1,0,1,1,0,-0.0564364,0.012766,-0.0492447,0.500924,0.514713,0.528314,0.550482,0.569408
3367,0,1,1,1,0,1,0,1,1,0,1,1,0,-0.0335255,0.0259796,-0.0217132,0.573891,0.514797,0.583734,0.557024,0.577393
3368,1,1,1,1,0,1,0,1,1,0,1,1,0,-0.0387128,0.0193759,-0.0350396,0.573891,0.514794,0.583734,0.567913,0.577522
3369,0,0,0,0,1,1,0,1,1,0,1,1,0,-0.0496988,0.0195887,-0.0468739,0.500924,0.514939,0.518572,0.564046,0.546911
3370,1,0,0,0,1,1,0,1,1,0,1,1,0,-0.0564144,0.0108384,-0.0588059,0.500924,0.514612,0.518572,0.560004,0.53571
3371,0,1,0,0,1,1,0,1,1,0,1,1,0,-0.0324776,0.0266083,-0.0298734,0.593081,0.514985,0.608461,0.577799,0.557081
3372,1,1,0,0,1,1,0,1,1,0,1,1,0,-0.0378048,0.0190685,-0.0435544,0.593081,0.514813,0.608461,0.588977,0.548114
3373,0,0,1,0,1,1,0,1,1,0,1,1,0,-0.049747,0.0189706,-0.0423162,0.500924,0.514841,0.518572,0.550651,0.560877
3374,1,0,1,0,1,1,0,1,1,0,1,1,0,-0.0561263,0.0113153,-0.0544611,0.500924,0.514702,0.518572,0.560367,0.556737
3375,0,1,1,0,1,1,0,1,1,0,1,1,0,-0.0333139,0.024652,-0.0283086,0.573891,0.514845,0.583734,0.549206,0.569617
3376,1,1,1,0,1,1,0,1,1,0,1,1,0,-0.0385012,0.0180187,-0.0416347,0.573891,0.514794,0.583734,0.565065,0.566496
3377,0,0,0,1,1,1,0,1,1,0,1,1,0,-0.0477819,0.0205434,-0.0422452,0.500924,0.51482,0.518572,0.561118,0.547675
3378,1,0,0,1,1,1,0,1,1,0,1,1,0,-0.0544977,0.0118195,-0.0541774,0.500924,0.51474,0.518572,0.556582,0.543629
3379,0,1,0,1,1,1,0,1,1,0,1,1,0,-0.0300903,0.0278386,-0.024944,0.593081,0.514865,0.608461,0.5744,0.557148
3380,1,1,0,1,1,1,0,1,1,0,1,1,0,-0.0354175,0.0203245,-0.0386251,0.593081,0.514824,0.608461,0.58168,0.553526
3381,0,0,1,1,1,1,0,1,1,0,1,1,0,-0.0480372,0.0201057,-0.0390854,0.500924,0.514808,0.518572,0.5478,0.555423
3382,1,0,1,1,1,1,0,1,1,0,1,1,0,-0.0544166,0.0124954,-0.0512305,0.500924,0.514779,0.518572,0.557824,0.556145
3383,0,1,1,1,1,1,0,1,1,0,1,1,0,-0.0315054,0.0256907,-0.0236992,0.573891,0.514812,0.583734,0.552688,0.564121
3384,1,1,1,1,1,1,0,1,1,0,1,1,0,-0.0366927,0.0190956,-0.0370254,0.573891,0.514811,0.583734,0.563395,0.564792
3385,0,0,0,0,0,0,1,1,1,0,1,1,0,-0.054987,0.0150707,-0.0472605,0.458172,0.514146,0.422792,0.531053,0.578037
3386,1,0,0,0,0,0,1,1,1,0,1,1,0,-0.0617026,0.00629186,-0.0591927,0.458172,0.513871,0.422792,0.547138,0.568601
3387,0,1,0,0,0,0,1,1,1,0,1,1,0,-0.0377665,0.0220961,-0.03026,0.558974,0.514818,0.534106,0.546624,0.584473
3388,1,1,0,0,0,0,1,1,1,0,1,1,0,-0.0430937,0.0145335,-0.0439411,0.558974,0.514619,0.534106,0.559753,0.575801
3389,0,0,1,0,0,0,1,1,1,0,1,1,0,-0.0551486,0.0149374,-0.0425348,0.458172,0.514497,0.422792,0.540301,0.586364
3390,1,0,1,0,0,0,1,1,1,0,1,1,0,-0.0615278,0.00725354,-0.05468,0.458172,0.51435,0.422792,0.558712,0.586121
3391,0,1,1,0,0,0,1,1,1,0,1,1,0,-0.038716,0.0206194,-0.0285271,0.539785,0.514692,0.509378,0.550965,0.593889
3392,1,1,1,0,0,0,1,1,1,0,1,1,0,-0.0439033,0.0139647,-0.0418533,0.539785,0.514669,0.509378,0.56812,0.592556
3393,0,0,0,1,0,0,1,1,1,0,1,1,0,-0.0521631,0.0167403,-0.0440731,0.458172,0.51444,0.422792,0.553673,0.574979
3394,1,0,0,1,0,0,1,1,1,0,1,1,0,-0.0588788,0.00799271,-0.0560055,0.458172,0.514458,0.422792,0.553197,0.574583
3395,0,1,0,1,0,0,1,1,1,0,1,1,0,-0.034472,0.0240401,-0.0267719,0.558974,0.514695,0.534106,0.550943,0.583127
3396,1,1,0,1,0,0,1,1,1,0,1,1,0,-0.0397993,0.0165078,-0.0404531,0.558974,0.514732,0.534106,0.55123,0.583043
3397,0,0,1,1,0,0,1,1,1,0,1,1,0,-0.0527371,0.0156725,-0.0409364,0.458172,0.514641,0.422792,0.549723,0.581035
3398,1,0,1,1,0,0,1,1,1,0,1,1,0,-0.0591164,0.00803674,-0.0530817,0.458172,0.514652,0.422792,0.552675,0.581595
3399,0,1,1,1,0,0,1,1,1,0,1,1,0,-0.0362056,0.0212583,-0.0255503,0.539785,0.514692,0.509378,0.549723,0.588296
3400,1,1,1,1,0,0,1,1,1,0,1,1,0,-0.041393,0.0146445,-0.0388765,0.539785,0.514753,0.509378,0.557476,0.588831
3401,0,0,0,0,1,0,1,1,1,0,1,1,0,-0.0554783,0.0143083,-0.0507474,0.458172,0.514486,0.41305,0.549952,0.564052
3402,1,0,0,0,1,0,1,1,1,0,1,1,0,-0.062194,0.00554534,-0.0626795,0.458172,0.514459,0.41305,0.562669,0.556861
3403,0,1,0,0,1,0,1,1,1,0,1,1,0,-0.0382578,0.0213249,-0.033747,0.558974,0.514776,0.534106,0.5567,0.573239
3404,1,1,0,0,1,0,1,1,1,0,1,1,0,-0.0435851,0.0137757,-0.0474279,0.558974,0.514738,0.534106,0.571784,0.565385
3405,0,0,1,0,1,0,1,1,1,0,1,1,0,-0.0555268,0.0136914,-0.0461897,0.458172,0.51467,0.41305,0.558235,0.573754
3406,1,0,1,0,1,0,1,1,1,0,1,1,0,-0.0619061,0.00602302,-0.0583347,0.458172,0.514641,0.41305,0.570447,0.57299
3407,0,1,1,0,1,0,1,1,1,0,1,1,0,-0.0390943,0.0193702,-0.0321821,0.539785,0.514756,0.509378,0.564496,0.5816
3408,1,1,1,0,1,0,1,1,1,0,1,1,0,-0.0442816,0.0127272,-0.0455081,0.539785,0.514761,0.509378,0.577519,0.581279
3409,0,0,0,1,1,0,1,1,1,0,1,1,0,-0.0533274,0.0149535,-0.0469535,0.458172,0.51467,0.41305,0.554685,0.562037
3410,1,0,0,1,1,0,1,1,1,0,1,1,0,-0.0600431,0.006219,-0.0588857,0.458172,0.514687,0.41305,0.563057,0.560233
3411,0,1,0,1,1,0,1,1,1,0,1,1,0,-0.0356365,0.0222429,-0.0296524,0.558974,0.514781,0.534106,0.554481,0.570722
3412,1,1,0,1,1,0,1,1,1,0,1,1,0,-0.0409637,0.0147218,-0.0433334,0.558974,0.514792,0.534106,0.564409,0.569952
3413,0,0,1,1,1,0,1,1,1,0,1,1,0,-0.053583,0.0145204,-0.0437936,0.458172,0.514751,0.41305,0.558543,0.568072
3414,1,0,1,1,1,0,1,1,1,0,1,1,0,-0.0599623,0.00690011,-0.0559388,0.458172,0.514758,0.41305,0.566969,0.569048
3415,0,1,1,1,1,0,1,1,1,0,1,1,0,-0.0370517,0.0201022,-0.0284075,0.539785,0.514776,0.509378,0.560592,0.576149
3416,1,1,1,1,1,0,1,1,1,0,1,1,0,-0.042239,0.0135006,-0.0417336,0.539785,0.514797,0.509378,0.569505,0.576967
3417,0,0,0,0,0,1,1,1,1,0,1,1,0,-0.0535928,0.0170895,-0.0445489,0.470597,0.514912,0.446994,0.552728,0.560968
3418,1,0,0,0,0,1,1,1,1,0,1,1,0,-0.0603085,0.00831619,-0.0564812,0.470597,0.514545,0.446994,0.553109,0.551602
3419,1,1,0,0,0,1,1,1,1,0,1,1,0,-0.0416994,0.0165662,-0.0412294,0.5714,0.514754,0.534106,0.572396,0.559876
3420,0,0,1,0,0,1,1,1,1,0,1,1,0,-0.0537543,0.0169673,-0.0398232,0.470597,0.51483,0.446994,0.550097,0.577406
3421,1,0,1,0,0,1,1,1,1,0,1,1,0,-0.0601336,0.0092908,-0.0519684,0.470597,0.514675,0.446994,0.550097,0.569936
3422,0,1,1,0,0,1,1,1,1,0,1,1,0,-0.0373216,0.0226575,-0.0258154,0.55221,0.514809,0.509378,0.549161,0.584297
3423,1,1,1,0,0,1,1,1,1,0,1,1,0,-0.042509,0.0160082,-0.0391417,0.55221,0.514771,0.509378,0.554667,0.577155
3424,0,0,0,1,0,1,1,1,1,0,1,1,0,-0.0507827,0.0189477,-0.0407606,0.470597,0.514798,0.446994,0.550892,0.565364
3425,1,0,0,1,0,1,1,1,1,0,1,1,0,-0.0574985,0.0102059,-0.0526929,0.470597,0.514712,0.446994,0.55054,0.559111
3426,0,1,0,1,0,1,1,1,1,0,1,1,0,-0.0330915,0.0262621,-0.0234591,0.5714,0.5148,0.534106,0.549778,0.574137
3427,1,1,0,1,0,1,1,1,1,0,1,1,0,-0.0384188,0.0187335,-0.0371404,0.5714,0.514791,0.534106,0.549778,0.567493
3428,0,0,1,1,0,1,1,1,1,0,1,1,0,-0.0513567,0.0178874,-0.0376239,0.470597,0.5148,0.446994,0.550175,0.573963
3429,1,0,1,1,0,1,1,1,1,0,1,1,0,-0.0577361,0.0102593,-0.0497692,0.470597,0.514768,0.446994,0.550175,0.573745
3430,0,1,1,1,0,1,1,1,1,0,1,1,0,-0.0348252,0.0234831,-0.0222375,0.55221,0.514788,0.509378,0.544567,0.581232
3431,1,1,1,1,0,1,1,1,1,0,1,1,0,-0.0400126,0.0168747,-0.0355638,0.55221,0.514799,0.509378,0.548298,0.581265
3432,0,0,0,0,1,1,1,1,1,0,1,1,0,-0.0523931,0.0167852,-0.0470045,0.470597,0.514742,0.437252,0.550817,0.546927
3433,1,0,0,0,1,1,1,1,1,0,1,1,0,-0.0591088,0.00802999,-0.0589367,0.470597,0.514687,0.437252,0.555872,0.539217
3434,0,1,0,0,1,1,1,1,1,0,1,1,0,-0.0351723,0.0238101,-0.030004,0.5714,0.514807,0.534106,0.570509,0.556578
3435,1,1,0,0,1,1,1,1,1,0,1,1,0,-0.0404995,0.0162659,-0.043685,0.5714,0.514785,0.534106,0.578765,0.5476
3436,0,0,1,0,1,1,1,1,1,0,1,1,0,-0.0524415,0.0161765,-0.0424468,0.470597,0.514783,0.437252,0.550151,0.563419
3437,1,0,1,0,1,1,1,1,1,0,1,1,0,-0.0588208,0.00851585,-0.0545919,0.470597,0.514754,0.437252,0.561392,0.557773
3438,0,1,1,0,1,1,1,1,1,0,1,1,0,-0.0360087,0.0218616,-0.0284391,0.55221,0.514801,0.509378,0.548189,0.572068
3439,1,1,1,0,1,1,1,1,1,0,1,1,0,-0.041196,0.0152241,-0.0417652,0.55221,0.514797,0.509378,0.562618,0.566222
3440,0,0,0,1,1,1,1,1,1,0,1,1,0,-0.0504763,0.0177192,-0.0423758,0.470597,0.514777,0.437252,0.550125,0.551995
3441,1,0,0,1,1,1,1,1,1,0,1,1,0,-0.0571921,0.00899025,-0.0543081,0.470597,0.514769,0.437252,0.555322,0.545498
3442,0,1,0,1,1,1,1,1,1,0,1,1,0,-0.032785,0.0250204,-0.0250745,0.5714,0.514805,0.534106,0.549472,0.560013
3443,1,1,0,1,1,1,1,1,1,0,1,1,0,-0.0381122,0.0175018,-0.0387557,0.5714,0.514807,0.534106,0.554375,0.555257
3444,0,0,1,1,1,1,1,1,1,0,1,1,0,-0.0507318,0.0172918,-0.0392159,0.470597,0.5148,0.437252,0.550035,0.561499
3445,1,0,1,1,1,1,1,1,1,0,1,1,0,-0.0571111,0.00967605,-0.0513611,0.470597,0.514797,0.437252,0.558595,0.559623
3446,0,1,1,1,1,1,1,1,1,0,1,1,0,-0.0342002,0.0228814,-0.0238297,0.55221,0.514806,0.509378,0.548034,0.569255
3447,1,1,1,1,1,1,1,1,1,0,1,1,0,-0.0393875,0.0162821,-0.0371559,0.55221,0.514811,0.509378,0.55731,0.56848
3448,0,0,0,0,0,0,0,0,0,1,1,1,0,-0.0625256,0.0105937,-0.0599972,0.480709,0.488544,0.488513,0.474522,0.541609
3449,1,0,0,0,0,0,0,0,0,1,1,1,0,-0.0692412,0.00182905,-0.0719291,0.480709,0.49437,0.488513,0.479233,0.526356
3450,0,1,0,0,0,0,0,0,0,1,1,1,0,-0.0453047,0.0176161,-0.0429973,0.581831,0.508785,0.588538,0.501383,0.549011
3451,1,1,0,0,0,0,0,0,0,1,1,1,0,-0.0506319,0.0100688,-0.0566779,0.581831,0.509028,0.588538,0.524413,0.535803
3452,0,0,1,0,0,0,0,0,0,1,1,1,0,-0.0626871,0.0104576,-0.0552716,0.480709,0.504795,0.488513,0.481999,0.557934
3453,1,0,1,0,0,0,0,0,0,1,1,1,0,-0.0690664,0.00279154,-0.0674165,0.480709,0.506469,0.488513,0.504096,0.550909
3454,0,1,1,0,0,0,0,0,0,1,1,1,0,-0.0462542,0.0161387,-0.0412644,0.562641,0.51193,0.56381,0.502393,0.566812
3455,1,1,1,0,0,0,0,0,0,1,1,1,0,-0.0514415,0.00950172,-0.0545902,0.562641,0.512217,0.56381,0.525859,0.55857
3456,0,0,0,1,0,0,0,0,0,1,1,1,0,-0.0597017,0.0122946,-0.0568101,0.480709,0.504717,0.488513,0.526476,0.543672
3457,1,0,0,1,0,0,0,0,0,1,1,1,0,-0.0664174,0.00356111,-0.068742,0.480709,0.508385,0.488513,0.526476,0.5367
3458,0,1,0,1,0,0,0,0,0,1,1,1,0,-0.0420102,0.0195877,-0.0395094,0.581831,0.512653,0.588538,0.524605,0.553697
3459,1,1,0,1,0,0,0,0,0,1,1,1,0,-0.0473374,0.0120707,-0.0531901,0.581831,0.513294,0.588538,0.524918,0.547891
3460,0,0,1,1,0,0,0,0,0,1,1,1,0,-0.0602757,0.0112201,-0.0536735,0.480709,0.510937,0.488513,0.529541,0.553414
3461,1,0,1,1,0,0,0,0,0,1,1,1,0,-0.066655,0.00360213,-0.0658184,0.480709,0.51223,0.488513,0.533213,0.553243
3462,0,1,1,1,0,0,0,0,0,1,1,1,0,-0.0437439,0.0168019,-0.0382877,0.562641,0.513658,0.56381,0.529989,0.562612
3463,1,1,1,1,0,0,0,0,0,1,1,1,0,-0.0489312,0.0102057,-0.0516136,0.562641,0.514085,0.56381,0.539814,0.562436
3464,0,0,0,0,1,0,0,0,0,1,1,1,0,-0.0625563,0.0103322,-0.0636884,0.480709,0.50378,0.478771,0.484678,0.521843
3465,1,0,0,0,1,0,0,0,0,1,1,1,0,-0.0692719,0.00158245,-0.0756201,0.480709,0.506938,0.478771,0.495986,0.518193
3466,0,1,0,0,1,0,0,0,0,1,1,1,0,-0.0453354,0.0173459,-0.0466886,0.581831,0.512184,0.588538,0.507889,0.532664
3467,1,1,0,0,1,0,0,0,0,1,1,1,0,-0.0506626,0.00981168,-0.060369,0.581831,0.51259,0.588538,0.525378,0.526257
3468,0,0,1,0,1,0,0,0,0,1,1,1,0,-0.0626047,0.00970837,-0.0591307,0.480709,0.510627,0.478771,0.510963,0.541084
3469,1,0,1,0,1,0,0,0,0,1,1,1,0,-0.068984,0.0020569,-0.0712754,0.480709,0.511606,0.478771,0.518695,0.533223
3470,0,1,1,0,1,0,0,0,0,1,1,1,0,-0.0461718,0.0153866,-0.0451236,0.562641,0.513607,0.56381,0.529016,0.550969
3471,1,1,1,0,1,0,0,0,0,1,1,1,0,-0.051359,0.00876082,-0.0584492,0.562641,0.513823,0.56381,0.544764,0.545307
3472,1,0,0,1,1,0,0,0,0,1,1,1,0,-0.067121,0.00229294,-0.0718265,0.480709,0.512316,0.478771,0.513378,0.520605
3473,0,1,0,1,1,0,0,0,0,1,1,1,0,-0.0427139,0.0182969,-0.0425941,0.581831,0.513984,0.588538,0.524563,0.536888
3474,1,1,0,1,1,0,0,0,0,1,1,1,0,-0.0480411,0.0107906,-0.0562747,0.581831,0.514254,0.588538,0.53145,0.528364
3475,0,0,1,1,1,0,0,0,0,1,1,1,0,-0.0606608,0.0105722,-0.0567349,0.480709,0.513229,0.478771,0.527634,0.537699
3476,1,0,1,1,1,0,0,0,0,1,1,1,0,-0.0670402,0.00296875,-0.0688797,0.480709,0.513815,0.478771,0.526677,0.536817
3477,0,1,1,1,1,0,0,0,0,1,1,1,0,-0.0441291,0.01615,-0.0413492,0.562641,0.514381,0.56381,0.53891,0.547602
3478,1,1,1,1,1,0,0,0,0,1,1,1,0,-0.0493164,0.00956564,-0.0546749,0.562641,0.514548,0.56381,0.542398,0.546608
3479,0,0,0,0,0,1,0,0,0,1,1,1,0,-0.0626886,0.0129883,-0.0577492,0.493134,0.508832,0.525588,0.521688,0.522804
3480,1,0,0,0,0,1,0,0,0,1,1,1,0,-0.0694042,0.00422824,-0.0696812,0.493134,0.508115,0.525588,0.525333,0.527722
3481,1,1,0,0,0,1,0,0,0,1,1,1,0,-0.0507949,0.012475,-0.0544298,0.594256,0.512747,0.601412,0.536644,0.529634
3482,0,0,1,0,0,1,0,0,0,1,1,1,0,-0.06285,0.0128648,-0.0530236,0.493134,0.512503,0.525588,0.525039,0.539571
3483,1,0,1,0,0,1,0,0,0,1,1,1,0,-0.0692294,0.00520613,-0.0651685,0.493134,0.512051,0.525588,0.525289,0.529564
3484,0,1,1,0,0,1,0,0,0,1,1,1,0,-0.0464172,0.0185523,-0.0390163,0.575066,0.514053,0.576684,0.522724,0.548554
3485,1,1,1,0,0,1,0,0,0,1,1,1,0,-0.0516045,0.0119208,-0.0523421,0.575066,0.513897,0.576684,0.536958,0.536153
3486,0,0,0,1,0,1,0,0,0,1,1,1,0,-0.0598786,0.0148803,-0.053961,0.493134,0.512004,0.525588,0.531326,0.524145
3487,1,0,0,1,0,1,0,0,0,1,1,1,0,-0.0665943,0.00615177,-0.0658931,0.493134,0.512618,0.525588,0.530069,0.522158
3488,0,1,0,1,0,1,0,0,0,1,1,1,0,-0.0421871,0.0221863,-0.0366602,0.594256,0.514056,0.601412,0.529848,0.534051
3489,1,1,0,1,0,1,0,0,0,1,1,1,0,-0.0475143,0.0146723,-0.050341,0.594256,0.51421,0.601412,0.528462,0.528248
3490,0,0,1,1,0,1,0,0,0,1,1,1,0,-0.0604525,0.013815,-0.0508244,0.493134,0.513732,0.525588,0.525169,0.541902
3491,1,0,1,1,0,1,0,0,0,1,1,1,0,-0.0668319,0.00620473,-0.0629694,0.493134,0.513931,0.525588,0.524846,0.534165
3492,0,1,1,1,0,1,0,0,0,1,1,1,0,-0.0439208,0.019405,-0.0354385,0.575066,0.514425,0.576684,0.526641,0.551329
3493,1,1,1,1,0,1,0,0,0,1,1,1,0,-0.0491082,0.0128144,-0.0487644,0.575066,0.514539,0.576684,0.531265,0.545889
3494,0,0,0,0,1,1,0,0,0,1,1,1,0,-0.060094,0.0129644,-0.0605985,0.493134,0.511692,0.515846,0.541178,0.528057
3495,1,0,0,0,1,1,0,0,0,1,1,1,0,-0.0668097,0.00422201,-0.0725303,0.493134,0.512079,0.515846,0.525215,0.537607
3496,0,1,0,0,1,1,0,0,0,1,1,1,0,-0.0428728,0.019984,-0.0435985,0.594256,0.514,0.601412,0.542048,0.526924
3497,1,1,0,0,1,1,0,0,0,1,1,1,0,-0.0481999,0.0124543,-0.057279,0.594256,0.513987,0.601412,0.549937,0.535608
3498,0,0,1,0,1,1,0,0,0,1,1,1,0,-0.0601423,0.0123504,-0.0560409,0.493134,0.513627,0.515846,0.539806,0.52424
3499,1,0,1,0,1,1,0,0,0,1,1,1,0,-0.0665217,0.00470703,-0.0681856,0.493134,0.513696,0.515846,0.531924,0.528101
3500,0,1,1,0,1,1,0,0,0,1,1,1,0,-0.0437091,0.0180325,-0.0420336,0.575066,0.514443,0.576684,0.534796,0.531428
3501,1,1,1,0,1,1,0,0,0,1,1,1,0,-0.0488964,0.0114124,-0.0553593,0.575066,0.514453,0.576684,0.544102,0.528871
3502,0,0,0,1,1,1,0,0,0,1,1,1,0,-0.0581772,0.0139355,-0.0559699,0.493134,0.513356,0.515846,0.538064,0.524376
3503,1,0,0,1,1,1,0,0,0,1,1,1,0,-0.064893,0.00521931,-0.0679019,0.493134,0.513865,0.515846,0.524415,0.534159
3504,0,1,0,1,1,1,0,0,0,1,1,1,0,-0.0404854,0.0212276,-0.0386693,0.594256,0.514444,0.601412,0.538771,0.523927
3505,1,1,0,1,1,1,0,0,0,1,1,1,0,-0.0458126,0.0137234,-0.0523499,0.594256,0.514565,0.601412,0.538771,0.53309
3506,0,0,1,1,1,1,0,0,0,1,1,1,0,-0.0584325,0.0135009,-0.0528102,0.493134,0.514263,0.515846,0.539858,0.528728
3507,1,0,1,1,1,1,0,0,0,1,1,1,0,-0.064812,0.00590243,-0.064955,0.493134,0.514439,0.515846,0.537126,0.525891
3508,0,1,1,1,1,1,0,0,0,1,1,1,0,-0.0419006,0.0190843,-0.0374244,0.575066,0.514641,0.576684,0.533869,0.53681
3509,1,1,1,1,1,1,0,0,0,1,1,1,0,-0.0470879,0.0125024,-0.0507502,0.575066,0.514705,0.576684,0.534318,0.5329
3510,0,0,0,0,0,0,1,0,0,1,1,1,0,-0.0640683,0.00928185,-0.0601726,0.458172,0.503265,0.407193,0.500791,0.537028
3511,1,0,0,0,0,0,1,0,0,1,1,1,0,-0.0707838,0.000513696,-0.0721046,0.458172,0.506529,0.407193,0.513454,0.532409
3512,0,1,0,0,0,0,1,0,0,1,1,1,0,-0.0468475,0.0163081,-0.0431726,0.567939,0.511334,0.514183,0.512173,0.545826
3513,1,1,0,0,0,0,1,0,0,1,1,1,0,-0.0521747,0.00875832,-0.0568532,0.567939,0.512178,0.514183,0.525577,0.538066
3514,0,0,1,0,0,0,1,0,0,1,1,1,0,-0.0642298,0.00915298,-0.055447,0.458172,0.510429,0.407193,0.498634,0.557813
3515,1,0,1,0,0,0,1,0,0,1,1,1,0,-0.0706091,0.00148437,-0.0675919,0.458172,0.51144,0.407193,0.511606,0.547773
3516,0,1,1,0,0,0,1,0,0,1,1,1,0,-0.047797,0.0148363,-0.0414397,0.548749,0.513287,0.489455,0.505364,0.5643
3517,1,1,1,0,0,0,1,0,0,1,1,1,0,-0.0529843,0.00819798,-0.0547655,0.548749,0.513663,0.489455,0.525838,0.555038
3518,0,0,0,1,0,0,1,0,0,1,1,1,0,-0.0612444,0.0109677,-0.0569854,0.458172,0.510543,0.407193,0.544538,0.54532
3519,1,0,0,1,0,0,1,0,0,1,1,1,0,-0.06796,0.00223063,-0.0689175,0.458172,0.512151,0.407193,0.544538,0.533435
3520,0,1,0,1,0,0,1,0,0,1,1,1,0,-0.043553,0.0182648,-0.0396847,0.567939,0.513535,0.514183,0.539595,0.554484
3521,1,1,0,1,0,0,1,0,0,1,1,1,0,-0.0488803,0.0107453,-0.0533654,0.567939,0.514031,0.514183,0.539595,0.543839
3522,0,0,1,1,0,0,1,0,0,1,1,1,0,-0.0618184,0.0099049,-0.0538488,0.458172,0.513183,0.407193,0.532609,0.558556
3523,1,0,1,1,0,0,1,0,0,1,1,1,0,-0.0681977,0.00228433,-0.0659939,0.458172,0.513751,0.407193,0.532609,0.554236
3524,0,1,1,1,0,0,1,0,0,1,1,1,0,-0.0452867,0.0154898,-0.0384629,0.548749,0.514213,0.489455,0.525271,0.566739
3525,1,1,1,1,0,0,1,0,0,1,1,1,0,-0.0504741,0.00889241,-0.0517888,0.548749,0.514464,0.489455,0.529493,0.563008
3526,0,0,0,0,1,0,1,0,0,1,1,1,0,-0.0645594,0.00849042,-0.0636595,0.458172,0.509173,0.39745,0.525875,0.52475
3527,1,0,0,0,1,0,1,0,0,1,1,1,0,-0.071275,-0.000261833,-0.0755913,0.458172,0.51131,0.39745,0.539041,0.527578
3528,0,1,0,0,1,0,1,0,0,1,1,1,0,-0.0473388,0.0155077,-0.0466596,0.567939,0.513069,0.514183,0.535392,0.531661
3529,1,1,0,0,1,0,1,0,0,1,1,1,0,-0.0526659,0.0079714,-0.06034,0.567939,0.513695,0.514183,0.564331,0.532243
3530,0,0,1,0,1,0,1,0,0,1,1,1,0,-0.0646078,0.00787835,-0.0591018,0.458172,0.512691,0.39745,0.531812,0.541796
3531,1,0,1,0,1,0,1,0,0,1,1,1,0,-0.0709872,0.000225219,-0.0712466,0.458172,0.513404,0.39745,0.549454,0.532083
3532,0,1,1,0,1,0,1,0,0,1,1,1,0,-0.0481752,0.0135584,-0.0450946,0.548749,0.514084,0.489455,0.539935,0.551575
3533,1,1,1,0,1,0,1,0,0,1,1,1,0,-0.0533624,0.00693182,-0.0584203,0.548749,0.514337,0.489455,0.556267,0.54065
3534,0,1,0,1,1,0,1,0,0,1,1,1,0,-0.0447173,0.0164405,-0.0425651,0.567939,0.514248,0.514183,0.543309,0.536409
3535,1,1,0,1,1,0,1,0,0,1,1,1,0,-0.0500445,0.00893213,-0.0562456,0.567939,0.514497,0.514183,0.552424,0.531165
3536,0,0,1,1,1,0,1,0,0,1,1,1,0,-0.062664,0.00872516,-0.0567059,0.458172,0.514068,0.39745,0.540306,0.543364
3537,1,0,1,1,1,0,1,0,0,1,1,1,0,-0.0690433,0.00112003,-0.0688508,0.458172,0.514375,0.39745,0.537648,0.538234
3538,0,1,1,1,1,0,1,0,0,1,1,1,0,-0.0461326,0.0143059,-0.0413202,0.548749,0.514561,0.489455,0.536175,0.551644
3539,1,1,1,1,1,0,1,0,0,1,1,1,0,-0.0513198,0.00772074,-0.0546459,0.548749,0.514677,0.489455,0.543387,0.547847
3540,0,0,0,0,0,1,1,0,0,1,1,1,0,-0.0631913,0.0108491,-0.0585789,0.470597,0.511775,0.444268,0.536399,0.529115
3541,1,0,0,0,0,1,1,0,0,1,1,1,0,-0.0699068,0.00208568,-0.070511,0.470597,0.512006,0.444268,0.53466,0.534642
3542,0,1,0,0,0,1,1,0,0,1,1,1,0,-0.0459705,0.0178832,-0.0415787,0.580364,0.513794,0.527057,0.528709,0.535734
3543,1,1,0,0,0,1,1,0,0,1,1,1,0,-0.0512977,0.0103359,-0.0552595,0.580364,0.513866,0.527057,0.528709,0.534859
3544,0,0,1,0,0,1,1,0,0,1,1,1,0,-0.0633528,0.0107288,-0.0538532,0.470597,0.513655,0.444268,0.527718,0.535714
3545,1,0,1,0,0,1,1,0,0,1,1,1,0,-0.0697321,0.00306539,-0.0659982,0.470597,0.513664,0.444268,0.525334,0.535453
3546,0,1,1,0,0,1,1,0,0,1,1,1,0,-0.04692,0.0164188,-0.0398458,0.561174,0.514365,0.502329,0.519468,0.544476
3547,1,1,1,0,0,1,1,0,0,1,1,1,0,-0.0521073,0.00978374,-0.0531717,0.561174,0.514406,0.502329,0.519921,0.540445
3548,0,0,0,1,0,1,1,0,0,1,1,1,0,-0.0603813,0.0127245,-0.0547906,0.470597,0.513515,0.444268,0.546788,0.528109
3549,1,0,0,1,0,1,1,0,0,1,1,1,0,-0.0670969,0.00399266,-0.0667228,0.470597,0.513872,0.444268,0.544985,0.53128
3550,0,1,0,1,0,1,1,0,0,1,1,1,0,-0.0426899,0.0200338,-0.0374898,0.580364,0.514363,0.527057,0.540588,0.533503
3551,1,1,0,1,0,1,1,0,0,1,1,1,0,-0.0480171,0.0125168,-0.0511705,0.580364,0.514512,0.527057,0.540588,0.534055
3552,0,0,1,1,0,1,1,0,0,1,1,1,0,-0.0609552,0.0116656,-0.051654,0.470597,0.51432,0.444268,0.539817,0.542118
3553,1,0,1,1,0,1,1,0,0,1,1,1,0,-0.0673346,0.00405053,-0.0637991,0.470597,0.51444,0.444268,0.539553,0.533954
3554,0,1,1,1,0,1,1,0,0,1,1,1,0,-0.0444236,0.0172584,-0.036268,0.561174,0.51461,0.502329,0.5318,0.552237
3555,1,1,1,1,0,1,1,0,0,1,1,1,0,-0.049611,0.0106643,-0.049594,0.561174,0.514685,0.502329,0.5318,0.541847
3556,0,0,0,0,1,1,1,0,0,1,1,1,0,-0.0619915,0.0105148,-0.0610344,0.470597,0.512792,0.434526,0.540475,0.53753
3557,1,0,0,0,1,1,1,0,0,1,1,1,0,-0.0687071,0.00176959,-0.0729663,0.470597,0.513475,0.434526,0.535778,0.54547
3558,0,1,0,0,1,1,1,0,0,1,1,1,0,-0.0447705,0.017538,-0.0440344,0.580364,0.51414,0.527057,0.537314,0.535067
3559,1,1,0,0,1,1,1,0,0,1,1,1,0,-0.0500977,0.0100056,-0.0577149,0.580364,0.514367,0.527057,0.537314,0.542104
3560,0,0,1,0,1,1,1,0,0,1,1,1,0,-0.0620398,0.0099078,-0.0564767,0.470597,0.514057,0.434526,0.53399,0.530436
3561,1,0,1,0,1,1,1,0,0,1,1,1,0,-0.0684192,0.00226029,-0.0686216,0.470597,0.514279,0.434526,0.53399,0.536646
3562,0,1,1,0,1,1,1,0,0,1,1,1,0,-0.0456069,0.0155927,-0.0424695,0.561174,0.514542,0.502329,0.52928,0.534966
3563,1,1,1,0,1,1,1,0,0,1,1,1,0,-0.0507942,0.00896948,-0.0557952,0.561174,0.514629,0.502329,0.53349,0.53517
3564,0,0,0,1,1,1,1,0,0,1,1,1,0,-0.0600747,0.0114672,-0.0564058,0.470597,0.514004,0.434526,0.548085,0.535499
3565,1,0,0,1,1,1,1,0,0,1,1,1,0,-0.0667904,0.00274825,-0.0683379,0.470597,0.514352,0.434526,0.53916,0.543727
3566,0,1,0,1,1,1,1,0,0,1,1,1,0,-0.0423832,0.0187633,-0.0391051,0.580364,0.514552,0.527057,0.544084,0.533889
3567,1,1,0,1,1,1,1,0,0,1,1,1,0,-0.0477104,0.0112564,-0.0527857,0.580364,0.514672,0.527057,0.544084,0.541556
3568,0,0,1,1,1,1,1,0,0,1,1,1,0,-0.0603301,0.0110399,-0.0532461,0.470597,0.514513,0.434526,0.541866,0.532635
3569,1,0,1,1,1,1,1,0,0,1,1,1,0,-0.0667095,0.00343727,-0.065391,0.470597,0.514636,0.434526,0.541866,0.535367
3570,0,1,1,1,1,1,1,0,0,1,1,1,0,-0.0437984,0.0166266,-0.0378602,0.561174,0.514706,0.502329,0.536575,0.539315
3571,1,1,1,1,1,1,1,0,0,1,1,1,0,-0.0489857,0.0100415,-0.051186,0.561174,0.514757,0.502329,0.536575,0.537094
3572,0,0,0,0,0,0,0,1,0,1,1,1,0,-0.0595397,0.0133807,-0.058642,0.488499,0.505394,0.488513,0.51349,0.557194
3573,1,0,0,0,0,0,0,1,0,1,1,1,0,-0.0662551,0.00460922,-0.0705738,0.488499,0.507456,0.488513,0.513325,0.548301
3574,0,1,0,0,0,0,0,1,0,1,1,1,0,-0.0423191,0.0203945,-0.0416421,0.58962,0.512835,0.59355,0.531896,0.566259
3575,1,1,0,0,0,0,0,1,0,1,1,1,0,-0.0476462,0.0128398,-0.0553227,0.58962,0.512807,0.59355,0.545155,0.556472
3576,0,0,1,0,0,0,0,1,0,1,1,1,0,-0.0597012,0.0132402,-0.0539164,0.488499,0.511222,0.488513,0.520837,0.568559
3577,1,0,1,0,0,0,0,1,0,1,1,1,0,-0.0660803,0.00556238,-0.0660612,0.488499,0.511808,0.488513,0.536373,0.566444
3578,0,1,1,0,0,0,0,1,0,1,1,1,0,-0.0432685,0.0189145,-0.0399092,0.57043,0.513845,0.568823,0.533879,0.576997
3579,1,1,1,0,0,0,0,1,0,1,1,1,0,-0.0484557,0.0122664,-0.053235,0.57043,0.513907,0.568823,0.547412,0.57526
3580,0,0,0,1,0,0,0,1,0,1,1,1,0,-0.0567157,0.0150679,-0.0554548,0.488499,0.511202,0.488513,0.53991,0.555678
3581,1,0,0,1,0,0,0,1,0,1,1,1,0,-0.0634312,0.0063276,-0.0673867,0.488499,0.51252,0.488513,0.534061,0.55298
3582,0,1,0,1,0,0,0,1,0,1,1,1,0,-0.0390246,0.0223534,-0.0381542,0.58962,0.514127,0.59355,0.537799,0.565131
3583,1,1,0,1,0,0,0,1,0,1,1,1,0,-0.0443517,0.0148291,-0.0518349,0.58962,0.514312,0.59355,0.539939,0.56299
3584,0,0,1,1,0,0,0,1,0,1,1,1,0,-0.0572897,0.0139873,-0.0523182,0.488499,0.513428,0.488513,0.537618,0.562755
3585,1,0,1,1,0,0,0,1,0,1,1,1,0,-0.0636689,0.00635764,-0.0644631,0.488499,0.513893,0.488513,0.533904,0.563339
3586,0,1,1,1,0,0,0,1,0,1,1,1,0,-0.0407582,0.0195632,-0.0369325,0.57043,0.514431,0.568823,0.539235,0.571514
3587,1,1,1,1,0,0,0,1,0,1,1,1,0,-0.0459455,0.0129561,-0.0502584,0.57043,0.51457,0.568823,0.550763,0.571895
3588,0,0,0,0,1,0,0,1,0,1,1,1,0,-0.0595704,0.0131347,-0.0623331,0.488499,0.510845,0.478771,0.530105,0.541393
3589,1,0,0,0,1,0,0,1,0,1,1,1,0,-0.0662859,0.00437801,-0.0742647,0.488499,0.511978,0.478771,0.531122,0.531757
3590,0,1,0,0,1,0,0,1,0,1,1,1,0,-0.0423498,0.0201398,-0.0453333,0.58962,0.513931,0.59355,0.549748,0.551672
3591,1,1,0,0,1,0,0,1,0,1,1,1,0,-0.0476769,0.0125981,-0.0590137,0.58962,0.51404,0.59355,0.551268,0.543333
3592,0,0,1,0,1,0,0,1,0,1,1,1,0,-0.0596188,0.0125057,-0.0577754,0.488499,0.51331,0.478771,0.546259,0.554535
3593,1,0,1,0,1,0,0,1,0,1,1,1,0,-0.065998,0.00484245,-0.0699201,0.488499,0.51366,0.478771,0.546309,0.551287
3594,0,1,1,0,1,0,0,1,0,1,1,1,0,-0.0431862,0.0181771,-0.0437684,0.57043,0.514404,0.568823,0.559153,0.563637
3595,1,1,1,0,1,0,0,1,0,1,1,1,0,-0.0483733,0.0115403,-0.057094,0.57043,0.514469,0.568823,0.561748,0.561121
3596,0,0,0,1,1,0,0,1,0,1,1,1,0,-0.0574194,0.0138035,-0.0585394,0.488499,0.513323,0.478771,0.523097,0.541783
3597,1,0,0,1,1,0,0,1,0,1,1,1,0,-0.064135,0.00507533,-0.0704712,0.488499,0.513923,0.478771,0.523091,0.538588
3598,0,1,0,1,1,0,0,1,0,1,1,1,0,-0.0397284,0.0210787,-0.0412389,0.58962,0.514547,0.59355,0.536419,0.551118
3599,1,1,0,1,1,0,0,1,0,1,1,1,0,-0.0450554,0.013565,-0.0549194,0.58962,0.51463,0.59355,0.541338,0.547877
3600,0,0,1,1,1,0,0,1,0,1,1,1,0,-0.0576749,0.0133552,-0.0553796,0.488499,0.514247,0.478771,0.529779,0.548109
3601,1,0,1,1,1,0,0,1,0,1,1,1,0,-0.0640541,0.00574014,-0.0675244,0.488499,0.51446,0.478771,0.530776,0.549171
3602,0,1,1,1,1,0,0,1,0,1,1,1,0,-0.0411435,0.0189273,-0.039994,0.57043,0.514671,0.568823,0.538043,0.557435
3603,1,1,1,1,1,0,0,1,0,1,1,1,0,-0.0463307,0.0123319,-0.0533197,0.57043,0.514727,0.568823,0.542733,0.558392
3604,0,0,0,0,0,1,0,1,0,1,1,1,0,-0.0595839,0.0158623,-0.0551297,0.500924,0.512703,0.525588,0.53329,0.5378
3605,1,0,0,0,0,1,0,1,0,1,1,1,0,-0.0662993,0.00709648,-0.0670616,0.500924,0.512411,0.525588,0.521685,0.532067
3606,0,1,0,0,0,1,0,1,0,1,1,1,0,-0.0423632,0.0228863,-0.0381296,0.602045,0.514337,0.606424,0.531737,0.547991
3607,1,1,0,0,0,1,0,1,0,1,1,1,0,-0.0476903,0.0153356,-0.0518103,0.602045,0.514098,0.606424,0.539938,0.537847
3608,0,0,1,0,0,1,0,1,0,1,1,1,0,-0.0597453,0.0157352,-0.050404,0.500924,0.514,0.525588,0.533341,0.556719
3609,1,0,1,0,0,1,0,1,0,1,1,1,0,-0.0661245,0.00806656,-0.0625489,0.500924,0.513823,0.525588,0.533666,0.549509
3610,0,1,1,0,0,1,0,1,0,1,1,1,0,-0.0433127,0.021417,-0.0363967,0.582855,0.514567,0.581696,0.533104,0.565517
3611,1,1,1,0,0,1,0,1,0,1,1,1,0,-0.0484999,0.0147762,-0.0497226,0.582855,0.514496,0.581696,0.54717,0.557678
3612,0,0,0,1,0,1,0,1,0,1,1,1,0,-0.0567738,0.0177432,-0.0513415,0.500924,0.513819,0.525588,0.538114,0.542995
3613,1,0,0,1,0,1,0,1,0,1,1,1,0,-0.0634894,0.00900899,-0.0632735,0.500924,0.514034,0.525588,0.537358,0.534157
3614,0,1,0,1,0,1,0,1,0,1,1,1,0,-0.0390826,0.0250431,-0.0340406,0.602045,0.514574,0.606424,0.535159,0.552831
3615,1,1,0,1,0,1,0,1,0,1,1,1,0,-0.0444097,0.017523,-0.0477214,0.602045,0.514614,0.606424,0.535159,0.545406
3616,0,0,1,1,0,1,0,1,0,1,1,1,0,-0.0573477,0.0166729,-0.0482049,0.500924,0.514433,0.525588,0.534901,0.555181
3617,1,0,1,1,0,1,0,1,0,1,1,1,0,-0.063727,0.00905268,-0.0603499,0.500924,0.514502,0.525588,0.534586,0.552306
3618,0,1,1,1,0,1,0,1,0,1,1,1,0,-0.0408162,0.0222581,-0.0328189,0.582855,0.514688,0.581696,0.532771,0.563632
3619,1,1,1,1,0,1,0,1,0,1,1,1,0,-0.0460035,0.0156583,-0.0461449,0.582855,0.514723,0.581696,0.540252,0.561666
3620,0,0,0,0,1,1,0,1,0,1,1,1,0,-0.0569893,0.015852,-0.057979,0.500924,0.5137,0.515846,0.532636,0.527224
3621,1,0,0,0,1,1,0,1,0,1,1,1,0,-0.0637048,0.00710374,-0.0699107,0.500924,0.513833,0.515846,0.524992,0.53108
3622,0,1,0,0,1,1,0,1,0,1,1,1,0,-0.0397683,0.0228646,-0.0409789,0.602045,0.514546,0.606424,0.541324,0.532815
3623,1,1,0,0,1,1,0,1,0,1,1,1,0,-0.0450954,0.0153286,-0.0546595,0.602045,0.514528,0.606424,0.54282,0.532878
3624,0,0,1,0,1,1,0,1,0,1,1,1,0,-0.0570376,0.0152339,-0.0534213,0.500924,0.514393,0.515846,0.545711,0.5414
3625,1,0,1,0,1,1,0,1,0,1,1,1,0,-0.0634168,0.00758051,-0.065566,0.500924,0.514414,0.515846,0.540129,0.535855
3626,0,1,1,0,1,1,0,1,0,1,1,1,0,-0.0406046,0.0209104,-0.0394141,0.582855,0.514692,0.581696,0.540642,0.5506
3627,1,1,1,0,1,1,0,1,0,1,1,1,0,-0.0457918,0.014281,-0.0527398,0.582855,0.51469,0.581696,0.557872,0.542755
3628,0,0,0,1,1,1,0,1,0,1,1,1,0,-0.0550724,0.0168122,-0.0533505,0.500924,0.514294,0.515846,0.528221,0.531967
3629,1,0,0,1,1,1,0,1,0,1,1,1,0,-0.061788,0.00809021,-0.0652824,0.500924,0.514477,0.515846,0.519401,0.528705
3630,0,1,0,1,1,1,0,1,0,1,1,1,0,-0.0373809,0.0240982,-0.0360497,0.602045,0.514693,0.606424,0.538777,0.539272
3631,1,1,0,1,1,1,0,1,0,1,1,1,0,-0.042708,0.0165877,-0.0497304,0.602045,0.514732,0.606424,0.533225,0.535851
3632,0,0,1,1,1,1,0,1,0,1,1,1,0,-0.0553278,0.0163733,-0.0501907,0.500924,0.51462,0.515846,0.538387,0.546015
3633,1,0,1,1,1,1,0,1,0,1,1,1,0,-0.061707,0.0087648,-0.0623355,0.500924,0.514683,0.515846,0.534052,0.540761
3634,0,1,1,1,1,1,0,1,0,1,1,1,0,-0.038796,0.021952,-0.0348048,0.582855,0.514758,0.581696,0.537459,0.552642
3635,1,1,1,1,1,1,0,1,0,1,1,1,0,-0.0439833,0.0153607,-0.0481307,0.582855,0.51478,0.581696,0.54601,0.550124
3636,0,0,0,0,0,0,1,1,0,1,1,1,0,-0.0617893,0.0111843,-0.0583264,0.458172,0.510659,0.407193,0.542305,0.556766
3637,1,0,0,0,0,0,1,1,0,1,1,1,0,-0.0685047,0.00240944,-0.0702583,0.458172,0.511833,0.407193,0.545141,0.546712
3638,0,1,0,0,0,0,1,1,0,1,1,1,0,-0.0445689,0.0182023,-0.0413263,0.567939,0.51362,0.519195,0.545401,0.563751
3639,1,1,0,0,0,0,1,1,0,1,1,1,0,-0.049896,0.0106454,-0.055007,0.567939,0.513891,0.519195,0.550224,0.554546
3640,0,0,1,0,0,0,1,1,0,1,1,1,0,-0.0619509,0.0110512,-0.0536007,0.458172,0.513238,0.407193,0.531747,0.572191
3641,1,0,1,0,0,0,1,1,0,1,1,1,0,-0.06833,0.00337168,-0.0657456,0.458172,0.5136,0.407193,0.531747,0.565417
3642,0,1,1,0,0,0,1,1,0,1,1,1,0,-0.0455184,0.0167279,-0.0395934,0.548749,0.514287,0.494467,0.527445,0.579644
3643,1,1,1,0,0,0,1,1,0,1,1,1,0,-0.0507056,0.0100795,-0.0529192,0.548749,0.51441,0.494467,0.537465,0.572363
3644,1,0,0,1,0,0,1,1,0,1,1,1,0,-0.0656809,0.00411594,-0.0670712,0.458172,0.513865,0.407193,0.550322,0.554986
3645,0,1,0,1,0,0,1,1,0,1,1,1,0,-0.0412744,0.0201494,-0.0378384,0.567939,0.514383,0.519195,0.547335,0.568612
3646,1,1,0,1,0,0,1,1,0,1,1,1,0,-0.0466016,0.0126229,-0.0515191,0.567939,0.514549,0.519195,0.547335,0.562857
3647,0,0,1,1,0,0,1,1,0,1,1,1,0,-0.0595394,0.0117914,-0.0520025,0.458172,0.514231,0.407193,0.542599,0.567575
3648,1,0,1,1,0,0,1,1,0,1,1,1,0,-0.0659186,0.00415996,-0.0641475,0.458172,0.514437,0.407193,0.542599,0.568007
3649,0,1,1,1,0,0,1,1,0,1,1,1,0,-0.0430081,0.0173702,-0.0366167,0.548749,0.51461,0.494467,0.53414,0.575331
3650,1,1,1,1,0,0,1,1,0,1,1,1,0,-0.0481954,0.0107627,-0.0499426,0.548749,0.514696,0.494467,0.535108,0.575545
3651,0,0,0,0,1,0,1,1,0,1,1,1,0,-0.0622804,0.0104083,-0.0618132,0.458172,0.512775,0.39745,0.539726,0.542198
3652,1,0,0,0,1,0,1,1,0,1,1,1,0,-0.0689959,0.00164922,-0.073745,0.458172,0.513552,0.39745,0.535587,0.533856
3653,0,1,0,0,1,0,1,1,0,1,1,1,0,-0.0450601,0.0174173,-0.0448133,0.567939,0.514204,0.519195,0.553131,0.55179
3654,1,1,0,0,1,0,1,1,0,1,1,1,0,-0.0503872,0.00987386,-0.0584937,0.567939,0.514421,0.519195,0.563069,0.541122
3655,0,0,1,0,1,0,1,1,0,1,1,1,0,-0.0623289,0.0097916,-0.0572555,0.458172,0.514049,0.39745,0.538635,0.557524
3656,1,0,1,0,1,0,1,1,0,1,1,1,0,-0.0687081,0.00212753,-0.0694003,0.458172,0.514308,0.39745,0.535092,0.553252
3657,0,1,1,0,1,0,1,1,0,1,1,1,0,-0.0458965,0.0154651,-0.0432484,0.548749,0.51456,0.494467,0.545772,0.566271
3658,1,1,1,0,1,0,1,1,0,1,1,1,0,-0.0510837,0.00882838,-0.056574,0.548749,0.514648,0.494467,0.551767,0.561169
3659,0,0,0,1,1,0,1,1,0,1,1,1,0,-0.0601294,0.0110606,-0.0580194,0.458172,0.514104,0.39745,0.541229,0.546236
3660,1,0,0,1,1,0,1,1,0,1,1,1,0,-0.066845,0.00232996,-0.0699514,0.458172,0.514417,0.39745,0.539117,0.540018
3661,0,1,0,1,1,0,1,1,0,1,1,1,0,-0.0424387,0.0183399,-0.0407188,0.567939,0.514621,0.519195,0.548464,0.553923
3662,1,1,0,1,1,0,1,1,0,1,1,1,0,-0.0477658,0.0108245,-0.0543994,0.567939,0.514708,0.519195,0.559496,0.549614
3663,0,0,1,1,1,0,1,1,0,1,1,1,0,-0.060385,0.0106268,-0.0548596,0.458172,0.514548,0.39745,0.544546,0.554298
3664,1,0,1,1,1,0,1,1,0,1,1,1,0,-0.0667642,0.00301084,-0.0670045,0.458172,0.51466,0.39745,0.542311,0.553953
3665,0,1,1,1,1,0,1,1,0,1,1,1,0,-0.0438539,0.0162016,-0.0394739,0.548749,0.514729,0.494467,0.549868,0.56263
3666,1,1,1,1,1,0,1,1,0,1,1,1,0,-0.0490411,0.00960626,-0.0527997,0.548749,0.51477,0.494467,0.55392,0.562457
3667,0,0,0,0,0,1,1,1,0,1,1,1,0,-0.0603951,0.0131902,-0.0556148,0.470597,0.513732,0.444268,0.54768,0.536876
3668,1,0,0,0,0,1,1,1,0,1,1,1,0,-0.0671105,0.00442078,-0.0675469,0.470597,0.513808,0.444268,0.54768,0.53787
3669,1,1,0,0,0,1,1,1,0,1,1,1,0,-0.0485016,0.0126651,-0.0522954,0.580364,0.514484,0.532069,0.541087,0.542854
3670,0,0,1,0,0,1,1,1,0,1,1,1,0,-0.0605566,0.0130682,-0.0508892,0.470597,0.514403,0.444268,0.536521,0.556617
3671,1,0,1,0,0,1,1,1,0,1,1,1,0,-0.0669358,0.00539599,-0.0630341,0.470597,0.514403,0.444268,0.534137,0.547346
3672,0,1,1,0,0,1,1,1,0,1,1,1,0,-0.044124,0.018753,-0.0368817,0.561174,0.514663,0.507341,0.529099,0.563664
3673,1,1,1,0,0,1,1,1,0,1,1,1,0,-0.0493113,0.01211,-0.0502076,0.561174,0.514673,0.507341,0.529099,0.556079
3674,0,0,0,1,0,1,1,1,0,1,1,1,0,-0.057585,0.0150537,-0.0518266,0.470597,0.514353,0.444268,0.548018,0.543813
3675,1,0,0,1,0,1,1,1,0,1,1,1,0,-0.0643006,0.00631592,-0.0637587,0.470597,0.514481,0.444268,0.548018,0.536256
3676,0,1,0,1,0,1,1,1,0,1,1,1,0,-0.039894,0.0223581,-0.0345256,0.580364,0.514664,0.532069,0.541262,0.553494
3677,1,1,0,1,0,1,1,1,0,1,1,1,0,-0.0452211,0.0148352,-0.0482065,0.580364,0.514713,0.532069,0.541262,0.543415
3678,0,0,1,1,0,1,1,1,0,1,1,1,0,-0.058159,0.0139931,-0.04869,0.470597,0.514641,0.444268,0.545616,0.558036
3679,1,0,1,1,0,1,1,1,0,1,1,1,0,-0.0645383,0.00636929,-0.060835,0.470597,0.514684,0.444268,0.545616,0.554354
3680,0,1,1,1,0,1,1,1,0,1,1,1,0,-0.0416276,0.0195818,-0.0333039,0.561174,0.514747,0.507341,0.537894,0.566348
3681,1,1,1,1,0,1,1,1,0,1,1,1,0,-0.0468149,0.0129797,-0.0466299,0.561174,0.514773,0.507341,0.537894,0.562533
3682,0,0,0,0,1,1,1,1,0,1,1,1,0,-0.0591953,0.0128676,-0.0580704,0.470597,0.514086,0.434526,0.550385,0.534618
3683,1,0,0,0,1,1,1,1,0,1,1,1,0,-0.0659108,0.00411628,-0.0700023,0.470597,0.514334,0.434526,0.538581,0.537198
3684,0,1,0,0,1,1,1,1,0,1,1,1,0,-0.0419746,0.0198849,-0.0410703,0.580364,0.514579,0.532069,0.544699,0.537924
3685,1,1,0,0,1,1,1,1,0,1,1,1,0,-0.0473017,0.0123464,-0.0547509,0.580364,0.514658,0.532069,0.550741,0.53871
3686,0,0,1,0,1,1,1,1,0,1,1,1,0,-0.0592437,0.0122591,-0.0535127,0.470597,0.514544,0.434526,0.547697,0.542437
3687,1,0,1,0,1,1,1,1,0,1,1,1,0,-0.0656229,0.00460281,-0.0656575,0.470597,0.514624,0.434526,0.555144,0.539518
3688,0,1,1,0,1,1,1,1,0,1,1,1,0,-0.042811,0.0179389,-0.0395054,0.561174,0.514721,0.507341,0.542624,0.550355
3689,1,1,1,0,1,1,1,1,0,1,1,1,0,-0.0479982,0.0113077,-0.0528311,0.561174,0.514752,0.507341,0.556005,0.54253
3690,0,0,0,1,1,1,1,1,0,1,1,1,0,-0.0572785,0.013808,-0.0534418,0.470597,0.514525,0.434526,0.550394,0.53639
3691,1,0,0,1,1,1,1,1,0,1,1,1,0,-0.0639941,0.00508294,-0.0653739,0.470597,0.514651,0.434526,0.540187,0.536808
3692,0,1,0,1,1,1,1,1,0,1,1,1,0,-0.0395873,0.0210992,-0.036141,0.580364,0.514725,0.532069,0.545129,0.542743
3693,1,1,0,1,1,1,1,1,0,1,1,1,0,-0.0449143,0.0135862,-0.0498217,0.580364,0.514768,0.532069,0.549509,0.541319
3694,0,0,1,1,1,1,1,1,0,1,1,1,0,-0.0575339,0.01338,-0.050282,0.470597,0.514709,0.434526,0.549204,0.548145
3695,1,0,1,1,1,1,1,1,0,1,1,1,0,-0.0639132,0.00576855,-0.062427,0.470597,0.514754,0.434526,0.552657,0.544281
3696,0,1,1,1,1,1,1,1,0,1,1,1,0,-0.0410024,0.0189626,-0.0348961,0.561174,0.51478,0.507341,0.543561,0.556105
3697,1,1,1,1,1,1,1,1,0,1,1,1,0,-0.0461896,0.0123695,-0.0482219,0.561174,0.514798,0.507341,0.548336,0.551137
3698,0,0,0,0,0,0,0,0,1,1,1,1,0,-0.062556,0.0107803,-0.057904,0.480709,0.50635,0.488513,0.470862,0.548425
3699,1,0,0,0,0,0,0,0,1,1,1,1,0,-0.0692714,0.00201469,-0.0698359,0.480709,0.50742,0.488513,0.497226,0.542131
3700,0,1,0,0,0,0,0,0,1,1,1,1,0,-0.0453353,0.0178054,-0.0409041,0.572866,0.513126,0.582218,0.505771,0.558498
3701,1,1,0,0,0,0,0,0,1,1,1,1,0,-0.0506624,0.0102546,-0.0545847,0.572866,0.512796,0.582218,0.546508,0.552571
3702,0,0,1,0,0,0,0,0,1,1,1,1,0,-0.0627174,0.0106474,-0.0531783,0.480709,0.51156,0.488513,0.498073,0.55718
3703,1,0,1,0,0,0,0,0,1,1,1,1,0,-0.0690966,0.00297811,-0.0653233,0.480709,0.511812,0.488513,0.53366,0.556854
3704,0,1,1,0,0,0,0,0,1,1,1,1,0,-0.0462847,0.0163292,-0.0391712,0.553676,0.513922,0.55749,0.529475,0.566254
3705,1,1,1,0,0,0,0,0,1,1,1,1,0,-0.051472,0.00968652,-0.052497,0.553676,0.513902,0.55749,0.560116,0.565792
3706,0,0,0,1,0,0,0,0,1,1,1,1,0,-0.0597321,0.0124644,-0.0547167,0.480709,0.511366,0.488513,0.531107,0.54342
3707,1,0,0,1,0,0,0,0,1,1,1,1,0,-0.0664476,0.00372992,-0.0666488,0.480709,0.512505,0.488513,0.539161,0.543404
3708,0,1,0,1,0,0,0,0,1,1,1,1,0,-0.0420408,0.0197636,-0.0374162,0.572866,0.514068,0.582218,0.537739,0.553551
3709,1,1,0,1,0,0,0,0,1,1,1,1,0,-0.047368,0.0122432,-0.0510969,0.572866,0.51428,0.582218,0.55127,0.553474
3710,0,0,1,1,0,0,0,0,1,1,1,1,0,-0.060306,0.0113931,-0.0515802,0.480709,0.51348,0.488513,0.548661,0.550604
3711,1,0,1,1,0,0,0,0,1,1,1,1,0,-0.0666852,0.00377187,-0.0637252,0.480709,0.513892,0.488513,0.559057,0.551545
3712,0,1,1,1,0,0,0,0,1,1,1,1,0,-0.0437745,0.0169775,-0.0361945,0.553676,0.51439,0.55749,0.548828,0.559994
3713,1,1,1,1,0,0,0,0,1,1,1,1,0,-0.0489617,0.0103757,-0.0495203,0.553676,0.514555,0.55749,0.559394,0.560698
3714,1,0,0,0,1,0,0,0,1,1,1,1,0,-0.0693021,0.00179126,-0.0735269,0.480709,0.511647,0.478771,0.534775,0.526772
3715,0,1,0,0,1,0,0,0,1,1,1,1,0,-0.045366,0.0175583,-0.0445954,0.572866,0.51367,0.582218,0.529736,0.542706
3716,1,1,0,0,1,0,0,0,1,1,1,1,0,-0.0506931,0.0100207,-0.0582758,0.572866,0.513902,0.582218,0.556129,0.536683
3717,0,0,1,0,1,0,0,0,1,1,1,1,0,-0.062635,0.00992102,-0.0570375,0.480709,0.513117,0.478771,0.539484,0.54234
3718,1,0,1,0,1,0,0,0,1,1,1,1,0,-0.0690142,0.00226629,-0.0691823,0.480709,0.513544,0.478771,0.564556,0.542839
3719,0,1,1,0,1,0,0,0,1,1,1,1,0,-0.0462024,0.0156,-0.0430304,0.553676,0.514297,0.55749,0.55231,0.552088
3720,1,1,1,0,1,0,0,0,1,1,1,1,0,-0.0513896,0.00896848,-0.056356,0.553676,0.514417,0.55749,0.569932,0.55221
3721,0,0,0,1,1,0,0,0,1,1,1,1,0,-0.0604357,0.0112071,-0.0578013,0.480709,0.513089,0.478771,0.55524,0.53519
3722,1,0,0,1,1,0,0,0,1,1,1,1,0,-0.0671513,0.00248475,-0.0697333,0.480709,0.513809,0.478771,0.563415,0.534362
3723,0,1,0,1,1,0,0,0,1,1,1,1,0,-0.0427445,0.0184959,-0.0405009,0.572866,0.514398,0.582218,0.552727,0.542059
3724,1,1,0,1,1,0,0,0,1,1,1,1,0,-0.0480717,0.0109862,-0.0541814,0.572866,0.514571,0.582218,0.562845,0.54281
3725,0,0,1,1,1,0,0,0,1,1,1,1,0,-0.0606911,0.0107685,-0.0546416,0.480709,0.514158,0.478771,0.559231,0.539365
3726,1,0,1,1,1,0,0,0,1,1,1,1,0,-0.0670704,0.00316188,-0.0667865,0.480709,0.51442,0.478771,0.567516,0.54241
3727,0,1,1,1,1,0,0,0,1,1,1,1,0,-0.0441597,0.0163491,-0.039256,0.553676,0.514609,0.55749,0.555559,0.545647
3728,1,1,1,1,1,0,0,0,1,1,1,1,0,-0.0493469,0.00975901,-0.0525817,0.553676,0.514704,0.55749,0.564991,0.548385
3729,0,0,0,0,0,1,0,0,1,1,1,1,0,-0.0627189,0.0131766,-0.055656,0.493134,0.513209,0.525588,0.530941,0.531349
3730,1,0,0,0,0,1,0,0,1,1,1,1,0,-0.0694344,0.00441549,-0.067588,0.493134,0.512454,0.525588,0.54536,0.524758
3731,1,1,0,0,0,1,0,0,1,1,1,1,0,-0.0508254,0.0126624,-0.0523366,0.585291,0.514104,0.595091,0.582252,0.53195
3732,0,0,1,0,0,1,0,0,1,1,1,1,0,-0.0628804,0.0130562,-0.0509303,0.493134,0.514182,0.525588,0.526342,0.548074
3733,1,0,1,0,0,1,0,0,1,1,1,1,0,-0.0692595,0.00539427,-0.0630753,0.493134,0.513846,0.525588,0.545222,0.542943
3734,1,1,1,0,0,1,0,0,1,1,1,1,0,-0.051635,0.0121072,-0.0502489,0.566101,0.514498,0.570364,0.560795,0.552777
3735,0,0,0,1,0,1,0,0,1,1,1,1,0,-0.0599089,0.0150519,-0.0518677,0.493134,0.513938,0.525588,0.54138,0.538065
3736,1,0,0,1,0,1,0,0,1,1,1,1,0,-0.0666245,0.00632245,-0.0637998,0.493134,0.51405,0.525588,0.54292,0.53096
3737,0,1,0,1,0,1,0,0,1,1,1,1,0,-0.0422177,0.0223642,-0.034567,0.585291,0.514565,0.595091,0.554694,0.545077
3738,1,1,0,1,0,1,0,0,1,1,1,1,0,-0.0475448,0.0148468,-0.0482477,0.585291,0.514607,0.595091,0.556871,0.54054
3739,0,0,1,1,0,1,0,0,1,1,1,1,0,-0.0604828,0.0139898,-0.0487312,0.493134,0.514474,0.525588,0.533796,0.545259
3740,1,0,1,1,0,1,0,0,1,1,1,1,0,-0.0668621,0.00637629,-0.0608762,0.493134,0.51451,0.525588,0.539741,0.546546
3741,0,1,1,1,0,1,0,0,1,1,1,1,0,-0.0439513,0.0195825,-0.0333453,0.566101,0.514678,0.570364,0.53264,0.552198
3742,1,1,1,1,0,1,0,0,1,1,1,1,0,-0.0491386,0.0129862,-0.0466712,0.566101,0.51472,0.570364,0.543396,0.552524
3743,0,0,0,0,1,1,0,0,1,1,1,1,0,-0.0601244,0.013185,-0.0585052,0.493134,0.51376,0.515846,0.560003,0.523034
3744,1,0,0,0,1,1,0,0,1,1,1,1,0,-0.0668399,0.00444149,-0.0704371,0.493134,0.513802,0.515846,0.573755,0.529977
3745,0,1,0,0,1,1,0,0,1,1,1,1,0,-0.0429034,0.0202072,-0.0415054,0.585291,0.514535,0.595091,0.566992,0.531237
3746,1,1,0,0,1,1,0,0,1,1,1,1,0,-0.0482305,0.012674,-0.0551859,0.585291,0.514508,0.595091,0.58246,0.528317
3747,0,0,1,0,1,1,0,0,1,1,1,1,0,-0.0601726,0.0125737,-0.0539476,0.493134,0.514413,0.515846,0.545674,0.537875
3748,1,0,1,0,1,1,0,0,1,1,1,1,0,-0.0665519,0.00492711,-0.0660924,0.493134,0.514405,0.515846,0.559876,0.532789
3749,0,1,1,0,1,1,0,0,1,1,1,1,0,-0.0437397,0.0182566,-0.0399405,0.566101,0.514684,0.570364,0.546818,0.546096
3750,1,1,1,0,1,1,0,0,1,1,1,1,0,-0.048927,0.0116308,-0.0532661,0.566101,0.514683,0.570364,0.563001,0.540489
3751,0,0,0,1,1,1,0,0,1,1,1,1,0,-0.0582076,0.0141401,-0.0538767,0.493134,0.5143,0.515846,0.544794,0.527756
3752,1,0,0,1,1,1,0,0,1,1,1,1,0,-0.0649232,0.005423,-0.0658087,0.493134,0.514469,0.515846,0.551017,0.528172
3753,0,1,0,1,1,1,0,0,1,1,1,1,0,-0.040516,0.0214385,-0.036576,0.585291,0.514671,0.595091,0.554508,0.535508
3754,1,1,0,1,1,1,0,0,1,1,1,1,0,-0.0458432,0.0139309,-0.0502566,0.585291,0.514723,0.595091,0.563507,0.53255
3755,0,0,1,1,1,1,0,0,1,1,1,1,0,-0.0584629,0.0137091,-0.0507169,0.493134,0.514621,0.515846,0.541118,0.541524
3756,1,0,1,1,1,1,0,0,1,1,1,1,0,-0.0648422,0.00610744,-0.0628618,0.493134,0.514681,0.515846,0.550647,0.536743
3757,0,1,1,1,1,1,0,0,1,1,1,1,0,-0.0419312,0.0192953,-0.0353312,0.566101,0.514748,0.570364,0.538388,0.548299
3758,1,1,1,1,1,1,0,0,1,1,1,1,0,-0.0471184,0.0127077,-0.0486569,0.566101,0.514776,0.570364,0.550735,0.546855
3759,0,0,0,0,0,0,1,0,1,1,1,1,0,-0.0643952,0.00972854,-0.0578777,0.458172,0.511125,0.407193,0.520929,0.550615
3760,1,0,0,0,0,0,1,0,1,1,1,1,0,-0.0711106,0.000957063,-0.0698098,0.458172,0.511848,0.407193,0.549423,0.542549
3761,0,1,0,0,0,0,1,0,1,1,1,1,0,-0.0471747,0.0167569,-0.0408778,0.558974,0.513738,0.507862,0.537301,0.559834
3762,1,1,0,0,0,0,1,0,1,1,1,1,0,-0.0525018,0.00920135,-0.0545584,0.558974,0.513885,0.507862,0.569309,0.551777
3763,0,0,1,0,0,0,1,0,1,1,1,1,0,-0.0645567,0.00960227,-0.053152,0.458172,0.513405,0.407193,0.518675,0.562141
3764,1,0,1,0,0,0,1,0,1,1,1,1,0,-0.0709359,0.00192755,-0.065297,0.458172,0.513612,0.407193,0.547021,0.559711
3765,0,1,1,0,0,0,1,0,1,1,1,1,0,-0.0481241,0.0152859,-0.0391448,0.539785,0.514319,0.483134,0.53126,0.570141
3766,1,1,1,0,0,0,1,0,1,1,1,1,0,-0.0533114,0.00863915,-0.0524706,0.539785,0.514408,0.483134,0.558978,0.568495
3767,0,0,0,1,0,0,1,0,1,1,1,1,0,-0.0615713,0.0114001,-0.0546904,0.458172,0.513388,0.407193,0.554074,0.549747
3768,1,0,0,1,0,0,1,0,1,1,1,1,0,-0.0682868,0.00265978,-0.0666226,0.458172,0.513875,0.407193,0.559442,0.546506
3769,0,1,0,1,0,0,1,0,1,1,1,1,0,-0.0438802,0.0187029,-0.0373898,0.558974,0.514367,0.507862,0.547119,0.558833
3770,1,1,0,1,0,0,1,0,1,1,1,1,0,-0.0492074,0.0111776,-0.0510704,0.558974,0.514539,0.507862,0.555279,0.556332
3771,0,0,1,1,0,0,1,0,1,1,1,1,0,-0.0621453,0.0103393,-0.0515538,0.458172,0.514267,0.407193,0.549615,0.556351
3772,1,0,1,1,0,0,1,0,1,1,1,1,0,-0.0685245,0.00271266,-0.063699,0.458172,0.514443,0.407193,0.560262,0.557078
3773,0,1,1,1,0,0,1,0,1,1,1,1,0,-0.0456139,0.0159265,-0.036168,0.539785,0.514597,0.483134,0.542929,0.564647
3774,1,1,1,1,0,0,1,0,1,1,1,1,0,-0.0508012,0.00932059,-0.0494939,0.539785,0.514691,0.483134,0.553382,0.565226
3775,0,0,0,0,1,0,1,0,1,1,1,1,0,-0.0648863,0.00896201,-0.0613645,0.458172,0.512746,0.39745,0.545438,0.537206
3776,1,0,0,0,1,0,1,0,1,1,1,1,0,-0.0716018,0.000206444,-0.0732965,0.458172,0.513483,0.39745,0.56779,0.53161
3777,1,1,0,0,1,0,1,0,1,1,1,1,0,-0.0529931,0.00843938,-0.0580452,0.558974,0.514386,0.507862,0.581958,0.53752
3778,0,0,1,0,1,0,1,0,1,1,1,1,0,-0.0649348,0.00835162,-0.0568069,0.458172,0.514036,0.39745,0.551246,0.549612
3779,1,0,1,0,1,0,1,0,1,1,1,1,0,-0.071314,0.000692363,-0.0689517,0.458172,0.514285,0.39745,0.571429,0.546922
3780,0,1,1,0,1,0,1,0,1,1,1,1,0,-0.0485023,0.014032,-0.0427998,0.539785,0.514539,0.483134,0.559848,0.557368
3781,1,1,1,0,1,0,1,0,1,1,1,1,0,-0.0536895,0.00739697,-0.0561254,0.539785,0.514635,0.483134,0.578027,0.554544
3782,0,0,0,1,1,0,1,0,1,1,1,1,0,-0.0627354,0.00961088,-0.0575707,0.458172,0.514077,0.39745,0.561511,0.542605
3783,1,0,0,1,1,0,1,0,1,1,1,1,0,-0.069451,0.00088374,-0.0695027,0.458172,0.514397,0.39745,0.571181,0.536787
3784,0,1,0,1,1,0,1,0,1,1,1,1,0,-0.0450445,0.0169032,-0.0402702,0.558974,0.514586,0.507862,0.557327,0.549577
3785,1,1,0,1,1,0,1,0,1,1,1,1,0,-0.0503717,0.00938918,-0.0539507,0.558974,0.514693,0.507862,0.568822,0.546384
3786,0,0,1,1,1,0,1,0,1,1,1,1,0,-0.0629909,0.00918448,-0.0544109,0.458172,0.514537,0.39745,0.561541,0.548757
3787,1,0,1,1,1,0,1,0,1,1,1,1,0,-0.0693702,0.00157326,-0.0665559,0.458172,0.514653,0.39745,0.568811,0.550919
3788,0,1,1,1,1,0,1,0,1,1,1,1,0,-0.0464597,0.0147675,-0.0390252,0.539785,0.514713,0.483134,0.555202,0.554065
3789,1,1,1,1,1,0,1,0,1,1,1,1,0,-0.0516469,0.00817383,-0.0523509,0.539785,0.514764,0.483134,0.563154,0.556174
3790,0,0,0,0,0,1,1,0,1,1,1,1,0,-0.0635182,0.0113062,-0.056284,0.470597,0.514003,0.444268,0.540894,0.533396
3791,1,0,0,0,0,1,1,0,1,1,1,1,0,-0.0702336,0.00253946,-0.0682161,0.470597,0.51385,0.444268,0.550379,0.53179
3792,0,1,0,0,0,1,1,0,1,1,1,1,0,-0.0462977,0.0183425,-0.0392839,0.5714,0.514542,0.520736,0.562789,0.541606
3793,1,1,0,0,0,1,1,0,1,1,1,1,0,-0.0516248,0.0107894,-0.0529646,0.5714,0.514492,0.520736,0.571845,0.53592
3794,0,0,1,0,0,1,1,0,1,1,1,1,0,-0.0636796,0.0111885,-0.0515583,0.470597,0.514501,0.444268,0.537523,0.550234
3795,1,0,1,0,0,1,1,0,1,1,1,1,0,-0.0700589,0.00351894,-0.0637033,0.470597,0.514421,0.444268,0.546757,0.543254
3796,0,1,1,0,0,1,1,0,1,1,1,1,0,-0.0472471,0.0168788,-0.0375509,0.55221,0.514686,0.496008,0.528551,0.558916
3797,1,1,1,0,0,1,1,0,1,1,1,1,0,-0.0524344,0.0102353,-0.0508767,0.55221,0.514676,0.496008,0.548053,0.553193
3798,0,0,0,1,0,1,1,0,1,1,1,1,0,-0.0607082,0.0131677,-0.0524957,0.470597,0.514429,0.444268,0.548957,0.540747
3799,1,0,0,1,0,1,1,0,1,1,1,1,0,-0.0674237,0.00443261,-0.0644279,0.470597,0.514499,0.444268,0.549011,0.535767
3800,0,1,0,1,0,1,1,0,1,1,1,1,0,-0.043017,0.0204827,-0.0351948,0.5714,0.514669,0.520736,0.540806,0.548813
3801,1,1,0,1,0,1,1,0,1,1,1,1,0,-0.0483442,0.0129601,-0.0488756,0.5714,0.514714,0.520736,0.542845,0.541803
3802,0,0,1,1,0,1,1,0,1,1,1,1,0,-0.0612821,0.0121107,-0.0493591,0.470597,0.514668,0.444268,0.545036,0.553042
3803,1,0,1,1,0,1,1,0,1,1,1,1,0,-0.0676614,0.0044896,-0.0615042,0.470597,0.514691,0.444268,0.548889,0.550514
3804,0,1,1,1,0,1,1,0,1,1,1,1,0,-0.0447507,0.0177058,-0.0339731,0.55221,0.514747,0.496008,0.537069,0.557701
3805,1,1,1,1,0,1,1,0,1,1,1,1,0,-0.049938,0.0111032,-0.047299,0.55221,0.514773,0.496008,0.546626,0.556354
3806,0,0,0,0,1,1,1,0,1,1,1,1,0,-0.0623184,0.011004,-0.0587395,0.470597,0.514231,0.434526,0.550984,0.52976
3807,0,1,0,0,1,1,1,0,1,1,1,1,0,-0.0450977,0.0180294,-0.0417395,0.5714,0.514619,0.520736,0.55301,0.535184
3808,1,1,0,0,1,1,1,0,1,1,1,1,0,-0.0504248,0.0104912,-0.0554201,0.5714,0.514666,0.520736,0.569766,0.535331
3809,0,0,1,0,1,1,1,0,1,1,1,1,0,-0.0623668,0.0103986,-0.0541818,0.470597,0.514596,0.434526,0.54777,0.539855
3810,1,0,1,0,1,1,1,0,1,1,1,1,0,-0.068746,0.00274503,-0.0663267,0.470597,0.514637,0.434526,0.564481,0.53691
3811,0,1,1,0,1,1,1,0,1,1,1,1,0,-0.0459341,0.0160839,-0.0401746,0.55221,0.514734,0.496008,0.544399,0.54845
3812,1,1,1,0,1,1,1,0,1,1,1,1,0,-0.0511213,0.00945224,-0.0535003,0.55221,0.514755,0.496008,0.562198,0.543359
3813,0,0,0,1,1,1,1,0,1,1,1,1,0,-0.0604016,0.0119431,-0.0541108,0.470597,0.514572,0.434526,0.547717,0.532896
3814,1,0,0,1,1,1,1,0,1,1,1,1,0,-0.0671172,0.00322091,-0.066043,0.470597,0.514665,0.434526,0.561283,0.535994
3815,0,1,0,1,1,1,1,0,1,1,1,1,0,-0.0427103,0.0192449,-0.0368101,0.5714,0.514733,0.520736,0.543158,0.539954
3816,1,1,0,1,1,1,1,0,1,1,1,1,0,-0.0480375,0.0117324,-0.0504908,0.5714,0.51477,0.520736,0.555263,0.536799
3817,0,0,1,1,1,1,1,0,1,1,1,1,0,-0.060657,0.0115181,-0.0509511,0.470597,0.514726,0.434526,0.547295,0.544741
3818,1,0,1,1,1,1,1,0,1,1,1,1,0,-0.0670363,0.00390938,-0.0630961,0.470597,0.514759,0.434526,0.559856,0.54132
3819,0,1,1,1,1,1,1,0,1,1,1,1,0,-0.0441255,0.0171071,-0.0355652,0.55221,0.514782,0.496008,0.543344,0.553504
3820,1,1,1,1,1,1,1,0,1,1,1,1,0,-0.0493127,0.0105135,-0.048891,0.55221,0.514798,0.496008,0.556808,0.548654
3821,0,0,0,0,0,0,0,1,1,1,1,1,0,-0.0589315,0.0132156,-0.0555573,0.488499,0.511788,0.488513,0.494918,0.558731
3822,1,0,0,0,0,0,0,1,1,1,1,1,0,-0.0656468,0.00444471,-0.0674892,0.488499,0.512157,0.488513,0.520904,0.557502
3823,0,1,0,0,0,0,0,1,1,1,1,1,0,-0.041711,0.0202297,-0.0385575,0.580655,0.514286,0.58723,0.528102,0.568036
3824,1,1,0,0,0,0,0,1,1,1,1,1,0,-0.0470381,0.0126738,-0.0522381,0.580655,0.514121,0.58723,0.555725,0.567477
3825,0,0,1,0,0,0,0,1,1,1,1,1,0,-0.0590929,0.013077,-0.0508316,0.488499,0.513652,0.488513,0.515611,0.565993
3826,1,0,1,0,0,0,0,1,1,1,1,1,0,-0.0654719,0.00539804,-0.0629766,0.488499,0.513736,0.488513,0.548269,0.566302
3827,0,1,1,0,0,0,0,1,1,1,1,1,0,-0.0426604,0.0187506,-0.0368245,0.561466,0.514523,0.562502,0.540437,0.574509
3828,1,1,1,0,0,0,0,1,1,1,1,1,0,-0.0478476,0.0120995,-0.0501503,0.561466,0.5145,0.562502,0.567316,0.574754
3829,0,0,0,1,0,0,0,1,1,1,1,1,0,-0.0561075,0.0148894,-0.0523701,0.488499,0.513584,0.488513,0.540305,0.55296
3830,1,0,0,1,0,0,0,1,1,1,1,1,0,-0.0628229,0.00614973,-0.0643021,0.488499,0.513992,0.488513,0.549143,0.553732
3831,0,1,0,1,0,0,0,1,1,1,1,1,0,-0.0384165,0.0221779,-0.0350695,0.580655,0.514582,0.58723,0.547339,0.562569
3832,1,1,0,1,0,0,0,1,1,1,1,1,0,-0.0437436,0.0146524,-0.0487502,0.580655,0.514641,0.58723,0.553877,0.563141
3833,0,0,1,1,0,0,0,1,1,1,1,1,0,-0.0566815,0.0138107,-0.0492335,0.488499,0.51434,0.488513,0.553023,0.558861
3834,1,0,1,1,0,0,0,1,1,1,1,1,0,-0.0630605,0.00617997,-0.0613785,0.488499,0.514488,0.488513,0.561558,0.560522
3835,0,1,1,1,0,0,0,1,1,1,1,1,0,-0.0401502,0.0193873,-0.0338478,0.561466,0.514676,0.562502,0.552435,0.567525
3836,1,1,1,1,0,0,0,1,1,1,1,1,0,-0.0453373,0.0127772,-0.0471737,0.561466,0.51473,0.562502,0.562639,0.569176
3837,0,0,0,0,1,0,0,1,1,1,1,1,0,-0.0589623,0.0129868,-0.0592484,0.488499,0.5132,0.478771,0.529972,0.545929
3838,1,0,0,0,1,0,0,1,1,1,1,1,0,-0.0656776,0.00423071,-0.0711802,0.488499,0.513674,0.478771,0.54158,0.544819
3839,0,1,0,0,1,0,0,1,1,1,1,1,0,-0.0417418,0.0199922,-0.0422487,0.580655,0.514428,0.58723,0.560972,0.554836
3840,1,1,0,0,1,0,0,1,1,1,1,1,0,-0.0470689,0.0124493,-0.0559291,0.580655,0.514498,0.58723,0.578001,0.553388
3841,0,0,1,0,1,0,0,1,1,1,1,1,0,-0.0590106,0.0123596,-0.0546907,0.488499,0.514205,0.478771,0.56018,0.552041
3842,1,0,1,0,1,0,0,1,1,1,1,1,0,-0.0653897,0.00469524,-0.0668355,0.488499,0.514359,0.478771,0.565983,0.552938
3843,0,1,1,0,1,0,0,1,1,1,1,1,0,-0.0425781,0.0180304,-0.0406837,0.561466,0.514639,0.562502,0.573289,0.561158
3844,1,1,1,0,1,0,0,1,1,1,1,1,0,-0.0477653,0.0113905,-0.0540094,0.561466,0.514678,0.562502,0.583416,0.561943
3845,0,0,0,1,1,0,0,1,1,1,1,1,0,-0.0568113,0.013642,-0.0554546,0.488499,0.514195,0.478771,0.554376,0.544768
3846,1,0,0,1,1,0,0,1,1,1,1,1,0,-0.0635267,0.00491438,-0.0673866,0.488499,0.514457,0.478771,0.551325,0.547488
3847,0,1,0,1,1,0,0,1,1,1,1,1,0,-0.0391204,0.0209201,-0.0381542,0.580655,0.514677,0.58723,0.557618,0.550854
3848,1,1,0,1,1,0,0,1,1,1,1,1,0,-0.0444474,0.0134053,-0.0518348,0.580655,0.514735,0.58723,0.5669,0.553246
3849,0,0,1,1,1,0,0,1,1,1,1,1,0,-0.0570667,0.0131958,-0.0522949,0.488499,0.514581,0.478771,0.564789,0.547997
3850,1,0,1,1,1,0,0,1,1,1,1,1,0,-0.0634458,0.00557958,-0.0644398,0.488499,0.514676,0.478771,0.563487,0.55129
3851,0,1,1,1,1,0,0,1,1,1,1,1,0,-0.0405355,0.0187685,-0.0369093,0.561466,0.514747,0.562502,0.563354,0.553901
3852,1,1,1,1,1,0,0,1,1,1,1,1,0,-0.0457226,0.0121702,-0.050235,0.561466,0.51478,0.562502,0.572817,0.556452
3853,0,0,0,0,0,1,0,1,1,1,1,1,0,-0.0589756,0.0156919,-0.052045,0.500924,0.514257,0.525588,0.528461,0.548645
3854,1,0,0,0,0,1,0,1,1,1,1,1,0,-0.065691,0.00692667,-0.0639771,0.500924,0.513971,0.525588,0.537741,0.542938
3855,0,1,0,0,0,1,0,1,1,1,1,1,0,-0.0417552,0.0227162,-0.0350449,0.593081,0.514721,0.600104,0.552546,0.558524
3856,1,1,0,0,0,1,0,1,1,1,1,1,0,-0.0470822,0.0151644,-0.0487257,0.593081,0.514572,0.600104,0.568895,0.553769
3857,0,0,1,0,0,1,0,1,1,1,1,1,0,-0.059137,0.0155667,-0.0473193,0.500924,0.514596,0.525588,0.531471,0.558765
3858,1,0,1,0,0,1,0,1,1,1,1,1,0,-0.0655161,0.00789689,-0.0594644,0.500924,0.51447,0.525588,0.545638,0.558097
3859,0,1,1,0,0,1,0,1,1,1,1,1,0,-0.0427046,0.0212478,-0.033312,0.573891,0.514753,0.575376,0.541809,0.566986
3860,1,1,1,0,0,1,0,1,1,1,1,1,0,-0.0478917,0.014604,-0.046638,0.573891,0.514707,0.575376,0.557508,0.566923
3861,0,0,0,1,0,1,0,1,1,1,1,1,0,-0.0561656,0.0175594,-0.0482567,0.500924,0.514507,0.525588,0.549121,0.549948
3862,1,0,0,1,0,1,0,1,1,1,1,1,0,-0.0628811,0.00882579,-0.0601889,0.500924,0.514545,0.525588,0.548809,0.548872
3863,0,1,0,1,0,1,0,1,1,1,1,1,0,-0.0384745,0.0248624,-0.0309559,0.593081,0.514739,0.600104,0.542768,0.55548
3864,1,1,0,1,0,1,0,1,1,1,1,1,0,-0.0438016,0.017341,-0.0446367,0.593081,0.514748,0.600104,0.546107,0.555465
3865,0,0,1,1,0,1,0,1,1,1,1,1,0,-0.0567395,0.016491,-0.0451201,0.500924,0.514697,0.525588,0.54136,0.553511
3866,1,0,1,1,0,1,0,1,1,1,1,1,0,-0.0631186,0.00886964,-0.0572653,0.500924,0.514709,0.525588,0.546196,0.555851
3867,0,1,1,1,0,1,0,1,1,1,1,1,0,-0.0402081,0.0220769,-0.0297341,0.573891,0.514772,0.575376,0.536952,0.560994
3868,1,1,1,1,0,1,0,1,1,1,1,1,0,-0.0453953,0.0154741,-0.0430602,0.573891,0.514786,0.575376,0.548503,0.561959
3869,0,0,0,0,1,1,0,1,1,1,1,1,0,-0.0563811,0.0157077,-0.0548942,0.500924,0.514441,0.515846,0.55156,0.539718
3870,1,0,0,0,1,1,0,1,1,1,1,1,0,-0.0630966,0.00695991,-0.0668262,0.500924,0.514453,0.515846,0.554536,0.535432
3871,0,1,0,0,1,1,0,1,1,1,1,1,0,-0.0391603,0.0227205,-0.0378943,0.593081,0.514725,0.600104,0.549005,0.548858
3872,1,1,0,0,1,1,0,1,1,1,1,1,0,-0.0444873,0.0151833,-0.0515749,0.593081,0.514711,0.600104,0.565989,0.542538
3873,0,0,1,0,1,1,0,1,1,1,1,1,0,-0.0564294,0.0150914,-0.0503366,0.500924,0.514674,0.515846,0.551956,0.552566
3874,1,0,1,0,1,1,0,1,1,1,1,1,0,-0.0628085,0.00743678,-0.0624814,0.500924,0.51467,0.515846,0.564516,0.550444
3875,0,1,1,0,1,1,0,1,1,1,1,1,0,-0.0399966,0.0207671,-0.0363293,0.573891,0.514774,0.575376,0.550399,0.557506
3876,1,1,1,0,1,1,0,1,1,1,1,1,0,-0.0451837,0.0141346,-0.0496552,0.573891,0.514772,0.575376,0.565796,0.556975
3877,0,0,0,1,1,1,0,1,1,1,1,1,0,-0.0544643,0.0166551,-0.0502657,0.500924,0.514633,0.515846,0.546573,0.544654
3878,1,0,0,1,1,1,0,1,1,1,1,1,0,-0.0611798,0.00793367,-0.0621977,0.500924,0.514694,0.515846,0.551738,0.539126
3879,0,1,0,1,1,1,0,1,1,1,1,1,0,-0.0367729,0.0239441,-0.032965,0.593081,0.514769,0.600104,0.540782,0.552437
3880,1,1,0,1,1,1,0,1,1,1,1,1,0,-0.0421,0.0164325,-0.0466457,0.593081,0.514787,0.600104,0.553232,0.549441
3881,0,0,1,1,1,1,0,1,1,1,1,1,0,-0.0547196,0.0162183,-0.0471059,0.500924,0.514748,0.515846,0.547687,0.551527
3882,1,0,1,1,1,1,0,1,1,1,1,1,0,-0.0610987,0.00860864,-0.0592509,0.500924,0.51477,0.515846,0.557318,0.553595
3883,0,1,1,1,1,1,0,1,1,1,1,1,0,-0.038188,0.0217977,-0.0317201,0.573891,0.514795,0.575376,0.543657,0.556902
3884,1,1,1,1,1,1,0,1,1,1,1,1,0,-0.0433752,0.0152034,-0.0450459,0.573891,0.514805,0.575376,0.554812,0.559171
3885,0,0,0,0,0,0,1,1,1,1,1,1,0,-0.0616694,0.0111944,-0.055281,0.458172,0.513493,0.407193,0.52611,0.564055
3886,1,0,0,0,0,0,1,1,1,1,1,1,0,-0.0683848,0.00241824,-0.0672131,0.458172,0.51375,0.407193,0.549567,0.560053
3887,0,1,0,0,0,0,1,1,1,1,1,1,0,-0.0444492,0.0182131,-0.038281,0.558974,0.514453,0.512874,0.549323,0.572294
3888,1,1,0,0,0,0,1,1,1,1,1,1,0,-0.0497762,0.0106532,-0.0519617,0.558974,0.514492,0.512874,0.569891,0.569262
3889,0,0,1,0,0,0,1,1,1,1,1,1,0,-0.061831,0.0110633,-0.0505553,0.458172,0.514311,0.407193,0.527331,0.570606
3890,1,0,1,0,0,0,1,1,1,1,1,1,0,-0.06821,0.00338019,-0.0627004,0.458172,0.514385,0.407193,0.559389,0.570792
3891,0,1,1,0,0,0,1,1,1,1,1,1,0,-0.0453986,0.0167397,-0.036548,0.539785,0.514647,0.488147,0.549101,0.578125
3892,1,1,1,0,0,0,1,1,1,1,1,1,0,-0.0505858,0.0100859,-0.0498739,0.539785,0.514675,0.488147,0.566795,0.578248
3893,0,0,0,1,0,0,1,1,1,1,1,1,0,-0.0588455,0.0128553,-0.0520937,0.458172,0.514306,0.407193,0.555153,0.558965
3894,1,0,0,1,0,0,1,1,1,1,1,1,0,-0.065561,0.00411023,-0.0640259,0.458172,0.514482,0.407193,0.56039,0.55957
3895,0,1,0,1,0,0,1,1,1,1,1,1,0,-0.0411547,0.0201488,-0.034793,0.558974,0.514667,0.512874,0.552102,0.567487
3896,1,1,0,1,0,0,1,1,1,1,1,1,0,-0.0464818,0.0126191,-0.0484737,0.558974,0.514724,0.512874,0.557423,0.567922
3897,0,0,1,1,0,0,1,1,1,1,1,1,0,-0.0594195,0.0117886,-0.0489571,0.458172,0.514621,0.407193,0.5496,0.564386
3898,1,0,1,1,0,0,1,1,1,1,1,1,0,-0.0657987,0.00415363,-0.0611023,0.458172,0.514685,0.407193,0.558325,0.565678
3899,0,1,1,1,0,0,1,1,1,1,1,1,0,-0.0428883,0.0173689,-0.0335712,0.539785,0.514743,0.488147,0.545943,0.572173
3900,1,1,1,1,0,0,1,1,1,1,1,1,0,-0.0480755,0.010756,-0.0468972,0.539785,0.514775,0.488147,0.558043,0.573347
3901,0,0,0,0,1,0,1,1,1,1,1,1,0,-0.0621606,0.0104359,-0.0587678,0.458172,0.514068,0.39745,0.558816,0.552166
3902,1,0,0,0,1,0,1,1,1,1,1,1,0,-0.068876,0.00167557,-0.0706998,0.458172,0.514337,0.39745,0.564939,0.549132
3903,0,1,0,0,1,0,1,1,1,1,1,1,0,-0.0449404,0.0174457,-0.041768,0.558974,0.514587,0.512874,0.565592,0.559975
3904,1,1,0,0,1,0,1,1,1,1,1,1,0,-0.0502675,0.0098992,-0.0554485,0.558974,0.514666,0.512874,0.580212,0.556276
3905,0,0,1,0,1,0,1,1,1,1,1,1,0,-0.0622091,0.00982077,-0.0542101,0.458172,0.514536,0.39745,0.566788,0.557995
3906,1,0,1,0,1,0,1,1,1,1,1,1,0,-0.0685882,0.0021531,-0.066355,0.458172,0.514626,0.39745,0.577268,0.559218
3907,0,1,1,0,1,0,1,1,1,1,1,1,0,-0.0457768,0.0154939,-0.040203,0.539785,0.514721,0.488147,0.572038,0.566091
3908,1,1,1,0,1,0,1,1,1,1,1,1,0,-0.0509639,0.00885183,-0.0535287,0.539785,0.514754,0.488147,0.584547,0.566712
3909,0,0,0,1,1,0,1,1,1,1,1,1,0,-0.0600096,0.0110736,-0.054974,0.458172,0.514551,0.39745,0.562032,0.553592
3910,1,0,0,1,1,0,1,1,1,1,1,1,0,-0.0667251,0.0023417,-0.0669061,0.458172,0.514668,0.39745,0.566986,0.553724
3911,0,1,0,1,1,0,1,1,1,1,1,1,0,-0.042319,0.0183567,-0.0376734,0.558974,0.514738,0.512874,0.557697,0.55865
3912,1,1,0,1,1,0,1,1,1,1,1,1,0,-0.047646,0.0108382,-0.051354,0.558974,0.514776,0.512874,0.56742,0.560197
3913,0,0,1,1,1,0,1,1,1,1,1,1,0,-0.0602652,0.0106414,-0.0518142,0.458172,0.514718,0.39745,0.564423,0.556715
3914,1,0,1,1,1,0,1,1,1,1,1,1,0,-0.0666443,0.00302176,-0.0639592,0.458172,0.51476,0.39745,0.572318,0.559367
3915,0,1,1,1,1,0,1,1,1,1,1,1,0,-0.0437342,0.0162175,-0.0364285,0.539785,0.514782,0.488147,0.562708,0.561272
3916,1,1,1,1,1,0,1,1,1,1,1,1,0,-0.0489213,0.00961681,-0.0497543,0.539785,0.5148,0.488147,0.571008,0.563609
3917,0,0,0,0,0,1,1,1,1,1,1,1,0,-0.0602752,0.0131974,-0.0525695,0.470597,0.514531,0.444268,0.548802,0.551801
3918,1,0,0,0,0,1,1,1,1,1,1,1,0,-0.0669906,0.00442667,-0.0645016,0.470597,0.514472,0.444268,0.55166,0.543939
3919,0,1,0,0,0,1,1,1,1,1,1,1,0,-0.0430548,0.0202264,-0.0355693,0.5714,0.514728,0.525748,0.546116,0.560884
3920,1,1,0,0,0,1,1,1,1,1,1,1,0,-0.0483819,0.0126699,-0.0492501,0.5714,0.514705,0.525748,0.5507,0.554204
3921,0,0,1,0,0,1,1,1,1,1,1,1,0,-0.0604367,0.0130774,-0.0478438,0.470597,0.514707,0.444268,0.544565,0.563782
3922,1,0,1,0,0,1,1,1,1,1,1,1,0,-0.0668158,0.00540157,-0.0599889,0.470597,0.514676,0.444268,0.549642,0.560597
3923,0,1,1,0,0,1,1,1,1,1,1,1,0,-0.0440043,0.0187619,-0.0338363,0.55221,0.514775,0.50102,0.536698,0.571035
3924,1,1,1,0,0,1,1,1,1,1,1,1,0,-0.0491915,0.0121135,-0.0471623,0.55221,0.514769,0.50102,0.548824,0.569169
3925,0,0,0,1,0,1,1,1,1,1,1,1,0,-0.0574651,0.0150463,-0.0487812,0.470597,0.514681,0.444268,0.551051,0.555832
3926,1,0,0,1,0,1,1,1,1,1,1,1,0,-0.0641807,0.00630714,-0.0607135,0.470597,0.514705,0.444268,0.5508,0.55305
3927,0,1,0,1,0,1,1,1,1,1,1,1,0,-0.0397742,0.0223544,-0.0314802,0.5714,0.514769,0.525748,0.542567,0.561528
3928,1,1,0,1,0,1,1,1,1,1,1,1,0,-0.0451013,0.0148284,-0.0451611,0.5714,0.514783,0.525748,0.543345,0.558886
3929,0,0,1,1,0,1,1,1,1,1,1,1,0,-0.0580391,0.0139873,-0.0456446,0.470597,0.514766,0.444268,0.547041,0.560868
3930,1,0,1,1,0,1,1,1,1,1,1,1,0,-0.0644183,0.00635985,-0.0577898,0.470597,0.514774,0.444268,0.551917,0.562611
3931,0,1,1,1,0,1,1,1,1,1,1,1,0,-0.0415079,0.0195774,-0.0302585,0.55221,0.514795,0.50102,0.539319,0.565725
3932,1,1,1,1,0,1,1,1,1,1,1,1,0,-0.0466951,0.0129699,-0.0435846,0.55221,0.514803,0.50102,0.548299,0.566546
3933,0,0,0,0,1,1,1,1,1,1,1,1,0,-0.0590755,0.0129007,-0.055025,0.470597,0.514607,0.434526,0.552306,0.542775
3934,1,0,0,0,1,1,1,1,1,1,1,1,0,-0.065791,0.00414805,-0.066957,0.470597,0.514656,0.434526,0.565539,0.540392
3935,0,1,0,0,1,1,1,1,1,1,1,1,0,-0.0418549,0.0199188,-0.0380249,0.5714,0.514749,0.525748,0.545918,0.551616
3936,1,1,0,0,1,1,1,1,1,1,1,1,0,-0.047182,0.0123772,-0.0517056,0.5714,0.514765,0.525748,0.561593,0.545895
3937,0,0,1,0,1,1,1,1,1,1,1,1,0,-0.0591239,0.0122937,-0.0504673,0.470597,0.514739,0.434526,0.554414,0.557011
3938,1,0,1,0,1,1,1,1,1,1,1,1,0,-0.065503,0.00463377,-0.0626123,0.470597,0.514754,0.434526,0.569632,0.553397
3939,0,1,1,0,1,1,1,1,1,1,1,1,0,-0.0426913,0.0179732,-0.0364599,0.55221,0.51479,0.50102,0.551204,0.562671
3940,1,1,1,0,1,1,1,1,1,1,1,1,0,-0.0478784,0.0113366,-0.0497858,0.55221,0.514797,0.50102,0.567306,0.560409
3941,0,0,0,1,1,1,1,1,1,1,1,1,0,-0.0571586,0.0138273,-0.0503963,0.470597,0.51473,0.434526,0.55018,0.548129
3942,1,0,0,1,1,1,1,1,1,1,1,1,0,-0.0638742,0.00510098,-0.0623286,0.470597,0.514764,0.434526,0.561123,0.544587
3943,0,1,0,1,1,1,1,1,1,1,1,1,0,-0.0394676,0.0211222,-0.0330955,0.5714,0.51479,0.525748,0.543788,0.557061
3944,1,1,0,1,1,1,1,1,1,1,1,1,0,-0.0447946,0.0136063,-0.0467763,0.5714,0.514802,0.525748,0.554937,0.552213
3945,0,0,1,1,1,1,1,1,1,1,1,1,0,-0.0574141,0.0134008,-0.0472365,0.470597,0.514786,0.434526,0.551486,0.559673
3946,1,0,1,1,1,1,1,1,1,1,1,1,0,-0.0637932,0.00578576,-0.0593817,0.470597,0.514798,0.434526,0.563811,0.558445
3947,0,1,1,1,1,1,1,1,1,1,1,1,0,-0.0408827,0.0189848,-0.0318506,0.55221,0.514806,0.50102,0.545965,0.564288
3948,1,1,1,1,1,1,1,1,1,1,1,1,0,-0.0460699,0.0123864,-0.0451766,0.55221,0.514812,0.50102,0.559108,0.564583
3949,1,0,0,0,0,0,0,0,0,0,0,0,1,-0.0566505,0.0078936,-0.0618942,0.564061,0.526594,0.540479,0.551039,0.571117
3950,0,1,0,0,0,0,0,0,0,0,0,0,1,-0.0327142,0.0236833,-0.032962,0.620169,0.651993,0.615756,0.614251,0.589199
3951,1,1,0,0,0,0,0,0,0,0,0,0,1,-0.0380413,0.0161404,-0.0466427,0.610672,0.567029,0.615756,0.605405,0.576639
3952,0,0,1,0,0,0,0,0,0,0,0,0,1,-0.0500966,0.0165151,-0.0452366,0.560343,0.532915,0.540479,0.540776,0.593469
3953,1,0,1,0,0,0,0,0,0,0,0,0,1,-0.0564757,0.00885571,-0.0573815,0.550846,0.512331,0.540479,0.544489,0.592226
3954,0,1,1,0,0,0,0,0,0,0,0,0,1,-0.0336638,0.0222018,-0.0312291,0.587764,0.557656,0.591028,0.577689,0.594743
3955,1,1,1,0,0,0,0,0,0,0,0,0,1,-0.038851,0.0155708,-0.0445551,0.578267,0.529888,0.591028,0.58001,0.595659
3956,0,0,0,1,0,0,0,0,0,0,0,0,1,-0.0471113,0.0183514,-0.0467751,0.573558,0.549555,0.540479,0.578604,0.583828
3957,1,0,0,1,0,0,0,0,0,0,0,0,1,-0.0538267,0.00962227,-0.0587072,0.564061,0.525228,0.540479,0.565421,0.582089
3958,0,1,0,1,0,0,0,0,0,0,0,0,1,-0.0294197,0.025652,-0.0294741,0.620169,0.573667,0.615756,0.60432,0.594314
3959,1,1,0,1,0,0,0,0,0,0,0,0,1,-0.0347469,0.0181394,-0.0431549,0.610672,0.539818,0.615756,0.603761,0.589804
3960,0,0,1,1,0,0,0,0,0,0,0,0,1,-0.0476852,0.0172757,-0.0436384,0.560343,0.524979,0.540479,0.562939,0.583625
3961,1,0,1,1,0,0,0,0,0,0,0,0,1,-0.0540643,0.00966443,-0.0557834,0.550846,0.516499,0.540479,0.553531,0.592428
3962,0,1,1,1,0,0,0,0,0,0,0,0,1,-0.0311535,0.0228633,-0.0282524,0.587764,0.53141,0.591028,0.581796,0.587909
3963,1,1,1,1,0,0,0,0,0,0,0,0,1,-0.0363408,0.0162732,-0.0415784,0.578267,0.522045,0.591028,0.589152,0.596367
3964,0,0,0,0,1,0,0,0,0,0,0,0,1,-0.049966,0.0163931,-0.0536535,0.573558,0.537173,0.530737,0.515614,0.572038
3965,1,0,0,0,1,0,0,0,0,0,0,0,1,-0.0566813,0.00764766,-0.0655853,0.564061,0.519929,0.530737,0.515291,0.559822
3966,0,1,0,0,1,0,0,0,0,0,0,0,1,-0.032745,0.0234137,-0.0366534,0.620169,0.565044,0.615756,0.560025,0.578707
3967,1,1,0,0,1,0,0,0,0,0,0,0,1,-0.0380721,0.0158838,-0.050334,0.610672,0.534336,0.615756,0.562203,0.567358
3968,0,0,1,0,1,0,0,0,0,0,0,0,1,-0.0500143,0.015766,-0.0490959,0.560343,0.521979,0.530737,0.525948,0.582951
3969,1,0,1,0,1,0,0,0,0,0,0,0,1,-0.0563934,0.00812117,-0.0612406,0.550846,0.514413,0.530737,0.52661,0.580436
3970,0,1,1,0,1,0,0,0,0,0,0,0,1,-0.0335815,0.0214498,-0.0350885,0.587764,0.53089,0.591028,0.544823,0.592963
3971,1,1,1,0,1,0,0,0,0,0,0,0,1,-0.0387687,0.01483,-0.0484143,0.578267,0.520597,0.591028,0.554022,0.587724
3972,0,0,0,1,1,0,0,0,0,0,0,0,1,-0.0478151,0.0170736,-0.0498598,0.573558,0.52872,0.530737,0.545385,0.568446
3973,1,0,0,1,1,0,0,0,0,0,0,0,1,-0.0545305,0.00835661,-0.0617917,0.564061,0.519263,0.530737,0.537132,0.567092
3974,0,1,0,1,1,0,0,0,0,0,0,0,1,-0.0301236,0.0243638,-0.0325589,0.620169,0.538624,0.615756,0.576473,0.578842
3975,1,1,0,1,1,0,0,0,0,0,0,0,1,-0.0354507,0.0168619,-0.0462396,0.610672,0.524883,0.615756,0.574546,0.577538
3976,0,0,1,1,1,0,0,0,0,0,0,0,1,-0.0480705,0.0166274,-0.0467,0.560343,0.5193,0.530737,0.524395,0.575848
3977,1,0,1,1,1,0,0,0,0,0,0,0,1,-0.0544496,0.00903067,-0.0588448,0.550846,0.515771,0.530737,0.519536,0.57711
3978,0,1,1,1,1,0,0,0,0,0,0,0,1,-0.0315389,0.0222111,-0.0313141,0.587764,0.521913,0.591028,0.534921,0.585724
3979,1,1,1,1,1,0,0,0,0,0,0,0,1,-0.0367261,0.0156328,-0.0446399,0.578267,0.517864,0.591028,0.540892,0.587046
3980,0,0,0,0,0,1,0,0,0,0,0,0,1,-0.0500984,0.0190583,-0.0477141,0.573558,0.563964,0.554479,0.58771,0.563436
3981,1,0,0,0,0,1,0,0,0,0,0,0,1,-0.0568137,0.0103027,-0.0596462,0.564061,0.526487,0.554479,0.562806,0.550213
3982,0,1,0,0,0,1,0,0,0,0,0,0,1,-0.0328775,0.0260964,-0.0307137,0.620169,0.565682,0.615756,0.603003,0.569554
3983,1,1,0,0,0,1,0,0,0,0,0,0,1,-0.0382045,0.0185564,-0.0443946,0.610672,0.533357,0.615756,0.599652,0.557462
3984,0,0,1,0,0,1,0,0,0,0,0,0,1,-0.0502597,0.0189321,-0.0429885,0.560343,0.531807,0.554479,0.55603,0.583494
3985,1,0,1,0,0,1,0,0,0,0,0,0,1,-0.0566388,0.0112801,-0.0551334,0.550846,0.516854,0.554479,0.548999,0.572054
3986,0,1,1,0,0,1,0,0,0,0,0,0,1,-0.033827,0.0246252,-0.0289809,0.587764,0.53154,0.591028,0.573426,0.589103
3987,1,1,1,0,0,1,0,0,0,0,0,0,1,-0.0390142,0.0179997,-0.0423069,0.578267,0.520404,0.591028,0.573631,0.578523
3988,0,0,0,1,0,1,0,0,0,0,0,0,1,-0.0472884,0.0209474,-0.0439259,0.573558,0.536643,0.554479,0.581912,0.573669
3989,1,0,0,1,0,1,0,0,0,0,0,0,1,-0.0540038,0.0122233,-0.0558581,0.564061,0.5212,0.554479,0.564588,0.562006
3990,0,1,0,1,0,1,0,0,0,0,0,0,1,-0.0295968,0.028261,-0.0266247,0.620169,0.535983,0.615756,0.592343,0.580342
3991,1,1,0,1,0,1,0,0,0,0,0,0,1,-0.0349239,0.0207514,-0.0403057,0.610672,0.523552,0.615756,0.590963,0.569601
3992,0,0,1,1,0,1,0,0,0,0,0,0,1,-0.0478622,0.0198809,-0.0407893,0.560343,0.522225,0.554479,0.562659,0.583687
3993,1,0,1,1,0,1,0,0,0,0,0,0,1,-0.0542414,0.0122773,-0.0529343,0.550846,0.516495,0.554479,0.557179,0.581608
3994,0,1,1,1,0,1,0,0,0,0,0,0,1,-0.0313306,0.0254767,-0.0254031,0.587764,0.521168,0.591028,0.573086,0.593023
3995,1,1,1,1,0,1,0,0,0,0,0,0,1,-0.0365178,0.0188922,-0.0387291,0.578267,0.517461,0.591028,0.572124,0.588995
3996,0,0,0,0,1,1,0,0,0,0,0,0,1,-0.0475038,0.0190355,-0.0505635,0.573558,0.526722,0.544737,0.581488,0.55055
3997,1,0,0,0,1,1,0,0,0,0,0,0,1,-0.0542192,0.0102974,-0.0624954,0.564061,0.51733,0.544737,0.564467,0.536799
3998,0,1,0,0,1,1,0,0,0,0,0,0,1,-0.0302825,0.0260621,-0.0335632,0.620169,0.531719,0.615756,0.606157,0.55796
3999,1,1,0,0,1,1,0,0,0,0,0,0,1,-0.0356095,0.0185367,-0.0472439,0.610672,0.521153,0.615756,0.592306,0.546874
4000,0,0,1,0,1,1,0,0,0,0,0,0,1,-0.0475519,0.0184182,-0.0460059,0.560343,0.518929,0.544737,0.575485,0.57057
4001,1,0,1,0,1,1,0,0,0,0,0,0,1,-0.0539311,0.0107815,-0.0581506,0.550846,0.514928,0.544737,0.558004,0.560011
4002,0,1,1,0,1,1,0,0,0,0,0,0,1,-0.0311189,0.0241059,-0.0319985,0.587764,0.520378,0.591028,0.590946,0.577573
4003,1,1,1,0,1,1,0,0,0,0,0,0,1,-0.0363061,0.0174918,-0.0453242,0.578267,0.51671,0.591028,0.58679,0.567858
4004,0,0,0,1,1,1,0,0,0,0,0,0,1,-0.045587,0.0200065,-0.045935,0.573558,0.520987,0.544737,0.576122,0.557268
4005,1,0,0,1,1,1,0,0,0,0,0,0,1,-0.0523025,0.0112947,-0.057867,0.564061,0.516574,0.544737,0.562964,0.548763
4006,0,1,0,1,1,1,0,0,0,0,0,0,1,-0.0278952,0.0273061,-0.028634,0.620169,0.522672,0.615756,0.597621,0.567167
4007,1,1,0,1,1,1,0,0,0,0,0,0,1,-0.0332223,0.0198063,-0.0423147,0.610672,0.518091,0.615756,0.587125,0.5574
4008,0,0,1,1,1,1,0,0,0,0,0,0,1,-0.0458423,0.0195677,-0.0427752,0.560343,0.516919,0.544737,0.569242,0.568037
4009,1,0,1,1,1,1,0,0,0,0,0,0,1,-0.0522215,0.011976,-0.05492,0.550846,0.515234,0.544737,0.558039,0.567024
4010,0,1,1,1,1,1,0,0,0,0,0,0,1,-0.0293105,0.0251571,-0.0273891,0.587764,0.517222,0.591028,0.583368,0.577418
4011,1,1,1,1,1,1,0,0,0,0,0,0,1,-0.0344977,0.0185813,-0.040715,0.578267,0.515826,0.591028,0.579986,0.576567
4012,0,0,0,0,0,0,1,0,0,0,0,0,1,-0.0514779,0.015326,-0.0501376,0.546694,0.524104,0.502066,0.51416,0.579363
4013,1,0,0,0,0,0,1,0,0,0,0,0,1,-0.0581932,0.00656219,-0.0620697,0.537197,0.511857,0.502066,0.525666,0.566541
4014,0,1,0,0,0,0,1,0,0,0,0,0,1,-0.0342571,0.0223593,-0.0331372,0.60195,0.556361,0.584308,0.568328,0.582754
4015,1,1,0,0,0,0,1,0,0,0,0,0,1,-0.0395842,0.0148138,-0.046818,0.592453,0.529638,0.584308,0.570848,0.570673
4016,0,0,1,0,0,0,1,0,0,0,0,0,1,-0.0516394,0.0151944,-0.0454119,0.533479,0.516323,0.502066,0.510879,0.597507
4017,1,0,1,0,0,0,1,0,0,0,0,0,1,-0.0580184,0.00753248,-0.0575569,0.523982,0.511061,0.502066,0.523003,0.586231
4018,0,1,1,0,0,0,1,0,0,0,0,0,1,-0.0352067,0.0208834,-0.0314043,0.569545,0.527246,0.55958,0.520108,0.597582
4019,1,1,1,0,0,0,1,0,0,0,0,0,1,-0.0403939,0.014251,-0.0447302,0.560048,0.518655,0.55958,0.525978,0.589835
4020,0,0,0,1,0,0,1,0,0,0,0,0,1,-0.048654,0.0170084,-0.0469503,0.546694,0.522645,0.502066,0.535937,0.588689
4021,1,0,0,1,0,0,1,0,0,0,0,0,1,-0.0553694,0.00827573,-0.0588825,0.537197,0.515962,0.502066,0.532088,0.578574
4022,0,1,0,1,0,0,1,0,0,0,0,0,1,-0.0309627,0.0243132,-0.0296492,0.60195,0.532655,0.584308,0.542466,0.595217
4023,1,1,0,1,0,0,1,0,0,0,0,0,1,-0.0362898,0.0167979,-0.0433301,0.592453,0.522093,0.584308,0.542466,0.584731
4024,0,0,1,1,0,0,1,0,0,0,0,0,1,-0.049228,0.0159444,-0.0438136,0.533479,0.516732,0.502066,0.534936,0.595388
4025,1,0,1,1,0,0,1,0,0,0,0,0,1,-0.0556071,0.00833057,-0.0559587,0.523982,0.51442,0.502066,0.529471,0.595757
4026,0,1,1,1,0,0,1,0,0,0,0,0,1,-0.0326964,0.0215353,-0.0284275,0.569545,0.519534,0.55958,0.526108,0.598638
4027,1,1,1,1,0,0,1,0,0,0,0,0,1,-0.0378837,0.0149439,-0.0417535,0.560048,0.51675,0.55958,0.527491,0.600795
4028,0,0,0,0,1,0,1,0,0,0,0,0,1,-0.0519692,0.0145353,-0.0536246,0.546694,0.513826,0.492324,0.531827,0.568082
4029,1,0,0,0,1,0,1,0,0,0,0,0,1,-0.0586845,0.0057874,-0.0655565,0.537197,0.512505,0.492324,0.523575,0.556163
4030,0,1,0,0,1,0,1,0,0,0,0,0,1,-0.0347485,0.0215596,-0.0366244,0.60195,0.528782,0.584308,0.567102,0.574208
4031,1,1,0,0,1,0,1,0,0,0,0,0,1,-0.0400756,0.0140276,-0.050305,0.592453,0.519932,0.584308,0.572158,0.563309
4032,0,0,1,0,1,0,1,0,0,0,0,0,1,-0.0520176,0.01392,-0.0490669,0.533479,0.514048,0.492324,0.534127,0.586505
4033,1,0,1,0,1,0,1,0,0,0,0,0,1,-0.0583967,0.00627353,-0.0612117,0.523982,0.513069,0.492324,0.528885,0.576469
4034,0,1,1,0,1,0,1,0,0,0,0,0,1,-0.035585,0.0196056,-0.0350595,0.569545,0.51906,0.55958,0.535249,0.592352
4035,1,1,1,0,1,0,1,0,0,0,0,0,1,-0.0407722,0.012985,-0.0483852,0.560048,0.516153,0.55958,0.543206,0.582887
4036,0,0,0,1,1,0,1,0,0,0,0,0,1,-0.0498183,0.0151972,-0.0498308,0.546694,0.516643,0.492324,0.524633,0.574551
4037,1,0,0,1,1,0,1,0,0,0,0,0,1,-0.0565338,0.00647763,-0.0617628,0.537197,0.514926,0.492324,0.513415,0.566679
4038,1,1,0,1,1,0,1,0,0,0,0,0,1,-0.0374543,0.0149874,-0.0462105,0.592453,0.51765,0.584308,0.543564,0.574192
4039,0,0,1,1,1,0,1,0,0,0,0,0,1,-0.0500738,0.0147644,-0.0466709,0.533479,0.515257,0.492324,0.53896,0.583056
4040,1,0,1,1,1,0,1,0,0,0,0,0,1,-0.0564529,0.00716597,-0.0588158,0.523982,0.514597,0.492324,0.528775,0.58278
4041,0,1,1,1,1,0,1,0,0,0,0,0,1,-0.0335425,0.0203511,-0.0312849,0.569545,0.516756,0.55958,0.548669,0.59225
4042,1,1,1,1,1,0,1,0,0,0,0,0,1,-0.0387296,0.0137719,-0.0446107,0.560048,0.515613,0.55958,0.539759,0.590859
4043,0,0,0,0,0,1,1,0,0,0,0,0,1,-0.050601,0.016907,-0.0485438,0.546694,0.526616,0.516066,0.569983,0.559552
4044,1,0,0,0,0,1,1,0,0,0,0,0,1,-0.0573163,0.00814796,-0.0604759,0.537197,0.515929,0.516066,0.568137,0.548843
4045,0,1,0,0,0,1,1,0,0,0,0,0,1,-0.0333802,0.0239482,-0.0315433,0.60195,0.530414,0.584308,0.588981,0.565398
4046,1,1,0,0,0,1,1,0,0,0,0,0,1,-0.0387072,0.0164052,-0.0452241,0.592453,0.520061,0.584308,0.588981,0.554202
4047,0,0,1,0,0,1,1,0,0,0,0,0,1,-0.0507624,0.016784,-0.0438181,0.533479,0.518739,0.516066,0.533525,0.57885
4048,1,0,1,0,0,1,1,0,0,0,0,0,1,-0.0571415,0.00912726,-0.0559631,0.523982,0.514337,0.516066,0.531191,0.567903
4049,0,1,1,0,0,1,1,0,0,0,0,0,1,-0.0343297,0.0224796,-0.0298104,0.569545,0.519801,0.55958,0.559239,0.583621
4050,1,1,1,0,0,1,1,0,0,0,0,0,1,-0.0395169,0.0158505,-0.0431364,0.560048,0.516257,0.55958,0.559239,0.573314
4051,0,0,0,1,0,1,1,0,0,0,0,0,1,-0.047791,0.0187796,-0.0447556,0.546694,0.520622,0.516066,0.557123,0.569797
4052,1,0,0,1,0,1,1,0,0,0,0,0,1,-0.0545064,0.0100521,-0.0566878,0.537197,0.516005,0.516066,0.554766,0.558518
4053,0,1,0,1,0,1,1,0,0,0,0,0,1,-0.0300996,0.0260964,-0.0274543,0.60195,0.521352,0.584308,0.581326,0.576008
4054,1,1,0,1,0,1,1,0,0,0,0,0,1,-0.0354267,0.0185839,-0.0411352,0.592453,0.517371,0.584308,0.581326,0.565735
4055,0,0,1,1,0,1,1,0,0,0,0,0,1,-0.0483649,0.0177194,-0.0416189,0.533479,0.516723,0.516066,0.537699,0.587221
4056,1,0,1,1,0,1,1,0,0,0,0,0,1,-0.054744,0.0101111,-0.0537639,0.523982,0.514997,0.516066,0.537699,0.577923
4057,0,1,1,1,0,1,1,0,0,0,0,0,1,-0.0318333,0.0233181,-0.0262326,0.569545,0.516697,0.55958,0.543389,0.593172
4058,1,1,1,1,0,1,1,0,0,0,0,0,1,-0.0370206,0.0167301,-0.0395586,0.560048,0.51554,0.55958,0.543389,0.584358
4059,0,0,0,0,1,1,1,0,0,0,0,0,1,-0.0494012,0.0165744,-0.0509995,0.546694,0.513741,0.506324,0.587225,0.547676
4060,1,0,0,0,1,1,1,0,0,0,0,0,1,-0.0561166,0.00783352,-0.0629315,0.537197,0.513415,0.506324,0.5695,0.5386
4061,0,1,0,0,1,1,1,0,0,0,0,0,1,-0.0321802,0.0236046,-0.0339991,0.60195,0.518802,0.584308,0.606301,0.554713
4062,1,1,0,0,1,1,1,0,0,0,0,0,1,-0.0375073,0.0160765,-0.0476798,0.592453,0.516169,0.584308,0.60507,0.546822
4063,0,0,1,0,1,1,1,0,0,0,0,0,1,-0.0494495,0.0159641,-0.0464418,0.533479,0.514317,0.506324,0.552953,0.56693
4064,1,0,1,0,1,1,1,0,0,0,0,0,1,-0.0558286,0.00832326,-0.0585866,0.523982,0.513981,0.506324,0.550763,0.556815
4065,0,1,1,0,1,1,1,0,0,0,0,0,1,-0.0330167,0.0216546,-0.0324342,0.569545,0.516037,0.55958,0.572699,0.573524
4066,1,1,1,0,1,1,1,0,0,0,0,0,1,-0.0382039,0.0150374,-0.0457601,0.560048,0.515142,0.55958,0.572699,0.564313
4067,0,0,0,1,1,1,1,0,0,0,0,0,1,-0.0474845,0.0175268,-0.0463708,0.546694,0.515127,0.506324,0.566506,0.556381
4068,1,0,0,1,1,1,1,0,0,0,0,0,1,-0.0542,0.00881215,-0.058303,0.537197,0.514617,0.506324,0.550168,0.545302
4069,1,1,0,1,1,1,1,0,0,0,0,0,1,-0.0351201,0.0173279,-0.0427505,0.592453,0.515633,0.584308,0.585096,0.554519
4070,0,0,1,1,1,1,1,0,0,0,0,0,1,-0.0477399,0.0170953,-0.043211,0.533479,0.51487,0.506324,0.547234,0.573615
4071,1,0,1,1,1,1,1,0,0,0,0,0,1,-0.054119,0.00949942,-0.055356,0.523982,0.514656,0.506324,0.535996,0.565373
4072,0,1,1,1,1,1,1,0,0,0,0,0,1,-0.0312083,0.022688,-0.0278248,0.569545,0.515389,0.55958,0.552215,0.581096
4073,1,1,1,1,1,1,1,0,0,0,0,0,1,-0.0363954,0.0161089,-0.0411507,0.560048,0.515044,0.55958,0.552215,0.573119
4074,0,0,0,0,0,0,0,1,0,0,0,0,1,-0.0471748,0.0186866,-0.0484891,0.565401,0.539293,0.540479,0.526932,0.595659
4075,1,0,0,0,0,0,0,1,0,0,0,0,1,-0.05389,0.00992039,-0.060421,0.555904,0.520324,0.540479,0.516175,0.588402
4076,0,1,0,0,0,0,0,1,0,0,0,0,1,-0.0299541,0.0257096,-0.0314888,0.612012,0.567183,0.620768,0.554828,0.596626
4077,1,1,0,0,0,0,0,1,0,0,0,0,1,-0.0352811,0.01816,-0.0451696,0.602515,0.535049,0.620768,0.544019,0.592491
4078,0,0,1,0,0,0,0,1,0,0,0,0,1,-0.0473362,0.0185446,-0.0437634,0.552186,0.521974,0.540479,0.537491,0.59183
4079,1,0,1,0,0,0,0,1,0,0,0,0,1,-0.0537151,0.010875,-0.0559083,0.542689,0.514355,0.540479,0.530585,0.597372
4080,0,1,1,0,0,0,0,1,0,0,0,0,1,-0.0309036,0.0242261,-0.029756,0.579607,0.531304,0.59604,0.549437,0.593883
4081,1,1,1,0,0,0,0,1,0,0,0,0,1,-0.0360907,0.0175852,-0.043082,0.57011,0.52076,0.59604,0.55259,0.597042
4082,0,0,0,1,0,0,0,1,0,0,0,0,1,-0.0443509,0.0203713,-0.0453019,0.565401,0.528151,0.540479,0.540953,0.589067
4083,1,0,0,1,0,0,0,1,0,0,0,0,1,-0.0510662,0.0116363,-0.0572339,0.555904,0.519064,0.540479,0.527998,0.594843
4084,0,1,0,1,0,0,0,1,0,0,0,0,1,-0.0266596,0.027667,-0.0280009,0.612012,0.53728,0.620768,0.561075,0.593182
4085,1,1,0,1,0,0,0,1,0,0,0,0,1,-0.0319867,0.0201477,-0.0416818,0.602515,0.524443,0.620768,0.551625,0.59883
4086,0,0,1,1,0,0,0,1,0,0,0,0,1,-0.0449248,0.019291,-0.0421652,0.552186,0.518767,0.540479,0.53494,0.583033
4087,1,0,1,1,0,0,0,1,0,0,0,0,1,-0.0513038,0.0116696,-0.0543102,0.542689,0.515596,0.540479,0.525536,0.59168
4088,0,1,1,1,0,0,0,1,0,0,0,0,1,-0.0283933,0.0248744,-0.0267793,0.579607,0.521227,0.59604,0.552271,0.58623
4089,1,1,1,1,0,0,0,1,0,0,0,0,1,-0.0335805,0.0182745,-0.0401053,0.57011,0.517642,0.59604,0.554093,0.594013
4090,0,0,0,0,1,0,0,1,0,0,0,0,1,-0.0472056,0.0184418,-0.0521803,0.565401,0.523504,0.530737,0.507541,0.585166
4091,1,0,0,0,1,0,0,1,0,0,0,0,1,-0.0539209,0.00969041,-0.0641121,0.555904,0.517125,0.530737,0.503956,0.578044
4092,0,1,0,0,1,0,0,1,0,0,0,0,1,-0.0299849,0.0254562,-0.0351802,0.612012,0.533936,0.620768,0.532455,0.593774
4093,1,1,0,0,1,0,0,1,0,0,0,0,1,-0.0353119,0.0179195,-0.0488608,0.602515,0.522354,0.620768,0.534588,0.585236
4094,0,0,1,0,1,0,0,1,0,0,0,0,1,-0.047254,0.0178109,-0.0476227,0.552186,0.517631,0.530737,0.516136,0.592394
4095,1,0,1,0,1,0,0,1,0,0,0,0,1,-0.0536329,0.0101558,-0.0597674,0.542689,0.514834,0.530737,0.517298,0.59362
4096,0,1,1,0,1,0,0,1,0,0,0,0,1,-0.0308213,0.0234895,-0.0336154,0.579607,0.520974,0.59604,0.535532,0.595998
4097,1,1,1,0,1,0,0,1,0,0,0,0,1,-0.0360084,0.0168598,-0.0469412,0.57011,0.517082,0.59604,0.538989,0.60047
4098,0,0,0,1,1,0,0,1,0,0,0,0,1,-0.0450547,0.0191102,-0.0483866,0.565401,0.520126,0.530737,0.506781,0.580035
4099,1,0,0,1,1,0,0,1,0,0,0,0,1,-0.05177,0.0103873,-0.0603185,0.555904,0.516604,0.530737,0.502919,0.579722
4100,0,1,0,1,1,0,0,1,0,0,0,0,1,-0.0273635,0.0263954,-0.0310858,0.612012,0.523841,0.620768,0.531797,0.590398
4101,1,1,0,1,1,0,0,1,0,0,0,0,1,-0.0326905,0.0188868,-0.0447665,0.602515,0.518667,0.620768,0.534552,0.590169
4102,0,0,1,1,1,0,0,1,0,0,0,0,1,-0.0453101,0.0186596,-0.0452268,0.552186,0.516542,0.530737,0.508384,0.583735
4103,1,0,1,1,1,0,0,1,0,0,0,0,1,-0.0516891,0.0110527,-0.0573716,0.542689,0.515227,0.530737,0.509381,0.588078
4104,0,1,1,1,1,0,0,1,0,0,0,0,1,-0.0287788,0.0242391,-0.0298409,0.579607,0.517527,0.59604,0.52186,0.587499
4105,1,1,1,1,1,0,0,1,0,0,0,0,1,-0.0339658,0.017651,-0.0431668,0.57011,0.515995,0.59604,0.527628,0.595056
4106,0,0,0,0,0,1,0,1,0,0,0,0,1,-0.0472191,0.0211815,-0.0449767,0.565401,0.533357,0.554479,0.53306,0.581299
4107,1,0,0,0,0,1,0,1,0,0,0,0,1,-0.0539343,0.012421,-0.0569087,0.555904,0.519536,0.554479,0.506864,0.56982
4108,0,1,0,0,0,1,0,1,0,0,0,0,1,-0.0299983,0.0282148,-0.0279762,0.612012,0.534174,0.620768,0.575199,0.587037
4109,1,1,0,0,0,1,0,1,0,0,0,0,1,-0.0353253,0.0206693,-0.0416572,0.602515,0.521995,0.620768,0.562342,0.576171
4110,0,0,1,0,0,1,0,1,0,0,0,0,1,-0.0473804,0.021053,-0.040251,0.552186,0.521245,0.554479,0.538312,0.597869
4111,1,0,1,0,0,1,0,1,0,0,0,0,1,-0.0537594,0.0133925,-0.052396,0.542689,0.515731,0.554479,0.516846,0.589507
4112,0,1,1,0,0,1,0,1,0,0,0,0,1,-0.0309478,0.0267419,-0.0262434,0.579607,0.521217,0.59604,0.543669,0.600182
4113,1,1,1,0,0,1,0,1,0,0,0,0,1,-0.0361349,0.0201083,-0.0395695,0.57011,0.517012,0.59604,0.544006,0.594631
4114,0,0,0,1,0,1,0,1,0,0,0,0,1,-0.044409,0.0230606,-0.0411884,0.565401,0.523042,0.554479,0.533894,0.58648
4115,1,0,0,1,0,1,0,1,0,0,0,0,1,-0.0511244,0.0143317,-0.0531206,0.555904,0.517316,0.554479,0.515818,0.58009
4116,0,1,0,1,0,1,0,1,0,0,0,0,1,-0.0267177,0.0303706,-0.0238872,0.612012,0.522876,0.620768,0.558719,0.594889
4117,1,1,0,1,0,1,0,1,0,0,0,0,1,-0.0320447,0.0228556,-0.0375682,0.602515,0.518179,0.620768,0.544155,0.587281
4118,0,0,1,1,0,1,0,1,0,0,0,0,1,-0.0449829,0.0219906,-0.0380518,0.552186,0.517618,0.554479,0.537876,0.594434
4119,1,0,1,1,0,1,0,1,0,0,0,0,1,-0.0513619,0.0143786,-0.0501969,0.542689,0.515493,0.554479,0.524979,0.594263
4120,0,1,1,1,0,1,0,1,0,0,0,0,1,-0.0284514,0.0275833,-0.0226656,0.579607,0.517257,0.59604,0.544296,0.597533
4121,1,1,1,1,0,1,0,1,0,0,0,0,1,-0.0336386,0.0209907,-0.0359917,0.57011,0.515848,0.59604,0.541752,0.60197
4122,0,0,0,0,1,1,0,1,0,0,0,0,1,-0.0446244,0.021173,-0.0478261,0.565401,0.519362,0.544737,0.547851,0.569324
4123,1,0,0,0,1,1,0,1,0,0,0,0,1,-0.0513398,0.01243,-0.059758,0.555904,0.515898,0.544737,0.529958,0.558776
4124,0,1,0,0,1,1,0,1,0,0,0,0,1,-0.0274034,0.0281947,-0.0308258,0.612012,0.521254,0.620768,0.576049,0.576617
4125,1,1,0,0,1,1,0,1,0,0,0,0,1,-0.0327304,0.0206638,-0.0445065,0.602515,0.517274,0.620768,0.563827,0.566984
4126,0,0,1,0,1,1,0,1,0,0,0,0,1,-0.0446727,0.020553,-0.0432684,0.552186,0.516394,0.544737,0.529729,0.585051
4127,1,0,1,0,1,1,0,1,0,0,0,0,1,-0.0510517,0.0129077,-0.0554132,0.542689,0.514919,0.544737,0.513761,0.578434
4128,0,1,1,0,1,1,0,1,0,0,0,0,1,-0.0282398,0.0262365,-0.029261,0.579607,0.516947,0.59604,0.562304,0.593011
4129,1,1,1,0,1,1,0,1,0,0,0,0,1,-0.0334269,0.0196143,-0.0425869,0.57011,0.515563,0.59604,0.553382,0.585819
4130,0,0,0,1,1,1,0,1,0,0,0,0,1,-0.0427077,0.0221344,-0.0431976,0.565401,0.517157,0.544737,0.529535,0.571585
4131,1,0,0,1,1,1,0,1,0,0,0,0,1,-0.0494231,0.0134177,-0.0551296,0.555904,0.515519,0.544737,0.515611,0.567578
4132,0,1,0,1,1,1,0,1,0,0,0,0,1,-0.0250161,0.0294305,-0.0258965,0.612012,0.517797,0.620768,0.560543,0.581355
4133,1,1,0,1,1,1,0,1,0,0,0,0,1,-0.0303431,0.0219252,-0.0395773,0.602515,0.516073,0.620768,0.548631,0.576125
4134,0,0,1,1,1,1,0,1,0,0,0,0,1,-0.042963,0.0216931,-0.0400377,0.552186,0.515618,0.544737,0.523228,0.579829
4135,1,0,1,1,1,1,0,1,0,0,0,0,1,-0.0493421,0.0140929,-0.0521826,0.542689,0.514993,0.544737,0.511697,0.579566
4136,0,1,1,1,1,1,0,1,0,0,0,0,1,-0.0264313,0.0272793,-0.0246517,0.579607,0.515736,0.59604,0.555054,0.588713
4137,1,1,1,1,1,1,0,1,0,0,0,0,1,-0.0316185,0.0206954,-0.0379776,0.57011,0.515209,0.59604,0.544952,0.588856
4138,0,0,0,0,0,0,1,1,0,0,0,0,1,-0.0494244,0.0164684,-0.0481733,0.546694,0.518704,0.502066,0.5414,0.594809
4139,1,0,0,0,0,0,1,1,0,0,0,0,1,-0.0561396,0.0076988,-0.0601054,0.537197,0.514207,0.502066,0.5224,0.583368
4140,0,1,0,0,0,0,1,1,0,0,0,0,1,-0.0322039,0.0234956,-0.031173,0.60195,0.530757,0.58932,0.540556,0.596252
4141,1,1,0,0,0,0,1,1,0,0,0,0,1,-0.0375309,0.0159438,-0.0448538,0.592453,0.520646,0.58932,0.540345,0.587315
4142,0,0,1,0,0,0,1,1,0,0,0,0,1,-0.0495859,0.0163338,-0.0434476,0.533479,0.515553,0.502066,0.528989,0.598193
4143,1,0,1,0,0,0,1,1,0,0,0,0,1,-0.0559649,0.00866245,-0.0555926,0.523982,0.51362,0.502066,0.51252,0.598869
4144,0,1,1,0,0,0,1,1,0,0,0,0,1,-0.0331534,0.0220177,-0.0294401,0.569545,0.519642,0.564592,0.528989,0.597565
4145,1,1,1,0,0,0,1,1,0,0,0,0,1,-0.0383405,0.0153764,-0.0427661,0.560048,0.516376,0.564592,0.525953,0.598289
4146,0,0,0,1,0,0,1,1,0,0,0,0,1,-0.0466005,0.0181413,-0.044986,0.546694,0.517895,0.502066,0.549289,0.59906
4147,1,0,0,1,0,0,1,1,0,0,0,0,1,-0.0533158,0.00940287,-0.0569183,0.537197,0.515403,0.502066,0.535746,0.595126
4148,0,1,0,1,0,0,1,1,0,0,0,0,1,-0.0289095,0.0254411,-0.0276849,0.60195,0.52166,0.58932,0.549308,0.599946
4149,1,1,0,1,0,0,1,1,0,0,0,0,1,-0.0342365,0.0179197,-0.0413659,0.592453,0.517648,0.58932,0.549308,0.600079
4150,0,0,1,1,0,0,1,1,0,0,0,0,1,-0.0471745,0.0170733,-0.0418494,0.533479,0.515598,0.502066,0.535409,0.593394
4151,1,0,1,1,0,0,1,1,0,0,0,0,1,-0.0535535,0.00945011,-0.0539945,0.523982,0.514735,0.502066,0.523397,0.600656
4152,0,1,1,1,0,0,1,1,0,0,0,0,1,-0.0306432,0.0226597,-0.0264633,0.569545,0.516659,0.564592,0.544006,0.595499
4153,1,1,1,1,0,0,1,1,0,0,0,0,1,-0.0358303,0.0160594,-0.0397893,0.560048,0.515588,0.564592,0.537631,0.600588
4154,0,0,0,0,1,0,1,1,0,0,0,0,1,-0.0499157,0.0156936,-0.0516604,0.546694,0.514622,0.492324,0.526193,0.585295
4155,1,0,0,0,1,0,1,1,0,0,0,0,1,-0.056631,0.00693985,-0.0635923,0.537197,0.514142,0.492324,0.514326,0.5751
4156,0,1,0,0,1,0,1,1,0,0,0,0,1,-0.0326953,0.0227118,-0.0346601,0.60195,0.520179,0.58932,0.545765,0.591333
4157,1,1,0,0,1,0,1,1,0,0,0,0,1,-0.0380223,0.0151735,-0.0483408,0.592453,0.516831,0.58932,0.542578,0.581816
4158,0,0,1,0,1,0,1,1,0,0,0,0,1,-0.0499642,0.0150751,-0.0471026,0.533479,0.5146,0.492324,0.526194,0.59904
4159,1,0,1,0,1,0,1,1,0,0,0,0,1,-0.0563431,0.00741914,-0.0592475,0.523982,0.514242,0.492324,0.513268,0.59332
4160,0,1,1,0,1,0,1,1,0,0,0,0,1,-0.0335318,0.0207557,-0.0330953,0.569545,0.516464,0.564592,0.529438,0.601881
4161,1,1,1,0,1,0,1,1,0,0,0,0,1,-0.0387189,0.0141262,-0.0464211,0.560048,0.515361,0.564592,0.529797,0.599013
4162,0,0,0,1,1,0,1,1,0,0,0,0,1,-0.0477648,0.0163455,-0.0478665,0.546694,0.51556,0.492324,0.524402,0.586428
4163,1,0,0,1,1,0,1,1,0,0,0,0,1,-0.0544802,0.00762014,-0.0597986,0.537197,0.514918,0.492324,0.515436,0.584094
4164,0,1,0,1,1,0,1,1,0,0,0,0,1,-0.0300739,0.0236349,-0.0305655,0.60195,0.517452,0.58932,0.543046,0.595767
4165,1,1,0,1,1,0,1,1,0,0,0,0,1,-0.0354009,0.0161245,-0.0442463,0.592453,0.515913,0.58932,0.537331,0.591257
4166,0,0,1,1,1,0,1,1,0,0,0,0,1,-0.0480204,0.0159094,-0.0447067,0.533479,0.515007,0.492324,0.525849,0.593467
4167,1,0,1,1,1,0,1,1,0,0,0,0,1,-0.0543994,0.00830159,-0.0568516,0.523982,0.51476,0.492324,0.51912,0.593949
4168,0,1,1,1,1,0,1,1,0,0,0,0,1,-0.0314892,0.0214916,-0.0293207,0.569545,0.515566,0.564592,0.537263,0.597557
4169,1,1,1,1,1,0,1,1,0,0,0,0,1,-0.0366763,0.0149035,-0.0426466,0.560048,0.515131,0.564592,0.535083,0.602332
4170,0,0,0,0,0,1,1,1,0,0,0,0,1,-0.0480302,0.0184892,-0.0454618,0.546694,0.519326,0.516066,0.539766,0.57812
4171,1,0,0,0,0,1,1,1,0,0,0,0,1,-0.0547455,0.00972515,-0.0573939,0.537197,0.515401,0.516066,0.522684,0.567195
4172,0,1,0,0,0,1,1,1,0,0,0,0,1,-0.0308096,0.0255267,-0.0284612,0.60195,0.520779,0.58932,0.567164,0.582407
4173,1,1,0,0,0,1,1,1,0,0,0,0,1,-0.0361366,0.0179785,-0.0421422,0.592453,0.516879,0.58932,0.567164,0.572153
4174,0,0,1,0,0,1,1,1,0,0,0,0,1,-0.0481917,0.0183658,-0.0407361,0.533479,0.516326,0.516066,0.529069,0.595187
4175,1,0,1,0,0,1,1,1,0,0,0,0,1,-0.0545707,0.0107018,-0.0528811,0.523982,0.514709,0.516066,0.515708,0.585413
4176,0,1,1,0,0,1,1,1,0,0,0,0,1,-0.0317591,0.0240578,-0.0267284,0.569545,0.516738,0.564592,0.532236,0.59879
4177,1,1,1,0,0,1,1,1,0,0,0,0,1,-0.0369463,0.0174219,-0.0400544,0.560048,0.515399,0.564592,0.532236,0.58986
4178,0,0,0,1,0,1,1,1,0,0,0,0,1,-0.0452202,0.020351,-0.0416735,0.546694,0.517024,0.516066,0.550125,0.58687
4179,1,0,0,1,0,1,1,1,0,0,0,0,1,-0.0519356,0.0116185,-0.0536058,0.537197,0.515315,0.516066,0.534081,0.577288
4180,0,1,0,1,0,1,1,1,0,0,0,0,1,-0.027529,0.0276654,-0.0243722,0.60195,0.517316,0.58932,0.553478,0.59294
4181,1,1,0,1,0,1,1,1,0,0,0,0,1,-0.0328561,0.0201476,-0.0380532,0.592453,0.515811,0.58932,0.553025,0.584092
4182,0,0,1,1,0,1,1,1,0,0,0,0,1,-0.0457941,0.0192907,-0.0385368,0.533479,0.515546,0.516066,0.543274,0.599357
4183,1,0,1,1,0,1,1,1,0,0,0,0,1,-0.0521732,0.0116751,-0.050682,0.523982,0.514907,0.516066,0.532409,0.594613
4184,0,1,1,1,0,1,1,1,0,0,0,0,1,-0.0292627,0.0248868,-0.0231505,0.569545,0.515545,0.564592,0.543274,0.603583
4185,1,1,1,1,0,1,1,1,0,0,0,0,1,-0.0344499,0.018292,-0.0364766,0.560048,0.515105,0.564592,0.543274,0.600709
4186,0,0,0,0,1,1,1,1,0,0,0,0,1,-0.0468305,0.018169,-0.0479174,0.546694,0.514483,0.506324,0.551215,0.567151
4187,1,0,0,0,1,1,1,1,0,0,0,0,1,-0.0535458,0.00942301,-0.0598495,0.537197,0.514366,0.506324,0.531447,0.557173
4188,0,1,0,0,1,1,1,1,0,0,0,0,1,-0.0296097,0.0251955,-0.030917,0.60195,0.516361,0.58932,0.586402,0.574004
4189,1,1,0,0,1,1,1,1,0,0,0,0,1,-0.0349367,0.0176622,-0.0445978,0.592453,0.515362,0.58932,0.570169,0.564966
4190,0,0,1,0,1,1,1,1,0,0,0,0,1,-0.0468788,0.0175587,-0.0433597,0.533479,0.514658,0.506324,0.54115,0.584469
4191,1,0,1,0,1,1,1,1,0,0,0,0,1,-0.0532578,0.00991051,-0.0555047,0.523982,0.514536,0.506324,0.523458,0.575884
4192,0,1,1,0,1,1,1,1,0,0,0,0,1,-0.0304461,0.0232456,-0.0293522,0.569545,0.515297,0.564592,0.555401,0.59076
4193,1,1,1,0,1,1,1,1,0,0,0,0,1,-0.0356332,0.0166216,-0.0426781,0.560048,0.514956,0.564592,0.551797,0.582888
4194,0,0,0,1,1,1,1,1,0,0,0,0,1,-0.0449137,0.0191107,-0.0432888,0.546694,0.514957,0.506324,0.530768,0.574537
4195,1,0,0,1,1,1,1,1,0,0,0,0,1,-0.0516291,0.010391,-0.055221,0.537197,0.514767,0.506324,0.514101,0.565834
4196,0,1,0,1,1,1,1,1,0,0,0,0,1,-0.0272225,0.0264119,-0.0259876,0.60195,0.515597,0.58932,0.56303,0.581802
4197,1,1,0,1,1,1,1,1,0,0,0,0,1,-0.0325494,0.0189042,-0.0396686,0.592453,0.515137,0.58932,0.546241,0.573865
4198,0,0,1,1,1,1,1,1,0,0,0,0,1,-0.0451691,0.0186804,-0.040129,0.533479,0.514848,0.506324,0.542169,0.585479
4199,1,0,1,1,1,1,1,1,0,0,0,0,1,-0.0515482,0.0110771,-0.052274,0.523982,0.514768,0.506324,0.528044,0.583104
4200,0,1,1,1,1,1,1,1,0,0,0,0,1,-0.0286377,0.0242704,-0.0247428,0.569545,0.515041,0.564592,0.550125,0.593872
4201,1,1,1,1,1,1,1,1,0,0,0,0,1,-0.0338248,0.0176846,-0.0380688,0.560048,0.514909,0.564592,0.540074,0.590352
4202,1,0,0,0,0,0,0,0,1,0,0,0,1,-0.0564519,0.0102116,-0.0598912,0.564061,0.517554,0.540479,0.554813,0.586043
4203,1,1,0,0,0,0,0,0,1,0,0,0,1,-0.0378429,0.0184583,-0.0446398,0.601707,0.533364,0.609436,0.602978,0.593968
4204,0,0,1,0,0,0,0,0,1,0,0,0,1,-0.049898,0.0188398,-0.0432336,0.560343,0.519724,0.540479,0.521407,0.581648
4205,1,0,1,0,0,0,0,0,1,0,0,0,1,-0.0562769,0.0111722,-0.0553785,0.550846,0.513432,0.540479,0.555286,0.590391
4206,0,1,1,0,0,0,0,0,1,0,0,0,1,-0.0334653,0.0245275,-0.0292262,0.578799,0.528997,0.584708,0.571221,0.585281
4207,1,1,1,0,0,0,0,0,1,0,0,0,1,-0.0386525,0.0178859,-0.0425521,0.569302,0.520041,0.584708,0.591351,0.593274
4208,0,0,0,1,0,0,0,0,1,0,0,0,1,-0.0469127,0.0206654,-0.044772,0.573558,0.526975,0.540479,0.576126,0.578226
4209,1,0,0,1,0,0,0,0,1,0,0,0,1,-0.0536281,0.0119306,-0.0567042,0.564061,0.518474,0.540479,0.576099,0.581739
4210,1,1,0,1,0,0,0,0,1,0,0,0,1,-0.0345486,0.0204508,-0.0411519,0.601707,0.52344,0.609436,0.592843,0.591011
4211,0,0,1,1,0,0,0,0,1,0,0,0,1,-0.0474866,0.0195911,-0.0416354,0.560343,0.518148,0.540479,0.568011,0.573267
4212,1,0,1,1,0,0,0,0,1,0,0,0,1,-0.0538656,0.0119716,-0.0537804,0.550846,0.51539,0.540479,0.576796,0.580857
4213,0,1,1,1,0,0,0,0,1,0,0,0,1,-0.0309551,0.0251812,-0.0262494,0.578799,0.519607,0.584708,0.576443,0.575916
4214,1,1,1,1,0,0,0,0,1,0,0,0,1,-0.0361423,0.0185805,-0.0395754,0.569302,0.517176,0.584708,0.589379,0.584257
4215,0,0,0,0,1,0,0,0,1,0,0,0,1,-0.0497673,0.0187389,-0.0516505,0.573558,0.520838,0.530737,0.545277,0.572813
4216,1,0,0,0,1,0,0,0,1,0,0,0,1,-0.0564826,0.00998782,-0.0635824,0.564061,0.515847,0.530737,0.559399,0.571177
4217,1,1,0,0,1,0,0,0,1,0,0,0,1,-0.0378737,0.018224,-0.048331,0.601707,0.521546,0.609436,0.592899,0.582028
4218,0,0,1,0,1,0,0,0,1,0,0,0,1,-0.0498156,0.0181132,-0.0470928,0.560343,0.516552,0.530737,0.545661,0.579698
4219,1,0,1,0,1,0,0,0,1,0,0,0,1,-0.0561946,0.0104602,-0.0592377,0.550846,0.514402,0.530737,0.561702,0.581419
4220,0,1,1,0,1,0,0,0,1,0,0,0,1,-0.033383,0.023798,-0.0330856,0.578799,0.519943,0.584708,0.570004,0.585556
4221,1,1,1,0,1,0,0,0,1,0,0,0,1,-0.0385702,0.0171677,-0.0464114,0.569302,0.516751,0.584708,0.585868,0.591286
4222,0,0,0,1,1,0,0,0,1,0,0,0,1,-0.0476164,0.0194078,-0.0478567,0.573558,0.519669,0.530737,0.590477,0.566281
4223,1,0,0,1,1,0,0,0,1,0,0,0,1,-0.0543319,0.0106851,-0.0597888,0.564061,0.516377,0.530737,0.592506,0.567723
4224,0,1,0,1,1,0,0,0,1,0,0,0,1,-0.0299252,0.0267036,-0.0305559,0.611204,0.522592,0.609436,0.600855,0.576958
4225,1,1,0,1,1,0,0,0,1,0,0,0,1,-0.0352523,0.0191935,-0.0442367,0.601707,0.518285,0.609436,0.6062,0.578134
4226,0,0,1,1,1,0,0,0,1,0,0,0,1,-0.0478718,0.0189653,-0.0446969,0.560343,0.51631,0.530737,0.581459,0.571288
4227,1,0,1,1,1,0,0,0,1,0,0,0,1,-0.0542508,0.0113604,-0.0568418,0.550846,0.51515,0.530737,0.588657,0.574822
4228,0,1,1,1,1,0,0,0,1,0,0,0,1,-0.0313405,0.0245516,-0.0293111,0.578799,0.516926,0.584708,0.590488,0.577202
4229,1,1,1,1,1,0,0,0,1,0,0,0,1,-0.0365277,0.0179627,-0.0426369,0.569302,0.515822,0.584708,0.597479,0.584077
4230,0,0,0,0,0,1,0,0,1,0,0,0,1,-0.0498998,0.0213865,-0.0457111,0.573558,0.532518,0.554479,0.593797,0.57825
4231,1,0,0,0,0,1,0,0,1,0,0,0,1,-0.0566151,0.0126251,-0.0576432,0.564061,0.51893,0.554479,0.596323,0.568374
4232,1,1,0,0,0,1,0,0,1,0,0,0,1,-0.0380061,0.0208788,-0.0423916,0.601707,0.5215,0.609436,0.61087,0.576012
4233,0,0,1,0,0,1,0,0,1,0,0,0,1,-0.0500611,0.0212612,-0.0409855,0.560343,0.520846,0.554479,0.578485,0.587965
4234,1,0,1,0,0,1,0,0,1,0,0,0,1,-0.0564401,0.013601,-0.0531305,0.550846,0.515549,0.554479,0.582371,0.586678
4235,0,1,1,0,0,1,0,0,1,0,0,0,1,-0.0336286,0.0269553,-0.026978,0.578799,0.52053,0.584708,0.584596,0.59567
4236,1,1,1,0,0,1,0,0,1,0,0,0,1,-0.0388158,0.0203192,-0.040304,0.569302,0.516808,0.584708,0.596132,0.594444
4237,0,0,0,1,0,1,0,0,1,0,0,0,1,-0.0470898,0.0232661,-0.0419229,0.573558,0.523082,0.554479,0.592866,0.574389
4238,1,0,0,1,0,1,0,0,1,0,0,0,1,-0.0538052,0.0145363,-0.0538551,0.564061,0.517273,0.554479,0.591102,0.572931
4239,0,1,0,1,0,1,0,0,1,0,0,0,1,-0.0293985,0.0305854,-0.0246217,0.611204,0.521914,0.609436,0.59718,0.584013
4240,1,1,0,1,0,1,0,0,1,0,0,0,1,-0.0347256,0.0230676,-0.0383027,0.601707,0.517904,0.609436,0.596385,0.583036
4241,0,0,1,1,0,1,0,0,1,0,0,0,1,-0.0476637,0.022201,-0.0387863,0.560343,0.517573,0.554479,0.575861,0.581255
4242,1,0,1,1,0,1,0,0,1,0,0,0,1,-0.0540427,0.0145892,-0.0509314,0.550846,0.515485,0.554479,0.575446,0.582354
4243,0,1,1,1,0,1,0,0,1,0,0,0,1,-0.0311322,0.0277994,-0.0234001,0.578799,0.516778,0.584708,0.57954,0.587402
4244,1,1,1,1,0,1,0,0,1,0,0,0,1,-0.0363195,0.0212042,-0.0367262,0.569302,0.51572,0.584708,0.583303,0.591409
4245,0,0,0,0,1,1,0,0,1,0,0,0,1,-0.0473051,0.0213924,-0.0485605,0.573558,0.520095,0.544737,0.60578,0.563649
4246,1,0,0,0,1,1,0,0,1,0,0,0,1,-0.0540205,0.0126485,-0.0604925,0.564061,0.516058,0.544737,0.599681,0.556165
4247,0,1,0,0,1,1,0,0,1,0,0,0,1,-0.0300841,0.0284214,-0.0315603,0.611204,0.521072,0.609436,0.60902,0.573513
4248,1,1,0,0,1,1,0,0,1,0,0,0,1,-0.0354112,0.0208878,-0.045241,0.601707,0.517215,0.609436,0.6154,0.56505
4249,0,0,1,0,1,1,0,0,1,0,0,0,1,-0.0473534,0.0207764,-0.0440029,0.560343,0.516633,0.544737,0.593255,0.573136
4250,1,0,1,0,1,1,0,0,1,0,0,0,1,-0.0537324,0.0131315,-0.0561477,0.550846,0.514994,0.544737,0.595339,0.57204
4251,0,1,1,0,1,1,0,0,1,0,0,0,1,-0.0309205,0.0264651,-0.0299955,0.578799,0.516819,0.584708,0.593797,0.582393
4252,1,1,1,0,1,1,0,0,1,0,0,0,1,-0.0361077,0.0198405,-0.0433213,0.569302,0.515534,0.584708,0.599941,0.581622
4253,0,0,0,1,1,1,0,0,1,0,0,0,1,-0.0453884,0.0223523,-0.0439319,0.573558,0.517639,0.544737,0.60118,0.559551
4254,1,0,0,1,1,1,0,0,1,0,0,0,1,-0.0521039,0.0136348,-0.055864,0.564061,0.515675,0.544737,0.599901,0.558962
4255,0,1,0,1,1,1,0,0,1,0,0,0,1,-0.0276969,0.0296577,-0.0266309,0.611204,0.517622,0.609436,0.604008,0.569615
4256,1,1,0,1,1,1,0,0,1,0,0,0,1,-0.033024,0.0221497,-0.0403117,0.601707,0.516037,0.609436,0.604008,0.568971
4257,0,0,1,1,1,1,0,0,1,0,0,0,1,-0.0456437,0.0219174,-0.0407721,0.560343,0.515775,0.544737,0.592053,0.567862
4258,1,0,1,1,1,1,0,0,1,0,0,0,1,-0.0520228,0.0143174,-0.0529171,0.550846,0.515053,0.544737,0.592295,0.567889
4259,0,1,1,1,1,1,0,0,1,0,0,0,1,-0.0291121,0.0275093,-0.0253861,0.578799,0.515627,0.584708,0.592342,0.577279
4260,1,1,1,1,1,1,0,0,1,0,0,0,1,-0.0342993,0.0209228,-0.038712,0.569302,0.515187,0.584708,0.594176,0.57731
4261,1,0,0,0,0,0,1,0,1,0,0,0,1,-0.0582911,0.00914423,-0.059865,0.537197,0.513561,0.502066,0.558533,0.584368
4262,0,1,0,0,0,0,1,0,1,0,0,0,1,-0.0343552,0.0249513,-0.0309325,0.592985,0.529115,0.577987,0.586999,0.597757
4263,1,1,0,0,0,0,1,0,1,0,0,0,1,-0.0396823,0.0173953,-0.0446134,0.583488,0.520068,0.577987,0.601433,0.590357
4264,0,0,1,0,0,0,1,0,1,0,0,0,1,-0.0517373,0.0177849,-0.0432072,0.533479,0.515035,0.502066,0.516919,0.591895
4265,1,0,1,0,0,0,1,0,1,0,0,0,1,-0.0581162,0.0101118,-0.0553523,0.523982,0.513418,0.502066,0.541718,0.598657
4266,0,1,1,0,0,0,1,0,1,0,0,0,1,-0.0353048,0.0234744,-0.0291997,0.56058,0.518828,0.553259,0.561037,0.594412
4267,1,1,1,0,0,0,1,0,1,0,0,0,1,-0.0404919,0.0168287,-0.0425256,0.551083,0.516124,0.553259,0.586421,0.598746
4268,1,1,0,1,0,0,1,0,1,0,0,0,1,-0.036388,0.0193754,-0.0411254,0.583488,0.517301,0.577987,0.587057,0.59758
4269,0,0,1,1,0,0,1,0,1,0,0,0,1,-0.0493259,0.0185275,-0.0416089,0.533479,0.515497,0.502066,0.549391,0.583214
4270,1,0,1,1,0,0,1,0,1,0,0,0,1,-0.0557049,0.0109026,-0.0537541,0.523982,0.514716,0.502066,0.557723,0.591605
4271,0,1,1,1,0,0,1,0,1,0,0,0,1,-0.0327945,0.0241204,-0.0262228,0.56058,0.51609,0.553259,0.557047,0.586302
4272,1,1,1,1,0,0,1,0,1,0,0,0,1,-0.0379818,0.0175156,-0.0395488,0.551083,0.515425,0.553259,0.568794,0.593884
4273,0,0,0,0,1,0,1,0,1,0,0,0,1,-0.0520671,0.0171492,-0.0514199,0.546694,0.51474,0.492324,0.556066,0.578959
4274,1,0,0,0,1,0,1,0,1,0,0,0,1,-0.0587824,0.00839324,-0.0633519,0.537197,0.514101,0.492324,0.574791,0.573706
4275,1,1,0,0,1,0,1,0,1,0,0,0,1,-0.0401737,0.0166329,-0.0481004,0.583488,0.516669,0.577987,0.60298,0.581177
4276,0,0,1,0,1,0,1,0,1,0,0,0,1,-0.0521155,0.0165341,-0.0468622,0.533479,0.514609,0.492324,0.548047,0.587497
4277,1,0,1,0,1,0,1,0,1,0,0,0,1,-0.0584945,0.00887653,-0.0590071,0.523982,0.514241,0.492324,0.565171,0.587091
4278,0,1,1,0,1,0,1,0,1,0,0,0,1,-0.0356831,0.0222204,-0.0328548,0.56058,0.516219,0.553259,0.580396,0.595486
4279,1,1,1,0,1,0,1,0,1,0,0,0,1,-0.0408703,0.0155865,-0.0461806,0.551083,0.515288,0.553259,0.594233,0.596037
4280,0,0,0,1,1,0,1,0,1,0,0,0,1,-0.0499163,0.0178018,-0.047626,0.546694,0.515807,0.492324,0.564441,0.574755
4281,1,0,0,1,1,0,1,0,1,0,0,0,1,-0.0566317,0.00907431,-0.0595582,0.537197,0.514998,0.492324,0.572813,0.574217
4282,0,1,0,1,1,0,1,0,1,0,0,0,1,-0.0322253,0.0251013,-0.0303251,0.592985,0.517138,0.577987,0.58254,0.584123
4283,1,1,0,1,1,0,1,0,1,0,0,0,1,-0.0375524,0.0175867,-0.0440058,0.583488,0.515825,0.577987,0.591843,0.583744
4284,0,0,1,1,1,0,1,0,1,0,0,0,1,-0.0501717,0.0173715,-0.0444662,0.533479,0.515076,0.492324,0.558425,0.580798
4285,1,0,1,1,1,0,1,0,1,0,0,0,1,-0.0565508,0.00976201,-0.0566112,0.523982,0.514792,0.492324,0.56663,0.582463
4286,0,1,1,1,1,0,1,0,1,0,0,0,1,-0.0336406,0.0229603,-0.0290802,0.56058,0.5154,0.553259,0.568223,0.587906
4287,1,1,1,1,1,0,1,0,1,0,0,0,1,-0.0388278,0.0163677,-0.042406,0.551083,0.515087,0.553259,0.575832,0.590963
4288,0,0,0,0,0,1,1,0,1,0,0,0,1,-0.0506989,0.019513,-0.0463391,0.546694,0.519612,0.516066,0.591798,0.577244
4289,1,0,0,0,0,1,1,0,1,0,0,0,1,-0.0574142,0.010746,-0.0582713,0.537197,0.515422,0.516066,0.591953,0.566208
4290,0,1,0,0,0,1,1,0,1,0,0,0,1,-0.0334783,0.0265563,-0.0293386,0.592985,0.52043,0.577987,0.604725,0.58356
4291,1,1,0,0,0,1,1,0,1,0,0,0,1,-0.0388054,0.0190027,-0.0430195,0.583488,0.51676,0.577987,0.604725,0.573414
4292,0,0,1,0,0,1,1,0,1,0,0,0,1,-0.0508603,0.0193904,-0.0416134,0.533479,0.516399,0.516066,0.566199,0.59297
4293,1,0,1,0,0,1,1,0,1,0,0,0,1,-0.0572393,0.0117226,-0.0537585,0.523982,0.514732,0.516066,0.566199,0.585646
4294,0,1,1,0,0,1,1,0,1,0,0,0,1,-0.0344278,0.0250867,-0.0276058,0.56058,0.516545,0.553259,0.583365,0.599518
4295,1,1,1,0,0,1,1,0,1,0,0,0,1,-0.039615,0.0184443,-0.0409318,0.551083,0.515346,0.553259,0.587604,0.59224
4296,0,0,0,1,0,1,1,0,1,0,0,0,1,-0.047889,0.0213788,-0.0425508,0.546694,0.517268,0.516066,0.584273,0.580172
4297,1,0,0,1,0,1,1,0,1,0,0,0,1,-0.0546044,0.0126434,-0.0544832,0.537197,0.515394,0.516066,0.584273,0.575948
4298,0,1,0,1,0,1,1,0,1,0,0,0,1,-0.0301978,0.0287009,-0.0252495,0.592985,0.517035,0.577987,0.598383,0.589379
4299,1,1,0,1,0,1,1,0,1,0,0,0,1,-0.0355249,0.0211778,-0.0389306,0.583488,0.515735,0.577987,0.598383,0.583396
4300,0,0,1,1,0,1,1,0,1,0,0,0,1,-0.0484629,0.0203188,-0.0394141,0.533479,0.515615,0.516066,0.55606,0.587879
4301,1,0,1,1,0,1,1,0,1,0,0,0,1,-0.0548419,0.0126994,-0.0515593,0.523982,0.51494,0.516066,0.55606,0.587655
4302,0,1,1,1,0,1,1,0,1,0,0,0,1,-0.0319315,0.0259197,-0.0240278,0.56058,0.515396,0.553259,0.575039,0.596153
4303,1,1,1,1,0,1,1,0,1,0,0,0,1,-0.0371187,0.0193182,-0.0373539,0.551083,0.515067,0.553259,0.575769,0.595975
4304,0,0,0,0,1,1,1,0,1,0,0,0,1,-0.0494992,0.019209,-0.0487947,0.546694,0.515597,0.506324,0.604201,0.565062
4305,1,0,0,0,1,1,1,0,1,0,0,0,1,-0.0562145,0.0104601,-0.0607268,0.537197,0.514745,0.506324,0.605059,0.555006
4306,0,1,0,0,1,1,1,0,1,0,0,0,1,-0.0322784,0.0262412,-0.0317944,0.592985,0.516595,0.577987,0.614869,0.572726
4307,1,1,0,0,1,1,1,0,1,0,0,0,1,-0.0376054,0.0187027,-0.0454752,0.583488,0.515452,0.577987,0.617172,0.563422
4308,0,0,1,0,1,1,1,0,1,0,0,0,1,-0.0495474,0.0185989,-0.0442371,0.533479,0.515057,0.506324,0.583966,0.578837
4309,1,0,1,0,1,1,1,0,1,0,0,0,1,-0.0559265,0.010947,-0.056382,0.523982,0.514681,0.506324,0.589946,0.574413
4310,0,1,1,0,1,1,1,0,1,0,0,0,1,-0.0331148,0.0242901,-0.0302296,0.56058,0.51536,0.553259,0.599217,0.587691
4311,1,1,1,0,1,1,1,0,1,0,0,0,1,-0.038302,0.0176595,-0.0435555,0.551083,0.514986,0.553259,0.604787,0.582064
4312,0,0,0,1,1,1,1,0,1,0,0,0,1,-0.0475825,0.0201528,-0.0441661,0.546694,0.51545,0.506324,0.596165,0.566615
4313,1,0,0,1,1,1,1,0,1,0,0,0,1,-0.0542979,0.0114303,-0.0560983,0.537197,0.514944,0.506324,0.596165,0.563002
4314,0,1,0,1,1,1,1,0,1,0,0,0,1,-0.0298912,0.0274617,-0.026865,0.592985,0.515647,0.577987,0.607283,0.575628
4315,1,1,0,1,1,1,1,0,1,0,0,0,1,-0.0352183,0.0199488,-0.0405459,0.583488,0.515166,0.577987,0.607283,0.572026
4316,0,0,1,1,1,1,1,0,1,0,0,0,1,-0.0478378,0.0197239,-0.0410062,0.533479,0.515022,0.506324,0.567241,0.574249
4317,1,0,1,1,1,1,1,0,1,0,0,0,1,-0.0542169,0.0121169,-0.0531513,0.523982,0.514834,0.506324,0.567241,0.574131
4318,0,1,1,1,1,1,1,0,1,0,0,0,1,-0.0313064,0.0253186,-0.0256201,0.56058,0.515043,0.553259,0.583218,0.582702
4319,1,1,1,1,1,1,1,0,1,0,0,0,1,-0.0364936,0.0187262,-0.0389461,0.551083,0.514916,0.553259,0.584156,0.582581
4320,0,0,0,0,0,0,0,1,1,0,0,0,1,-0.046511,0.0211312,-0.0454886,0.565401,0.522337,0.540479,0.503805,0.586157
4321,1,0,0,0,0,0,0,1,1,0,0,0,1,-0.0532262,0.0123613,-0.0574207,0.555904,0.51623,0.540479,0.511273,0.594408
4322,0,1,0,0,0,0,0,1,1,0,0,0,1,-0.0292904,0.0281534,-0.0284885,0.603047,0.533076,0.614448,0.569462,0.589486
4323,0,0,1,0,0,0,0,1,1,0,0,0,1,-0.0466724,0.0209886,-0.040763,0.552186,0.516806,0.540479,0.520368,0.579697
4324,1,0,1,0,0,0,0,1,1,0,0,0,1,-0.0530512,0.0133131,-0.052908,0.542689,0.514465,0.540479,0.54245,0.587959
4325,0,1,1,0,0,0,0,1,1,0,0,0,1,-0.0302398,0.0266689,-0.0267556,0.570642,0.520318,0.58972,0.555436,0.582148
4326,1,1,1,0,0,0,0,1,1,0,0,0,1,-0.035427,0.0200204,-0.0400817,0.561145,0.516891,0.58972,0.57161,0.589712
4327,0,0,0,1,0,0,0,1,1,0,0,0,1,-0.0436871,0.0228084,-0.0423014,0.565401,0.519494,0.540479,0.554992,0.577148
4328,1,0,0,1,0,0,0,1,1,0,0,0,1,-0.0504024,0.0140698,-0.0542336,0.555904,0.516307,0.540479,0.547819,0.585862
4329,0,1,0,1,0,0,0,1,1,0,0,0,1,-0.025996,0.0301055,-0.0250005,0.603047,0.522173,0.614448,0.577492,0.580923
4330,0,0,1,1,0,0,0,1,1,0,0,0,1,-0.044261,0.0217279,-0.0391648,0.552186,0.516121,0.540479,0.552189,0.571507
4331,1,0,1,1,0,0,0,1,1,0,0,0,1,-0.0506399,0.0141005,-0.0513099,0.542689,0.515084,0.540479,0.54932,0.579341
4332,0,1,1,1,0,0,0,1,1,0,0,0,1,-0.0277296,0.0273111,-0.0237788,0.570642,0.516696,0.58972,0.56434,0.57379
4333,1,1,1,1,0,0,0,1,1,0,0,0,1,-0.0329168,0.0207035,-0.0371049,0.561145,0.515749,0.58972,0.574684,0.581768
4334,0,0,0,0,1,0,0,1,1,0,0,0,1,-0.0465418,0.0209026,-0.0491799,0.565401,0.517203,0.530737,0.526203,0.583233
4335,1,0,0,0,1,0,0,1,1,0,0,0,1,-0.0532571,0.0121475,-0.0611118,0.555904,0.515344,0.530737,0.536309,0.583421
4336,0,1,0,0,1,0,0,1,1,0,0,0,1,-0.0293212,0.0279162,-0.0321798,0.603047,0.521269,0.614448,0.577621,0.590141
4337,1,1,0,0,1,0,0,1,1,0,0,0,1,-0.0346482,0.020374,-0.0458606,0.59355,0.517427,0.614448,0.580794,0.593656
4338,0,0,1,0,1,0,0,1,1,0,0,0,1,-0.0465901,0.0202719,-0.0446222,0.552186,0.515522,0.530737,0.552176,0.580695
4339,1,0,1,0,1,0,0,1,1,0,0,0,1,-0.052969,0.0126108,-0.0567671,0.542689,0.514723,0.530737,0.551691,0.588529
4340,0,1,1,0,1,0,0,1,1,0,0,0,1,-0.0301576,0.0259493,-0.030615,0.570642,0.516798,0.58972,0.568257,0.583718
4341,1,1,1,0,1,0,0,1,1,0,0,0,1,-0.0353447,0.019312,-0.0439409,0.561145,0.515582,0.58972,0.572324,0.591088
4342,0,0,0,1,1,0,0,1,1,0,0,0,1,-0.0443909,0.0215615,-0.0453862,0.565401,0.516674,0.530737,0.546654,0.575947
4343,1,0,0,1,1,0,0,1,1,0,0,0,1,-0.0511063,0.012835,-0.0573182,0.555904,0.515444,0.530737,0.546647,0.57883
4344,0,1,0,1,1,0,0,1,1,0,0,0,1,-0.0266999,0.0288482,-0.0280853,0.603047,0.517778,0.614448,0.582501,0.582093
4345,1,1,0,1,1,0,0,1,1,0,0,0,1,-0.0320269,0.021334,-0.0417662,0.59355,0.516149,0.614448,0.583596,0.588473
4346,0,0,1,1,1,0,0,1,1,0,0,0,1,-0.0446463,0.0211127,-0.0422264,0.552186,0.515395,0.530737,0.545633,0.573021
4347,1,0,1,1,1,0,0,1,1,0,0,0,1,-0.0510252,0.0134999,-0.0543713,0.542689,0.514961,0.530737,0.544712,0.580871
4348,0,1,1,1,1,0,0,1,1,0,0,0,1,-0.0281151,0.026692,-0.0268405,0.570642,0.515631,0.58972,0.568996,0.575916
4349,1,1,1,1,1,0,0,1,1,0,0,0,1,-0.0333022,0.0200962,-0.0401665,0.561145,0.515209,0.58972,0.572027,0.583338
4350,0,0,0,0,0,1,0,1,1,0,0,0,1,-0.0465553,0.0236241,-0.0419762,0.565401,0.521498,0.554479,0.583641,0.59
4351,1,0,0,0,0,1,0,1,1,0,0,0,1,-0.0532706,0.0148599,-0.0539085,0.555904,0.516478,0.554479,0.563379,0.586614
4352,0,1,0,0,0,1,0,1,1,0,0,0,1,-0.0293347,0.0306566,-0.0249758,0.603047,0.521671,0.614448,0.598331,0.598586
4353,1,1,0,0,0,1,0,1,1,0,0,0,1,-0.0346617,0.0231054,-0.0386569,0.59355,0.517411,0.614448,0.601648,0.593997
4354,0,0,1,0,0,1,0,1,1,0,0,0,1,-0.0467167,0.0234951,-0.0372506,0.552186,0.517101,0.554479,0.557458,0.590608
4355,1,0,1,0,0,1,0,1,1,0,0,0,1,-0.0530956,0.0158286,-0.0493957,0.542689,0.515144,0.554479,0.549285,0.597361
4356,0,1,1,0,0,1,0,1,1,0,0,0,1,-0.0302842,0.0291829,-0.023243,0.570642,0.517016,0.58972,0.573342,0.592775
4357,1,1,1,0,0,1,0,1,1,0,0,0,1,-0.0354713,0.0225415,-0.0365692,0.561145,0.515603,0.58972,0.586486,0.598909
4358,0,0,0,1,0,1,0,1,1,0,0,0,1,-0.0437453,0.0254958,-0.038188,0.565401,0.51793,0.554479,0.574151,0.584964
4359,1,0,0,1,0,1,0,1,1,0,0,0,1,-0.0504607,0.0167632,-0.0501203,0.555904,0.515773,0.554479,0.562494,0.584745
4360,0,1,0,1,0,1,0,1,1,0,0,0,1,-0.0260541,0.0328072,-0.0208868,0.603047,0.517532,0.614448,0.590317,0.591718
4361,1,1,0,1,0,1,0,1,1,0,0,0,1,-0.0313812,0.0252866,-0.0345679,0.59355,0.516009,0.614448,0.590512,0.594296
4362,0,0,1,1,0,1,0,1,1,0,0,0,1,-0.0443192,0.0244255,-0.0350514,0.552186,0.515859,0.554479,0.566916,0.582952
4363,1,0,1,1,0,1,0,1,1,0,0,0,1,-0.0506981,0.0168076,-0.0471966,0.542689,0.515084,0.554479,0.56793,0.590426
4364,0,1,1,1,0,1,0,1,1,0,0,0,1,-0.0277878,0.030018,-0.0196651,0.570642,0.515578,0.58972,0.578439,0.585257
4365,1,1,1,1,0,1,0,1,1,0,0,0,1,-0.032975,0.0234177,-0.0329914,0.561145,0.515172,0.58972,0.58461,0.592384
4366,0,0,0,0,1,1,0,1,1,0,0,0,1,-0.0439607,0.023638,-0.0448257,0.565401,0.51682,0.544737,0.575232,0.575928
4367,1,0,0,0,1,1,0,1,1,0,0,0,1,-0.0506761,0.0148912,-0.0567577,0.555904,0.515328,0.544737,0.563568,0.574667
4368,0,1,0,0,1,1,0,1,1,0,0,0,1,-0.0267397,0.030659,-0.0278254,0.603047,0.517203,0.614448,0.596188,0.58562
4369,1,1,0,0,1,1,0,1,1,0,0,0,1,-0.0320668,0.0231224,-0.0415062,0.59355,0.515747,0.614448,0.590405,0.583799
4370,0,0,1,0,1,1,0,1,1,0,0,0,1,-0.0440089,0.0230181,-0.040268,0.552186,0.51551,0.544737,0.560182,0.584199
4371,1,0,1,0,1,1,0,1,1,0,0,0,1,-0.0503879,0.0153669,-0.052413,0.542689,0.514904,0.544737,0.552464,0.583843
4372,0,1,1,0,1,1,0,1,1,0,0,0,1,-0.0275761,0.0287005,-0.0262606,0.570642,0.515587,0.58972,0.573888,0.592891
4373,1,1,1,0,1,1,0,1,1,0,0,0,1,-0.0327633,0.0220706,-0.0395866,0.561145,0.5151,0.58972,0.586584,0.592934
4374,0,0,0,1,1,1,0,1,1,0,0,0,1,-0.042044,0.0245903,-0.0401971,0.565401,0.515882,0.544737,0.575138,0.571408
4375,1,0,0,1,1,1,0,1,1,0,0,0,1,-0.0487594,0.0158699,-0.0521293,0.555904,0.515153,0.544737,0.56381,0.571342
4376,0,1,0,1,1,1,0,1,1,0,0,0,1,-0.0243525,0.0318878,-0.022896,0.603047,0.515884,0.614448,0.59423,0.580977
4377,1,1,0,1,1,1,0,1,1,0,0,0,1,-0.0296796,0.0243769,-0.036577,0.59355,0.515286,0.614448,0.587552,0.580901
4378,0,0,1,1,1,1,0,1,1,0,0,0,1,-0.0422993,0.0241508,-0.0370373,0.552186,0.515181,0.544737,0.57015,0.577659
4379,1,0,1,1,1,1,0,1,1,0,0,0,1,-0.0486783,0.0165446,-0.0491823,0.542689,0.514913,0.544737,0.5628,0.579218
4380,0,1,1,1,1,1,0,1,1,0,0,0,1,-0.0257677,0.0297368,-0.0216512,0.570642,0.515129,0.58972,0.580763,0.586313
4381,1,1,1,1,1,1,0,1,1,0,0,0,1,-0.0309548,0.0231451,-0.0349773,0.561145,0.514962,0.58972,0.584293,0.587905
4382,0,0,0,0,0,0,1,1,1,0,0,0,1,-0.0492489,0.0190977,-0.0452122,0.546694,0.516004,0.502066,0.541847,0.595083
4383,1,0,0,0,0,0,1,1,1,0,0,0,1,-0.0559642,0.0103225,-0.0571445,0.537197,0.51452,0.502066,0.548005,0.599079
4384,0,1,0,0,0,0,1,1,1,0,0,0,1,-0.0320285,0.0261246,-0.0282119,0.592985,0.520333,0.582999,0.576416,0.597075
4385,1,1,0,0,0,0,1,1,1,0,0,0,1,-0.0373555,0.0185653,-0.0418928,0.583488,0.51689,0.582999,0.584382,0.599029
4386,0,0,1,0,0,0,1,1,1,0,0,0,1,-0.0494104,0.0189627,-0.0404865,0.533479,0.514965,0.502066,0.542464,0.588466
4387,1,0,1,0,0,0,1,1,1,0,0,0,1,-0.0557893,0.011283,-0.0526317,0.523982,0.514367,0.502066,0.551363,0.595988
4388,0,1,1,0,0,0,1,1,1,0,0,0,1,-0.032978,0.0246459,-0.0264791,0.56058,0.516391,0.558272,0.546115,0.590011
4389,1,1,1,0,0,0,1,1,1,0,0,0,1,-0.0381651,0.0179945,-0.0398051,0.551083,0.515354,0.558272,0.56063,0.596596
4390,0,0,0,1,0,0,1,1,1,0,0,0,1,-0.046425,0.020762,-0.0420249,0.546694,0.515988,0.502066,0.552619,0.587342
4391,1,0,0,1,0,0,1,1,1,0,0,0,1,-0.0531404,0.012018,-0.0539573,0.537197,0.515066,0.502066,0.551141,0.595103
4392,1,1,0,1,0,0,1,1,1,0,0,0,1,-0.0340612,0.0205351,-0.0384049,0.583488,0.515789,0.582999,0.566598,0.596867
4393,0,0,1,1,0,0,1,1,1,0,0,0,1,-0.046999,0.0196936,-0.0388883,0.533479,0.515096,0.502066,0.550125,0.580818
4394,1,0,1,1,0,0,1,1,1,0,0,0,1,-0.053378,0.012062,-0.0510335,0.523982,0.514803,0.502066,0.549302,0.588755
4395,0,1,1,1,0,0,1,1,1,0,0,0,1,-0.0304677,0.0252804,-0.0235022,0.56058,0.515326,0.558272,0.550125,0.58293
4396,1,1,1,1,0,0,1,1,1,0,0,0,1,-0.0356549,0.01867,-0.0368283,0.551083,0.515064,0.558272,0.555164,0.589889
4397,0,0,0,0,1,0,1,1,1,0,0,0,1,-0.0497402,0.0183394,-0.0486992,0.546694,0.514852,0.492324,0.551541,0.590075
4398,1,0,0,0,1,0,1,1,1,0,0,0,1,-0.0564555,0.00958,-0.0606313,0.537197,0.514615,0.492324,0.547771,0.589646
4399,0,1,0,0,1,0,1,1,1,0,0,0,1,-0.0325199,0.0253573,-0.031699,0.592985,0.516705,0.582999,0.580408,0.598255
4400,1,1,0,0,1,0,1,1,1,0,0,0,1,-0.0378469,0.0178115,-0.0453798,0.583488,0.515549,0.582999,0.590689,0.597441
4401,0,0,1,0,1,0,1,1,1,0,0,0,1,-0.0497887,0.0177207,-0.0441415,0.533479,0.514766,0.492324,0.556456,0.590396
4402,1,0,1,0,1,0,1,1,1,0,0,0,1,-0.0561676,0.0100563,-0.0562866,0.523982,0.51463,0.492324,0.559203,0.597051
4403,0,1,1,0,1,0,1,1,1,0,0,0,1,-0.0333563,0.0234006,-0.0301342,0.56058,0.515367,0.558272,0.562341,0.59251
4404,1,1,1,0,1,0,1,1,1,0,0,0,1,-0.0385434,0.0167609,-0.0434601,0.551083,0.515011,0.558272,0.574665,0.598507
4405,0,0,0,1,1,0,1,1,1,0,0,0,1,-0.0475893,0.0189808,-0.0449054,0.546694,0.515208,0.492324,0.553429,0.584893
4406,1,0,0,1,1,0,1,1,1,0,0,0,1,-0.0543048,0.0102499,-0.0568377,0.537197,0.514905,0.492324,0.550449,0.585337
4407,0,1,0,1,1,0,1,1,1,0,0,0,1,-0.0298986,0.0262724,-0.0276044,0.592985,0.515707,0.582999,0.56992,0.5916
4408,1,1,0,1,1,0,1,1,1,0,0,0,1,-0.0352256,0.0187546,-0.0412853,0.583488,0.515209,0.582999,0.579428,0.594349
4409,0,0,1,1,1,0,1,1,1,0,0,0,1,-0.0478449,0.0185459,-0.0417455,0.533479,0.514923,0.492324,0.556905,0.583439
4410,1,0,1,1,1,0,1,1,1,0,0,0,1,-0.0542239,0.0109297,-0.0538907,0.523982,0.514817,0.492324,0.55568,0.590696
4411,0,1,1,1,1,0,1,1,1,0,0,0,1,-0.0313138,0.0241287,-0.0263596,0.56058,0.515046,0.558272,0.558587,0.585536
4412,1,1,1,1,1,0,1,1,1,0,0,0,1,-0.0365009,0.0175305,-0.0396856,0.551083,0.514925,0.558272,0.566062,0.592225
4413,0,0,0,0,0,1,1,1,1,0,0,0,1,-0.0478548,0.0211204,-0.0425007,0.546694,0.516643,0.516066,0.570984,0.594023
4414,1,0,0,0,0,1,1,1,1,0,0,0,1,-0.0545701,0.0123506,-0.054433,0.537197,0.5151,0.516066,0.568598,0.584965
4415,0,1,0,0,0,1,1,1,1,0,0,0,1,-0.0306342,0.0281576,-0.0255002,0.592985,0.516969,0.582999,0.594564,0.600634
4416,1,1,0,0,0,1,1,1,1,0,0,0,1,-0.0359612,0.0206018,-0.0391812,0.583488,0.515582,0.582999,0.592196,0.591563
4417,0,0,1,0,0,1,1,1,1,0,0,0,1,-0.0480162,0.0209965,-0.037775,0.533479,0.515424,0.516066,0.540199,0.598276
4418,1,0,1,0,0,1,1,1,1,0,0,0,1,-0.0543952,0.013324,-0.0499202,0.523982,0.51481,0.516066,0.540199,0.60098
4419,0,1,1,0,0,1,1,1,1,0,0,0,1,-0.0315837,0.0266878,-0.0237673,0.56058,0.515487,0.558272,0.566657,0.599311
4420,1,1,1,0,0,1,1,1,1,0,0,0,1,-0.0367709,0.0200418,-0.0370935,0.551083,0.515032,0.558272,0.569318,0.602064
4421,0,0,0,1,0,1,1,1,1,0,0,0,1,-0.0450448,0.0229734,-0.0387124,0.546694,0.515746,0.516066,0.550583,0.590933
4422,1,0,0,1,0,1,1,1,1,0,0,0,1,-0.0517602,0.0142353,-0.0506449,0.537197,0.515051,0.516066,0.550231,0.590685
4423,0,1,0,1,0,1,1,1,1,0,0,0,1,-0.0273537,0.0302901,-0.021411,0.592985,0.51567,0.582999,0.577433,0.59922
4424,1,1,0,1,0,1,1,1,1,0,0,0,1,-0.0326808,0.0227648,-0.0350922,0.583488,0.515176,0.582999,0.577433,0.598689
4425,0,0,1,1,0,1,1,1,1,0,0,0,1,-0.0456187,0.0219126,-0.0355757,0.533479,0.515122,0.516066,0.550125,0.592053
4426,1,0,1,1,0,1,1,1,1,0,0,0,1,-0.0519977,0.0142885,-0.047721,0.523982,0.514872,0.516066,0.550125,0.597644
4427,0,1,1,1,0,1,1,1,1,0,0,0,1,-0.0290873,0.0275093,-0.0201894,0.56058,0.515045,0.558272,0.555664,0.593675
4428,1,1,1,1,0,1,1,1,1,0,0,0,1,-0.0342746,0.0209043,-0.0335156,0.551083,0.514918,0.558272,0.556868,0.599327
4429,0,0,0,0,1,1,1,1,1,0,0,0,1,-0.046655,0.0208225,-0.0449563,0.546694,0.515128,0.506324,0.580498,0.582297
4430,1,0,0,0,1,1,1,1,1,0,0,0,1,-0.0533704,0.0120708,-0.0568885,0.537197,0.514814,0.506324,0.567688,0.57469
4431,0,1,0,0,1,1,1,1,1,0,0,0,1,-0.0294343,0.0278487,-0.0279559,0.592985,0.515502,0.582999,0.596524,0.590396
4432,1,1,0,0,1,1,1,1,1,0,0,0,1,-0.0347613,0.0203078,-0.0416369,0.583488,0.515069,0.582999,0.598631,0.582623
4433,0,0,1,0,1,1,1,1,1,0,0,0,1,-0.0467033,0.0202119,-0.0403986,0.533479,0.514915,0.506324,0.556642,0.589695
4434,1,0,1,0,1,1,1,1,1,0,0,0,1,-0.0530823,0.0125553,-0.0525437,0.523982,0.514777,0.506324,0.561319,0.589674
4435,0,1,1,0,1,1,1,1,1,0,0,0,1,-0.0302707,0.0258981,-0.0263911,0.56058,0.51503,0.558272,0.582441,0.597827
4436,1,1,1,0,1,1,1,1,1,0,0,0,1,-0.0354579,0.019264,-0.0397172,0.551083,0.514888,0.558272,0.588734,0.597596
4437,0,0,0,1,1,1,1,1,1,0,0,0,1,-0.0447383,0.021754,-0.0403277,0.546694,0.51506,0.506324,0.562352,0.578028
4438,1,0,0,1,1,1,1,1,1,0,0,0,1,-0.0514538,0.0130286,-0.0522601,0.537197,0.514873,0.506324,0.549721,0.57785
4439,0,1,0,1,1,1,1,1,1,0,0,0,1,-0.0270471,0.0290574,-0.0230265,0.592985,0.515136,0.582999,0.584057,0.586592
4440,1,1,0,1,1,1,1,1,1,0,0,0,1,-0.0323742,0.0215422,-0.0367075,0.583488,0.514954,0.582999,0.584506,0.586683
4441,0,0,1,1,1,1,1,1,1,0,0,0,1,-0.0449937,0.0213248,-0.0371678,0.533479,0.514897,0.506324,0.550125,0.584498
4442,1,0,1,1,1,1,1,1,1,0,0,0,1,-0.0513727,0.0137132,-0.049313,0.523982,0.514828,0.506324,0.553088,0.585055
4443,0,1,1,1,1,1,1,1,1,0,0,0,1,-0.0284623,0.0269154,-0.0217817,0.56058,0.514906,0.558272,0.56557,0.592258
4444,1,1,1,1,1,1,1,1,1,0,0,0,1,-0.0336495,0.0203195,-0.0351078,0.551083,0.514858,0.558272,0.569126,0.592798
4445,1,0,0,0,0,0,0,0,0,1,0,0,1,-0.064545,0.00450725,-0.0696469,0.564061,0.502546,0.53028,0.482593,0.566195
4446,0,1,0,0,0,0,0,0,0,1,0,0,1,-0.0406091,0.0202923,-0.0407154,0.620169,0.5555,0.599925,0.517214,0.582866
4447,1,1,0,0,0,0,0,0,0,1,0,0,1,-0.0459361,0.0127483,-0.0543958,0.610672,0.529484,0.599925,0.533635,0.573312
4448,0,0,1,0,0,0,0,0,0,1,0,0,1,-0.0579912,0.0131313,-0.0529895,0.560343,0.508115,0.53028,0.486891,0.581128
4449,1,0,1,0,0,0,0,0,0,1,0,0,1,-0.0643702,0.00546836,-0.0651342,0.550846,0.508046,0.53028,0.499082,0.581064
4450,0,1,1,0,0,0,0,0,0,1,0,0,1,-0.0415586,0.0188137,-0.0389825,0.587764,0.528158,0.575197,0.511577,0.589629
4451,1,1,1,0,0,0,0,0,0,1,0,0,1,-0.0467458,0.0121793,-0.0523081,0.578267,0.519125,0.575197,0.530926,0.590736
4452,0,0,0,1,0,0,0,0,0,1,0,0,1,-0.055006,0.0149636,-0.054528,0.573558,0.513924,0.53028,0.537307,0.567397
4453,1,0,0,1,0,0,0,0,0,1,0,0,1,-0.0617213,0.00623369,-0.06646,0.564061,0.514161,0.53028,0.525816,0.567005
4454,0,1,0,1,0,0,0,0,0,1,0,0,1,-0.0373147,0.022259,-0.0372275,0.620169,0.532439,0.599925,0.534195,0.577915
4455,1,1,0,1,0,0,0,0,0,1,0,0,1,-0.0426418,0.0147453,-0.050908,0.610672,0.522733,0.599925,0.534429,0.577177
4456,0,0,1,1,0,0,0,0,0,1,0,0,1,-0.0555799,0.0138881,-0.0513915,0.560343,0.513958,0.53028,0.527818,0.573247
4457,1,0,1,1,0,0,0,0,0,1,0,0,1,-0.061959,0.00627323,-0.0635363,0.550846,0.513945,0.53028,0.520806,0.575832
4458,0,1,1,1,0,0,0,0,0,1,0,0,1,-0.0390484,0.019471,-0.0360058,0.587764,0.520286,0.575197,0.531025,0.580139
4459,1,1,1,1,0,0,0,0,0,1,0,0,1,-0.0442356,0.0128776,-0.0493315,0.578267,0.517317,0.575197,0.542702,0.585203
4460,0,0,0,0,1,0,0,0,0,1,0,0,1,-0.0578604,0.0130111,-0.0614063,0.573558,0.496091,0.520538,0.486802,0.557208
4461,1,0,0,0,1,0,0,0,0,1,0,0,1,-0.0645757,0.0042649,-0.073338,0.564061,0.505841,0.520538,0.49701,0.552579
4462,0,1,0,0,1,0,0,0,0,1,0,0,1,-0.0406398,0.0200263,-0.0444067,0.620169,0.525107,0.599925,0.514166,0.567608
4463,1,1,0,0,1,0,0,0,0,1,0,0,1,-0.0459668,0.0124954,-0.058087,0.610672,0.51864,0.599925,0.526447,0.562219
4464,0,0,1,0,1,0,0,0,0,1,0,0,1,-0.0579089,0.0123855,-0.0568487,0.560343,0.507762,0.520538,0.503888,0.566875
4465,1,0,1,0,1,0,0,0,0,1,0,0,1,-0.0642879,0.00473709,-0.0689933,0.550846,0.510758,0.520538,0.509299,0.565993
4466,0,1,1,0,1,0,0,0,0,1,0,0,1,-0.0414763,0.0180649,-0.0428419,0.587764,0.518132,0.575197,0.525366,0.576678
4467,1,1,1,0,1,0,0,0,0,1,0,0,1,-0.0466634,0.0114418,-0.0561673,0.578267,0.515861,0.575197,0.535066,0.575725
4468,0,0,0,1,1,0,0,0,0,1,0,0,1,-0.0557096,0.0136892,-0.0576127,0.573558,0.510402,0.520538,0.51117,0.552387
4469,1,0,0,1,1,0,0,0,0,1,0,0,1,-0.062425,0.00497145,-0.0695445,0.564061,0.513148,0.520538,0.508642,0.552071
4470,0,1,0,1,1,0,0,0,0,1,0,0,1,-0.0380185,0.0209741,-0.0403124,0.620169,0.520343,0.599925,0.522216,0.563107
4471,1,1,0,1,1,0,0,0,0,1,0,0,1,-0.0433455,0.0134712,-0.0539927,0.610672,0.517406,0.599925,0.52623,0.562675
4472,0,0,1,1,1,0,0,0,0,1,0,0,1,-0.0559651,0.0132445,-0.054453,0.560343,0.513104,0.520538,0.510138,0.559168
4473,1,0,1,1,1,0,0,0,0,1,0,0,1,-0.0623441,0.00564417,-0.0665977,0.550846,0.514006,0.520538,0.50911,0.561159
4474,0,1,1,1,1,0,0,0,0,1,0,0,1,-0.0394337,0.0188234,-0.0390675,0.587764,0.516534,0.575197,0.525821,0.569471
4475,1,1,1,1,1,0,0,0,0,1,0,0,1,-0.0446208,0.0122418,-0.052393,0.578267,0.515637,0.575197,0.528167,0.571142
4476,0,0,0,0,0,1,0,0,0,1,0,0,1,-0.0579929,0.0156686,-0.0554671,0.573558,0.521925,0.557153,0.520455,0.558004
4477,1,0,0,0,0,1,0,0,0,1,0,0,1,-0.0647081,0.00691214,-0.067399,0.564061,0.513674,0.557153,0.507488,0.545958
4478,0,1,0,0,0,1,0,0,0,1,0,0,1,-0.0407723,0.0227013,-0.0384672,0.620169,0.530889,0.612798,0.529805,0.565145
4479,1,1,0,0,0,1,0,0,0,1,0,0,1,-0.0460993,0.0151602,-0.0521477,0.610672,0.520152,0.612798,0.537042,0.553928
4480,0,0,1,0,0,1,0,0,0,1,0,0,1,-0.0581543,0.0155442,-0.0507415,0.560343,0.517241,0.557153,0.511462,0.572399
4481,1,0,1,0,0,1,0,0,0,1,0,0,1,-0.0645334,0.00788864,-0.0628863,0.550846,0.513645,0.557153,0.510643,0.567187
4482,0,1,1,0,0,1,0,0,0,1,0,0,1,-0.0417218,0.0212329,-0.0367344,0.587764,0.520329,0.588071,0.506711,0.581789
4483,1,1,1,0,0,1,0,0,0,1,0,0,1,-0.046909,0.014604,-0.0500601,0.578267,0.516448,0.588071,0.521233,0.574578
4484,0,0,0,1,0,1,0,0,0,1,0,0,1,-0.055183,0.0175553,-0.051679,0.573558,0.518113,0.557153,0.532434,0.558945
4485,1,0,0,1,0,1,0,0,0,1,0,0,1,-0.0618983,0.00883034,-0.063611,0.564061,0.515514,0.557153,0.52781,0.554679
4486,0,1,0,1,0,1,0,0,0,1,0,0,1,-0.0374918,0.0248636,-0.0343783,0.620169,0.521152,0.612798,0.529845,0.568713
4487,1,1,0,1,0,1,0,0,0,1,0,0,1,-0.0428188,0.0173529,-0.0480589,0.610672,0.51753,0.612798,0.528458,0.564426
4488,0,0,1,1,0,1,0,0,0,1,0,0,1,-0.0557569,0.0164889,-0.0485425,0.560343,0.515935,0.557153,0.524596,0.567761
4489,1,0,1,1,0,1,0,0,0,1,0,0,1,-0.062136,0.00888181,-0.0606873,0.550846,0.514877,0.557153,0.524259,0.567097
4490,0,1,1,1,0,1,0,0,0,1,0,0,1,-0.0392255,0.0220801,-0.0331567,0.587764,0.516867,0.588071,0.524333,0.576908
4491,1,1,1,1,0,1,0,0,0,1,0,0,1,-0.0444127,0.0154922,-0.0464824,0.578267,0.515697,0.588071,0.525073,0.57619
4492,0,0,0,0,1,1,0,0,0,1,0,0,1,-0.0553983,0.0156507,-0.0583165,0.573558,0.511267,0.547411,0.517871,0.542997
4493,1,0,0,0,1,1,0,0,0,1,0,0,1,-0.0621136,0.0069118,-0.0702482,0.564061,0.51231,0.547411,0.499279,0.530263
4494,0,1,0,0,1,1,0,0,0,1,0,0,1,-0.0381774,0.0226718,-0.0413167,0.620169,0.518737,0.612798,0.537715,0.552602
4495,1,1,0,0,1,1,0,0,0,1,0,0,1,-0.0435044,0.0151454,-0.054997,0.610672,0.516114,0.612798,0.526605,0.541407
4496,0,0,1,0,1,1,0,0,0,1,0,0,1,-0.0554466,0.0150348,-0.0537589,0.560343,0.513482,0.547411,0.522254,0.557762
4497,1,0,1,0,1,1,0,0,0,1,0,0,1,-0.0618257,0.00739459,-0.0659034,0.550846,0.513622,0.547411,0.504929,0.553117
4498,0,1,1,0,1,1,0,0,0,1,0,0,1,-0.0390138,0.0207181,-0.0397519,0.587764,0.516136,0.588071,0.521622,0.567215
4499,1,1,1,0,1,1,0,0,0,1,0,0,1,-0.044201,0.0141007,-0.0530774,0.578267,0.515178,0.588071,0.526363,0.56275
4500,0,0,0,1,1,1,0,0,0,1,0,0,1,-0.0534816,0.0166189,-0.053688,0.573558,0.513818,0.547411,0.525325,0.543903
4501,1,0,0,1,1,1,0,0,0,1,0,0,1,-0.0601971,0.00790631,-0.0656199,0.564061,0.514295,0.547411,0.5114,0.538941
4502,0,1,0,1,1,1,0,0,0,1,0,0,1,-0.0357901,0.0239133,-0.0363875,0.620169,0.516604,0.612798,0.538347,0.554231
4503,1,1,0,1,1,1,0,0,0,1,0,0,1,-0.0411172,0.0164124,-0.0500679,0.610672,0.515629,0.612798,0.526653,0.549786
4504,0,0,1,1,1,1,0,0,0,1,0,0,1,-0.053737,0.0161817,-0.0505283,0.560343,0.514433,0.547411,0.529166,0.552418
4505,1,0,1,1,1,1,0,0,0,1,0,0,1,-0.0601161,0.00858638,-0.062673,0.550846,0.514558,0.547411,0.51834,0.552482
4506,0,1,1,1,1,1,0,0,0,1,0,0,1,-0.0372054,0.0217663,-0.0351427,0.587764,0.515384,0.588071,0.528286,0.562056
4507,1,1,1,1,1,1,0,0,0,1,0,0,1,-0.0423926,0.0151871,-0.0484682,0.578267,0.515077,0.588071,0.527816,0.562081
4508,0,0,0,0,0,0,1,0,0,1,0,0,1,-0.0593724,0.0119464,-0.0578905,0.546694,0.503684,0.491866,0.507015,0.574718
4509,1,0,0,0,0,0,1,0,0,1,0,0,1,-0.0660876,0.00318177,-0.0698225,0.537197,0.50782,0.491866,0.519148,0.562871
4510,1,1,0,0,0,0,1,0,0,1,0,0,1,-0.047479,0.0114277,-0.0545711,0.592453,0.518703,0.568476,0.531847,0.569586
4511,0,0,1,0,0,0,1,0,0,1,0,0,1,-0.059534,0.0118165,-0.0531649,0.533479,0.510262,0.491866,0.498353,0.587075
4512,1,0,1,0,0,0,1,0,0,1,0,0,1,-0.0659129,0.00415104,-0.0653097,0.523982,0.511352,0.491866,0.510967,0.582726
4513,0,1,1,0,0,0,1,0,0,1,0,0,1,-0.0431015,0.0175011,-0.0391578,0.569545,0.518476,0.543748,0.509159,0.59556
4514,1,1,1,0,0,0,1,0,0,1,0,0,1,-0.0482886,0.0108654,-0.0524834,0.560048,0.515819,0.543748,0.528709,0.588777
4515,0,0,0,1,0,0,1,0,0,1,0,0,1,-0.0565486,0.0136265,-0.0547034,0.546694,0.512863,0.491866,0.537189,0.573903
4516,1,0,0,1,0,0,1,0,0,1,0,0,1,-0.0632639,0.00489308,-0.0666354,0.537197,0.513764,0.491866,0.535124,0.572571
4517,1,1,0,1,0,0,1,0,0,1,0,0,1,-0.0441846,0.0134097,-0.0510833,0.592453,0.517145,0.568476,0.537309,0.580359
4518,0,0,1,1,0,0,1,0,0,1,0,0,1,-0.0571226,0.0125627,-0.0515668,0.533479,0.513898,0.491866,0.527571,0.581415
4519,1,0,1,1,0,0,1,0,0,1,0,0,1,-0.0635017,0.00494527,-0.0637117,0.523982,0.514186,0.491866,0.523224,0.581433
4520,0,1,1,1,0,0,1,0,0,1,0,0,1,-0.0405913,0.0181488,-0.036181,0.569545,0.516403,0.543748,0.523227,0.589986
4521,1,1,1,1,0,0,1,0,0,1,0,0,1,-0.0457785,0.0115541,-0.0495067,0.560048,0.515516,0.543748,0.527758,0.59018
4522,0,0,0,0,1,0,1,0,0,1,0,0,1,-0.0598635,0.0111591,-0.0613775,0.546694,0.503582,0.482124,0.516046,0.561375
4523,1,0,0,0,1,0,1,0,0,1,0,0,1,-0.0665788,0.00241045,-0.0733093,0.537197,0.509764,0.482124,0.521522,0.551535
4524,0,1,0,0,1,0,1,0,0,1,0,0,1,-0.0426432,0.0181779,-0.0443778,0.60195,0.51656,0.568476,0.531832,0.569459
4525,1,1,0,0,1,0,1,0,0,1,0,0,1,-0.0479702,0.0106449,-0.058058,0.592453,0.515376,0.568476,0.5545,0.559409
4526,0,0,1,0,1,0,1,0,0,1,0,0,1,-0.0599121,0.0105452,-0.0568199,0.533479,0.510615,0.482124,0.526618,0.57252
4527,1,0,1,0,1,0,1,0,0,1,0,0,1,-0.0662911,0.00289523,-0.0689645,0.523982,0.512658,0.482124,0.530471,0.570755
4528,0,1,1,0,1,0,1,0,0,1,0,0,1,-0.0434797,0.0162265,-0.0428129,0.569545,0.515286,0.543748,0.534571,0.581405
4529,1,1,1,0,1,0,1,0,0,1,0,0,1,-0.0486668,0.00960258,-0.0561383,0.560048,0.51488,0.543748,0.550746,0.578565
4530,0,0,0,1,1,0,1,0,0,1,0,0,1,-0.0577127,0.0118186,-0.0575838,0.546694,0.511968,0.482124,0.517253,0.559519
4531,1,0,0,1,1,0,1,0,0,1,0,0,1,-0.0644281,0.00309827,-0.0695157,0.537197,0.513675,0.482124,0.513141,0.557581
4532,0,1,0,1,1,0,1,0,0,1,0,0,1,-0.0400219,0.0191075,-0.0402833,0.60195,0.516198,0.568476,0.537144,0.569118
4533,1,1,0,1,1,0,1,0,0,1,0,0,1,-0.0453489,0.0116025,-0.0539637,0.592453,0.515474,0.568476,0.535252,0.567509
4534,0,0,1,1,1,0,1,0,0,1,0,0,1,-0.0579683,0.0113872,-0.054424,0.533479,0.513735,0.482124,0.523567,0.567259
4535,1,0,1,1,1,0,1,0,0,1,0,0,1,-0.0643473,0.00378525,-0.0665688,0.523982,0.514321,0.482124,0.521808,0.567433
4536,0,1,1,1,1,0,1,0,0,1,0,0,1,-0.0414372,0.0169692,-0.0390384,0.569545,0.515212,0.543748,0.536827,0.576277
4537,1,1,1,1,1,0,1,0,0,1,0,0,1,-0.0466243,0.0103867,-0.0523639,0.560048,0.515009,0.543748,0.536575,0.576338
4538,0,0,0,0,0,1,1,0,0,1,0,0,1,-0.0584955,0.0135187,-0.0562968,0.546694,0.515023,0.51874,0.524841,0.555389
4539,1,0,0,0,0,1,1,0,0,1,0,0,1,-0.0652107,0.0047589,-0.0682288,0.537197,0.513333,0.51874,0.52218,0.543475
4540,0,1,0,0,0,1,1,0,0,1,0,0,1,-0.041275,0.0205545,-0.0392968,0.60195,0.519547,0.58135,0.538432,0.56214
4541,1,1,0,0,0,1,1,0,0,1,0,0,1,-0.046602,0.0130104,-0.0529774,0.592453,0.516239,0.58135,0.538432,0.551605
4542,0,0,1,0,0,1,1,0,0,1,0,0,1,-0.058657,0.0133975,-0.0515712,0.533479,0.514815,0.51874,0.517004,0.574345
4543,1,0,1,0,0,1,1,0,0,1,0,0,1,-0.065036,0.0057372,-0.063716,0.523982,0.513973,0.51874,0.514621,0.564228
4544,0,1,1,0,0,1,1,0,0,1,0,0,1,-0.0422246,0.0190887,-0.037564,0.569545,0.516409,0.556622,0.513064,0.580387
4545,1,1,1,0,0,1,1,0,0,1,0,0,1,-0.0474117,0.0124563,-0.0508896,0.560048,0.515209,0.556622,0.512885,0.571235
4546,0,0,0,1,0,1,1,0,0,1,0,0,1,-0.0556856,0.0153888,-0.0525087,0.546694,0.515284,0.51874,0.534816,0.562997
4547,1,0,0,1,0,1,1,0,0,1,0,0,1,-0.0624009,0.00666055,-0.0644408,0.537197,0.514712,0.51874,0.533065,0.553899
4548,1,1,0,1,0,1,1,0,0,1,0,0,1,-0.0433216,0.0151868,-0.0488885,0.592453,0.51561,0.58135,0.533664,0.561776
4549,0,0,1,1,0,1,1,0,0,1,0,0,1,-0.0562596,0.0143288,-0.0493721,0.533479,0.514953,0.51874,0.531515,0.573159
4550,1,0,1,1,0,1,1,0,0,1,0,0,1,-0.0626386,0.0067169,-0.061517,0.523982,0.514703,0.51874,0.530544,0.571816
4551,0,1,1,1,0,1,1,0,0,1,0,0,1,-0.0397282,0.0199228,-0.0339862,0.569545,0.515428,0.556622,0.525042,0.581324
4552,1,1,1,1,0,1,1,0,0,1,0,0,1,-0.0449154,0.0133314,-0.0473119,0.560048,0.515064,0.556622,0.525042,0.579948
4553,0,0,0,0,1,1,1,0,0,1,0,0,1,-0.0572957,0.0131904,-0.0587524,0.546694,0.511185,0.508998,0.52818,0.541509
4554,1,0,0,0,1,1,1,0,0,1,0,0,1,-0.064011,0.00444875,-0.0706843,0.537197,0.512975,0.508998,0.510371,0.531792
4555,0,1,0,0,1,1,1,0,0,1,0,0,1,-0.0400751,0.0202152,-0.0417526,0.60195,0.515299,0.58135,0.530568,0.550598
4556,1,1,0,0,1,1,1,0,0,1,0,0,1,-0.0454021,0.0126861,-0.0554329,0.592453,0.514903,0.58135,0.528996,0.539257
4557,0,0,1,0,1,1,1,0,0,1,0,0,1,-0.0573441,0.0125816,-0.0541948,0.533479,0.513468,0.508998,0.521695,0.560792
4558,1,0,1,0,1,1,1,0,0,1,0,0,1,-0.0637232,0.00493719,-0.0663395,0.523982,0.514032,0.508998,0.519224,0.552314
4559,0,1,1,0,1,1,1,0,0,1,0,0,1,-0.0409115,0.0182677,-0.0401877,0.569545,0.51495,0.556622,0.521695,0.568745
4560,1,1,1,0,1,1,1,0,0,1,0,0,1,-0.0460987,0.0116471,-0.0535132,0.560048,0.514803,0.556622,0.521695,0.56037
4561,0,0,0,1,1,1,1,0,0,1,0,0,1,-0.055379,0.01414,-0.0541239,0.546694,0.513724,0.508998,0.530022,0.547471
4562,1,0,0,1,1,1,1,0,0,1,0,0,1,-0.0620944,0.00542462,-0.0660559,0.537197,0.514327,0.508998,0.513685,0.538379
4563,0,1,0,1,1,1,1,0,0,1,0,0,1,-0.0376878,0.0214384,-0.0368233,0.60195,0.515162,0.58135,0.535614,0.557176
4564,1,1,0,1,1,1,1,0,0,1,0,0,1,-0.0430149,0.0139349,-0.0505038,0.592453,0.51498,0.58135,0.529589,0.549438
4565,0,0,1,1,1,1,1,0,0,1,0,0,1,-0.0556345,0.01371,-0.0509642,0.533479,0.514409,0.508998,0.530757,0.559251
4566,1,0,1,1,1,1,1,0,0,1,0,0,1,-0.0620135,0.00611056,-0.063109,0.523982,0.514611,0.508998,0.522484,0.556829
4567,0,1,1,1,1,1,1,0,0,1,0,0,1,-0.0391031,0.0192979,-0.0355784,0.569545,0.514912,0.556622,0.529143,0.567915
4568,1,1,1,1,1,1,1,0,0,1,0,0,1,-0.0442902,0.0127156,-0.048904,0.560048,0.514863,0.556622,0.529143,0.566231
4569,0,0,0,0,0,0,0,1,0,1,0,0,1,-0.0548438,0.0160681,-0.0563598,0.565401,0.509572,0.53028,0.51806,0.583709
4570,1,0,0,0,0,0,0,1,0,1,0,0,1,-0.0615589,0.0073002,-0.0682916,0.555904,0.510612,0.53028,0.510543,0.582504
4571,0,1,0,0,0,0,0,1,0,1,0,0,1,-0.0376235,0.0230835,-0.0393601,0.612012,0.530377,0.604937,0.542377,0.593558
4572,1,1,0,0,0,0,0,1,0,1,0,0,1,-0.0429504,0.0155321,-0.0530406,0.602515,0.520534,0.604937,0.542015,0.590471
4573,0,0,1,0,0,0,0,1,0,1,0,0,1,-0.0550054,0.0159267,-0.0516343,0.552186,0.512459,0.53028,0.519069,0.584116
4574,1,0,1,0,0,0,0,1,0,1,0,0,1,-0.0613841,0.008252,-0.0637789,0.542689,0.512448,0.53028,0.519184,0.591803
4575,0,1,1,0,0,0,0,1,0,1,0,0,1,-0.038573,0.0216023,-0.0376273,0.579607,0.51995,0.580209,0.536087,0.58747
4576,1,1,1,0,0,0,0,1,0,1,0,0,1,-0.04376,0.0149568,-0.0509529,0.57011,0.516527,0.580209,0.539678,0.594724
4577,0,0,0,1,0,0,0,1,0,1,0,0,1,-0.05202,0.0177497,-0.0531728,0.565401,0.514618,0.53028,0.534165,0.577221
4578,1,0,0,1,0,0,0,1,0,1,0,0,1,-0.0587352,0.00901298,-0.0651046,0.555904,0.514694,0.53028,0.520933,0.578479
4579,0,1,0,1,0,0,0,1,0,1,0,0,1,-0.0343291,0.0250376,-0.0358723,0.612012,0.521561,0.604937,0.540772,0.585221
4580,1,1,0,1,0,0,0,1,0,1,0,0,1,-0.0396561,0.0175165,-0.0495528,0.602515,0.517871,0.604937,0.541483,0.588229
4581,0,0,1,1,0,0,0,1,0,1,0,0,1,-0.052594,0.016668,-0.0500362,0.552186,0.514552,0.53028,0.525201,0.575536
4582,1,0,1,1,0,0,0,1,0,1,0,0,1,-0.0589729,0.00904154,-0.062181,0.542689,0.514543,0.53028,0.519698,0.583917
4583,0,1,1,1,0,0,0,1,0,1,0,0,1,-0.0360628,0.0222451,-0.0346506,0.579607,0.516927,0.580209,0.540949,0.578825
4584,1,1,1,1,0,0,0,1,0,1,0,0,1,-0.0412499,0.0156407,-0.0479763,0.57011,0.515792,0.580209,0.545738,0.58654
4585,0,0,0,0,1,0,0,1,0,1,0,0,1,-0.0548746,0.0158264,-0.0600511,0.565401,0.508023,0.520538,0.516654,0.569169
4586,1,0,0,0,1,0,0,1,0,1,0,0,1,-0.0615897,0.00707327,-0.0719827,0.555904,0.511628,0.520538,0.517671,0.568232
4587,0,1,0,0,1,0,0,1,0,1,0,0,1,-0.0376542,0.0228331,-0.0430515,0.612012,0.518806,0.604937,0.539343,0.579184
4588,1,1,0,0,1,0,0,1,0,1,0,0,1,-0.0429812,0.0152946,-0.0567317,0.602515,0.516337,0.604937,0.541071,0.578392
4589,0,0,1,0,1,0,0,1,0,1,0,0,1,-0.054923,0.0151956,-0.0554935,0.552186,0.51226,0.520538,0.524414,0.577046
4590,1,0,1,0,1,0,0,1,0,1,0,0,1,-0.0613019,0.00753548,-0.067638,0.542689,0.513369,0.520538,0.524308,0.57752
4591,0,1,1,0,1,0,0,1,0,1,0,0,1,-0.0384907,0.0208683,-0.0414866,0.579607,0.516114,0.580209,0.541157,0.586346
4592,1,1,1,0,1,0,0,1,0,1,0,0,1,-0.0436777,0.0142341,-0.0548121,0.57011,0.515246,0.580209,0.544132,0.586732
4593,0,0,0,1,1,0,0,1,0,1,0,0,1,-0.0527237,0.0164913,-0.0562574,0.565401,0.513238,0.520538,0.51035,0.563769
4594,1,0,0,1,1,0,0,1,0,1,0,0,1,-0.0594389,0.00776665,-0.0681892,0.555904,0.514246,0.520538,0.510344,0.564151
4595,0,1,0,1,1,0,0,1,0,1,0,0,1,-0.0350329,0.0237688,-0.0389571,0.612012,0.516937,0.604937,0.524558,0.574178
4596,1,1,0,1,1,0,0,1,0,1,0,0,1,-0.0403598,0.0162583,-0.0526375,0.602515,0.515819,0.604937,0.529478,0.574339
4597,0,0,1,1,1,0,0,1,0,1,0,0,1,-0.0529792,0.0160404,-0.0530977,0.552186,0.514205,0.520538,0.518743,0.568972
4598,1,0,1,1,1,0,0,1,0,1,0,0,1,-0.0593581,0.00842841,-0.0652424,0.542689,0.514536,0.520538,0.518994,0.57201
4599,0,1,1,1,1,0,0,1,0,1,0,0,1,-0.0364481,0.0216136,-0.0377123,0.579607,0.515482,0.580209,0.527294,0.578217
4600,1,1,1,1,1,0,0,1,0,1,0,0,1,-0.0416351,0.0150209,-0.0510378,0.57011,0.515139,0.580209,0.532402,0.58128
4601,1,0,0,0,0,1,0,1,0,1,0,0,1,-0.0616032,0.00979337,-0.0647795,0.555904,0.514509,0.557153,0.509734,0.565422
4602,0,1,0,0,0,1,0,1,0,1,0,0,1,-0.0376677,0.0255812,-0.0358477,0.612012,0.520928,0.617811,0.534998,0.582838
4603,1,1,0,0,0,1,0,1,0,1,0,0,1,-0.0429946,0.0180338,-0.0495282,0.602515,0.516892,0.617811,0.53884,0.573196
4604,0,0,1,0,0,1,0,1,0,1,0,0,1,-0.0550496,0.0184277,-0.048122,0.552186,0.515747,0.557153,0.525384,0.583454
4605,1,0,1,0,0,1,0,1,0,1,0,0,1,-0.0614284,0.0107621,-0.0602668,0.542689,0.514431,0.557153,0.512473,0.582753
4606,0,1,1,0,0,1,0,1,0,1,0,0,1,-0.0386172,0.0241107,-0.0341149,0.579607,0.516921,0.593083,0.524093,0.592349
4607,1,1,1,0,0,1,0,1,0,1,0,0,1,-0.0438043,0.0174725,-0.0474406,0.57011,0.515462,0.593083,0.537715,0.590874
4608,0,0,0,1,0,1,0,1,0,1,0,0,1,-0.0520782,0.0204312,-0.0490595,0.565401,0.516075,0.557153,0.542752,0.570615
4609,1,0,0,1,0,1,0,1,0,1,0,0,1,-0.0587934,0.0117005,-0.0609915,0.555904,0.515117,0.557153,0.527015,0.569834
4610,0,1,0,1,0,1,0,1,0,1,0,0,1,-0.0343872,0.0277335,-0.0317588,0.612012,0.517234,0.617811,0.540282,0.579981
4611,1,1,0,1,0,1,0,1,0,1,0,0,1,-0.0397142,0.0202166,-0.0454394,0.602515,0.515865,0.617811,0.540282,0.57923
4612,0,0,1,1,0,1,0,1,0,1,0,0,1,-0.0526521,0.0193598,-0.0459229,0.552186,0.515247,0.557153,0.538713,0.578226
4613,1,0,1,1,0,1,0,1,0,1,0,0,1,-0.059031,0.0117428,-0.0580678,0.542689,0.514857,0.557153,0.535489,0.578323
4614,0,1,1,1,0,1,0,1,0,1,0,0,1,-0.0361209,0.0249462,-0.0305371,0.579607,0.515604,0.593083,0.535446,0.586783
4615,1,1,1,1,0,1,0,1,0,1,0,0,1,-0.041308,0.0183491,-0.0438629,0.57011,0.515161,0.593083,0.540985,0.586794
4616,0,0,0,0,1,1,0,1,0,1,0,0,1,-0.0522935,0.0185514,-0.055697,0.565401,0.513545,0.547411,0.525195,0.559892
4617,1,0,0,0,1,1,0,1,0,1,0,0,1,-0.0590087,0.00980657,-0.0676287,0.555904,0.513937,0.547411,0.513993,0.553492
4618,0,1,0,0,1,1,0,1,0,1,0,0,1,-0.0350728,0.0255655,-0.0386971,0.612012,0.516328,0.617811,0.535456,0.569861
4619,1,1,0,0,1,1,0,1,0,1,0,0,1,-0.0403997,0.0180327,-0.0523775,0.602515,0.515335,0.617811,0.531846,0.562374
4620,0,0,1,0,1,1,0,1,0,1,0,0,1,-0.0523419,0.0179315,-0.0511393,0.552186,0.514341,0.547411,0.534792,0.569478
4621,1,0,1,0,1,1,0,1,0,1,0,0,1,-0.0587208,0.0102811,-0.0632839,0.542689,0.514395,0.547411,0.524681,0.569055
4622,0,1,1,0,1,1,0,1,0,1,0,0,1,-0.0359092,0.0236091,-0.0371324,0.579607,0.51533,0.593083,0.540188,0.578522
4623,1,1,1,0,1,1,0,1,0,1,0,0,1,-0.0410963,0.0169823,-0.0504579,0.57011,0.514966,0.593083,0.546537,0.577948
4624,0,0,0,1,1,1,0,1,0,1,0,0,1,-0.0503768,0.0195087,-0.0510685,0.565401,0.514466,0.547411,0.520576,0.556379
4625,1,0,0,1,1,1,0,1,0,1,0,0,1,-0.0570921,0.0107902,-0.0630004,0.555904,0.514642,0.547411,0.508074,0.555948
4626,0,1,0,1,1,1,0,1,0,1,0,0,1,-0.0326856,0.026797,-0.0337679,0.612012,0.515504,0.617811,0.531625,0.56619
4627,1,1,0,1,1,1,0,1,0,1,0,0,1,-0.0380125,0.0192898,-0.0474484,0.602515,0.515134,0.617811,0.521889,0.56609
4628,0,0,1,1,1,1,0,1,0,1,0,0,1,-0.0506322,0.0190671,-0.0479088,0.552186,0.514683,0.547411,0.531514,0.563779
4629,1,0,1,1,1,1,0,1,0,1,0,0,1,-0.0570111,0.0114618,-0.0600535,0.542689,0.514729,0.547411,0.522845,0.564409
4630,0,1,1,1,1,1,0,1,0,1,0,0,1,-0.0341007,0.024647,-0.0325231,0.579607,0.515038,0.593083,0.541414,0.572995
4631,1,1,1,1,1,1,0,1,0,1,0,0,1,-0.0392878,0.0180584,-0.0458487,0.57011,0.514921,0.593083,0.540128,0.573468
4632,0,0,0,0,0,0,1,1,0,1,0,0,1,-0.0570934,0.0138567,-0.0560443,0.546694,0.510773,0.491866,0.533041,0.589065
4633,1,0,0,0,0,0,1,1,0,1,0,0,1,-0.0638085,0.0050854,-0.0679762,0.537197,0.512355,0.491866,0.521259,0.580935
4634,0,1,0,0,0,0,1,1,0,1,0,0,1,-0.0398732,0.0208763,-0.0390444,0.60195,0.519266,0.573488,0.534569,0.596138
4635,1,1,0,0,0,0,1,1,0,1,0,0,1,-0.0452002,0.0133226,-0.0527249,0.592453,0.516359,0.573488,0.539999,0.5874
4636,0,0,1,0,0,0,1,1,0,1,0,0,1,-0.057255,0.0137227,-0.0513187,0.533479,0.513164,0.491866,0.521501,0.593479
4637,1,0,1,0,0,0,1,1,0,1,0,0,1,-0.0636338,0.00604625,-0.0634634,0.523982,0.513587,0.491866,0.510563,0.596255
4638,0,1,1,0,0,0,1,1,0,1,0,0,1,-0.0408227,0.0194007,-0.0373116,0.569545,0.516236,0.548761,0.521501,0.595475
4639,1,1,1,0,0,0,1,1,0,1,0,0,1,-0.0460098,0.0127548,-0.0506372,0.560048,0.51523,0.548761,0.532335,0.599762
4640,0,0,0,1,0,0,1,1,0,1,0,0,1,-0.0542696,0.0155264,-0.0528571,0.546694,0.514128,0.491866,0.544251,0.584223
4641,1,0,0,1,0,0,1,1,0,1,0,0,1,-0.0609848,0.00678628,-0.0647891,0.537197,0.514472,0.491866,0.537932,0.583961
4642,0,1,0,1,0,0,1,1,0,1,0,0,1,-0.0365789,0.0228185,-0.0355565,0.60195,0.516854,0.573488,0.544251,0.593124
4643,1,1,0,1,0,0,1,1,0,1,0,0,1,-0.0419059,0.0152953,-0.049237,0.592453,0.515723,0.573488,0.544251,0.593011
4644,0,0,1,1,0,0,1,1,0,1,0,0,1,-0.0548437,0.0144571,-0.0497205,0.533479,0.514492,0.491866,0.532176,0.585908
4645,1,0,1,1,0,0,1,1,0,1,0,0,1,-0.0612226,0.0068288,-0.0618654,0.523982,0.514602,0.491866,0.520024,0.591192
4646,0,1,1,1,0,0,1,1,0,1,0,0,1,-0.0383126,0.0200372,-0.0343348,0.569545,0.515433,0.548761,0.529187,0.58831
4647,1,1,1,1,0,0,1,1,0,1,0,0,1,-0.0434997,0.0134323,-0.0476605,0.560048,0.515094,0.548761,0.531052,0.595087
4648,0,0,0,0,1,0,1,1,0,1,0,0,1,-0.0575845,0.0130849,-0.0595312,0.546694,0.510702,0.482124,0.519279,0.575199
4649,1,0,0,0,1,0,1,1,0,1,0,0,1,-0.0642997,0.00432939,-0.071463,0.537197,0.513,0.482124,0.513947,0.570401
4650,0,1,0,0,1,0,1,1,0,1,0,0,1,-0.0403645,0.0200955,-0.0425315,0.60195,0.515524,0.573488,0.539722,0.584639
4651,1,1,0,0,1,0,1,1,0,1,0,0,1,-0.0456914,0.0125553,-0.0562118,0.592453,0.515063,0.573488,0.541783,0.578016
4652,0,0,1,0,1,0,1,1,0,1,0,0,1,-0.0576331,0.0124664,-0.0549736,0.533479,0.51328,0.482124,0.517771,0.583025
4653,1,0,1,0,1,0,1,1,0,1,0,0,1,-0.064012,0.00480545,-0.0671182,0.523982,0.51404,0.482124,0.512282,0.582829
4654,0,1,1,0,1,0,1,1,0,1,0,0,1,-0.041201,0.0181412,-0.0409667,0.569545,0.515015,0.548761,0.526417,0.59145
4655,1,1,1,0,1,0,1,1,0,1,0,0,1,-0.046388,0.0115071,-0.0542921,0.560048,0.514857,0.548761,0.528811,0.591519
4656,0,0,0,1,1,0,1,1,0,1,0,0,1,-0.0554337,0.0137332,-0.0557375,0.546694,0.51378,0.482124,0.528951,0.570673
4657,1,0,0,1,1,0,1,1,0,1,0,0,1,-0.0621489,0.00500616,-0.0676694,0.537197,0.514413,0.482124,0.525448,0.570734
4658,0,1,0,1,1,0,1,1,0,1,0,0,1,-0.0377432,0.0210149,-0.0384371,0.60195,0.515354,0.573488,0.547594,0.579869
4659,1,1,0,1,1,0,1,1,0,1,0,0,1,-0.0430701,0.0135027,-0.0521175,0.592453,0.515077,0.573488,0.547342,0.579815
4660,0,0,1,1,1,0,1,1,0,1,0,0,1,-0.0556893,0.0132968,-0.0525778,0.533479,0.514424,0.482124,0.528406,0.577318
4661,1,0,1,1,1,0,1,1,0,1,0,0,1,-0.0620682,0.00568396,-0.0647226,0.523982,0.514642,0.482124,0.525426,0.57814
4662,0,1,1,1,1,0,1,1,0,1,0,0,1,-0.0391584,0.0188728,-0.0371922,0.569545,0.514974,0.548761,0.541496,0.585695
4663,1,1,1,1,1,0,1,1,0,1,0,0,1,-0.0443455,0.0122801,-0.0505177,0.560048,0.514896,0.548761,0.54104,0.586418
4664,0,0,0,0,0,1,1,1,0,1,0,0,1,-0.0556992,0.0158675,-0.0533328,0.546694,0.514911,0.51874,0.531879,0.574002
4665,1,0,0,0,0,1,1,1,0,1,0,0,1,-0.0624143,0.00710167,-0.0652648,0.537197,0.514313,0.51874,0.524149,0.564028
4666,0,1,0,0,0,1,1,1,0,1,0,0,1,-0.038479,0.0228973,-0.0363328,0.60195,0.516621,0.586362,0.530961,0.580431
4667,1,1,0,0,0,1,1,1,0,1,0,0,1,-0.0438059,0.0153472,-0.0500133,0.592453,0.51538,0.586362,0.530961,0.571359
4668,0,0,1,0,0,1,1,1,0,1,0,0,1,-0.0558608,0.0157446,-0.0486072,0.533479,0.514825,0.51874,0.520298,0.588505
4669,1,0,1,0,0,1,1,1,0,1,0,0,1,-0.0622396,0.00807549,-0.060752,0.523982,0.514524,0.51874,0.517283,0.582289
4670,0,1,1,0,0,1,1,1,0,1,0,0,1,-0.0394285,0.0214307,-0.0345999,0.569545,0.515428,0.561634,0.519767,0.595627
4671,1,1,1,0,0,1,1,1,0,1,0,0,1,-0.0446156,0.0147903,-0.0479256,0.560048,0.514978,0.561634,0.519196,0.588886
4672,0,0,0,1,0,1,1,1,0,1,0,0,1,-0.0528893,0.0177257,-0.0495447,0.546694,0.515,0.51874,0.541867,0.576369
4673,1,0,0,1,0,1,1,1,0,1,0,0,1,-0.0596045,0.00899146,-0.0614768,0.537197,0.514795,0.51874,0.536949,0.572609
4674,0,1,0,1,0,1,1,1,0,1,0,0,1,-0.0351985,0.0250324,-0.0322438,0.60195,0.515557,0.586362,0.538754,0.585051
4675,1,1,0,1,0,1,1,1,0,1,0,0,1,-0.0405254,0.0175128,-0.0459245,0.592453,0.515127,0.586362,0.538754,0.580149
4676,0,0,1,1,0,1,1,1,0,1,0,0,1,-0.0534633,0.016664,-0.0464081,0.533479,0.514872,0.51874,0.533497,0.583388
4677,1,0,1,1,0,1,1,1,0,1,0,0,1,-0.0598422,0.00904334,-0.058553,0.523982,0.514782,0.51874,0.533497,0.583284
4678,0,1,1,1,0,1,1,1,0,1,0,0,1,-0.0369321,0.0222539,-0.0310221,0.569545,0.515054,0.561634,0.52845,0.591017
4679,1,1,1,1,0,1,1,1,0,1,0,0,1,-0.0421193,0.0156545,-0.0443479,0.560048,0.514916,0.561634,0.52845,0.591309
4680,0,0,0,0,1,1,1,1,0,1,0,0,1,-0.0544994,0.0155509,-0.0557884,0.546694,0.513488,0.508998,0.534029,0.562011
4681,1,0,0,0,1,1,1,1,0,1,0,0,1,-0.0612146,0.00680314,-0.0677203,0.537197,0.514156,0.508998,0.514569,0.553061
4682,0,1,0,0,1,1,1,1,0,1,0,0,1,-0.037279,0.0225698,-0.0387885,0.60195,0.515017,0.586362,0.540569,0.569759
4683,1,1,0,0,1,1,1,1,0,1,0,0,1,-0.0426059,0.0150346,-0.0524689,0.592453,0.514864,0.586362,0.532065,0.561501
4684,0,0,1,0,1,1,1,1,0,1,0,0,1,-0.0545479,0.0149406,-0.0512308,0.533479,0.514325,0.508998,0.53231,0.575231
4685,1,0,1,0,1,1,1,1,0,1,0,0,1,-0.0609268,0.00728741,-0.0633755,0.523982,0.514536,0.508998,0.52478,0.571231
4686,0,1,1,0,1,1,1,1,0,1,0,0,1,-0.0381155,0.0206217,-0.0372237,0.569545,0.514876,0.561634,0.53231,0.58345
4687,1,1,1,0,1,1,1,1,0,1,0,0,1,-0.0433025,0.0139931,-0.0505492,0.560048,0.514819,0.561634,0.540899,0.57896
4688,0,0,0,1,1,1,1,1,0,1,0,0,1,-0.0525827,0.0164885,-0.0511599,0.546694,0.51442,0.508998,0.541417,0.563461
4689,1,0,0,1,1,1,1,1,0,1,0,0,1,-0.059298,0.007767,-0.0630919,0.537197,0.514644,0.508998,0.525638,0.55952
4690,0,1,0,1,1,1,1,1,0,1,0,0,1,-0.0348918,0.023782,-0.0338592,0.60195,0.514955,0.586362,0.550125,0.572258
4691,1,1,0,1,1,1,1,1,0,1,0,0,1,-0.0402187,0.0162723,-0.0475398,0.592453,0.514884,0.586362,0.540031,0.568959
4692,0,0,1,1,1,1,1,1,0,1,0,0,1,-0.0528382,0.0160578,-0.0480001,0.533479,0.51467,0.508998,0.546258,0.570201
4693,1,0,1,1,1,1,1,1,0,1,0,0,1,-0.0592171,0.00844953,-0.060145,0.523982,0.514745,0.508998,0.535147,0.570704
4694,0,1,1,1,1,1,1,1,0,1,0,0,1,-0.036307,0.0216416,-0.0326144,0.569545,0.514857,0.561634,0.545779,0.578446
4695,1,1,1,1,1,1,1,1,0,1,0,0,1,-0.0414941,0.0150512,-0.04594,0.560048,0.514838,0.561634,0.546596,0.578772
4696,0,0,0,0,0,0,0,0,1,1,0,0,1,-0.0577131,0.0134835,-0.0558539,0.573558,0.510011,0.53028,0.49544,0.570609
4697,1,0,0,0,0,0,0,0,1,1,0,0,1,-0.0644282,0.00472068,-0.0677858,0.564061,0.510306,0.53028,0.527132,0.570275
4698,0,1,0,0,0,0,0,0,1,1,0,0,1,-0.0404927,0.020508,-0.0388543,0.611204,0.529911,0.593604,0.560474,0.580854
4699,1,1,0,0,0,0,0,0,1,1,0,0,1,-0.0458197,0.0129605,-0.0525347,0.601707,0.520323,0.593604,0.59631,0.580402
4700,0,0,1,0,0,0,0,0,1,1,0,0,1,-0.0578746,0.0133478,-0.0511283,0.560343,0.51256,0.53028,0.511496,0.573956
4701,1,0,1,0,0,0,0,0,1,1,0,0,1,-0.0642534,0.00568175,-0.0632731,0.550846,0.512387,0.53028,0.545717,0.578836
4702,0,1,1,0,0,0,0,0,1,1,0,0,1,-0.0414422,0.0190296,-0.0371214,0.578799,0.519638,0.568876,0.548745,0.577617
4703,1,1,1,0,0,0,0,0,1,1,0,0,1,-0.0466293,0.0123902,-0.050447,0.569302,0.516437,0.568876,0.569786,0.585361
4704,0,0,0,1,0,0,0,0,1,1,0,0,1,-0.0548893,0.0151691,-0.0526668,0.573558,0.515181,0.53028,0.544255,0.56328
4705,1,0,0,1,0,0,0,0,1,1,0,0,1,-0.0616045,0.00643747,-0.0645988,0.564061,0.514819,0.53028,0.553419,0.565656
4706,1,1,0,1,0,0,0,0,1,1,0,0,1,-0.0425254,0.0149508,-0.0490469,0.601707,0.517753,0.593604,0.575924,0.575926
4707,0,0,1,1,0,0,0,0,1,1,0,0,1,-0.0554633,0.0140945,-0.0495302,0.560343,0.514721,0.53028,0.551132,0.566021
4708,1,0,1,1,0,0,0,0,1,1,0,0,1,-0.0618421,0.00647659,-0.0616752,0.550846,0.514604,0.53028,0.559401,0.571098
4709,0,1,1,1,0,0,0,0,1,1,0,0,1,-0.0389321,0.0196783,-0.0341447,0.578799,0.516649,0.568876,0.556898,0.569265
4710,1,1,1,1,0,0,0,0,1,1,0,0,1,-0.0441192,0.0130798,-0.0474704,0.569302,0.515734,0.568876,0.566833,0.576956
4711,0,0,0,0,1,0,0,0,1,1,0,0,1,-0.0577438,0.0132461,-0.0595452,0.573558,0.508599,0.520538,0.518297,0.55659
4712,1,0,0,0,1,0,0,0,1,1,0,0,1,-0.0644589,0.00449819,-0.0714769,0.564061,0.511668,0.520538,0.534103,0.556064
4713,0,1,0,0,1,0,0,0,1,1,0,0,1,-0.0405235,0.0202619,-0.0425457,0.611204,0.518651,0.593604,0.546991,0.567297
4714,1,1,0,0,1,0,0,0,1,1,0,0,1,-0.0458504,0.0127275,-0.0562259,0.601707,0.516265,0.593604,0.569382,0.566541
4715,0,0,1,0,1,0,0,0,1,1,0,0,1,-0.0577922,0.0126217,-0.0549876,0.560343,0.512451,0.520538,0.543597,0.563269
4716,1,0,1,0,1,0,0,0,1,1,0,0,1,-0.064171,0.00497027,-0.0671322,0.550846,0.513403,0.520538,0.551972,0.565412
4717,0,1,1,0,1,0,0,0,1,1,0,0,1,-0.0413599,0.0183006,-0.0409808,0.578799,0.516008,0.568876,0.551097,0.573256
4718,1,1,1,0,1,0,0,0,1,1,0,0,1,-0.046547,0.0116725,-0.0543063,0.569302,0.515216,0.568876,0.567633,0.575229
4719,0,0,0,1,1,0,0,0,1,1,0,0,1,-0.0555929,0.0139138,-0.0557515,0.573558,0.513676,0.520538,0.555236,0.549267
4720,1,0,0,1,1,0,0,0,1,1,0,0,1,-0.0623082,0.00519432,-0.0676834,0.564061,0.514377,0.520538,0.555114,0.551347
4721,0,1,0,1,1,0,0,0,1,1,0,0,1,-0.0379021,0.0212023,-0.0384513,0.611204,0.516795,0.593604,0.572416,0.560273
4722,1,1,0,1,1,0,0,0,1,1,0,0,1,-0.0432291,0.0136958,-0.0521316,0.601707,0.515792,0.593604,0.581528,0.562068
4723,0,0,1,1,1,0,0,0,1,1,0,0,1,-0.0558484,0.0134709,-0.0525918,0.560343,0.514353,0.520538,0.562684,0.554446
4724,1,0,1,1,1,0,0,0,1,1,0,0,1,-0.0622272,0.00586758,-0.0647365,0.550846,0.51459,0.520538,0.564144,0.557942
4725,0,1,1,1,1,0,0,0,1,1,0,0,1,-0.0393173,0.0190508,-0.0372064,0.578799,0.515398,0.568876,0.561756,0.564394
4726,1,1,1,1,1,0,0,0,1,1,0,0,1,-0.0445044,0.0124641,-0.0505319,0.569302,0.515124,0.568876,0.570283,0.567793
4727,0,0,0,0,0,1,0,0,1,1,0,0,1,-0.0578762,0.0158823,-0.0536059,0.573558,0.518055,0.557153,0.55314,0.562825
4728,1,0,0,0,0,1,0,0,1,1,0,0,1,-0.0645913,0.00712408,-0.0655379,0.564061,0.514532,0.557153,0.566416,0.559907
4729,0,1,0,0,0,1,0,0,1,1,0,0,1,-0.0406559,0.0229156,-0.0366062,0.611204,0.520769,0.606478,0.575417,0.572565
4730,1,1,0,0,0,1,0,0,1,1,0,0,1,-0.0459829,0.0153709,-0.0502866,0.601707,0.516818,0.606478,0.588875,0.570134
4731,0,0,1,0,0,1,0,0,1,1,0,0,1,-0.0580377,0.0157591,-0.0488804,0.560343,0.515922,0.557153,0.533827,0.571875
4732,1,0,1,0,0,1,0,0,1,1,0,0,1,-0.0644165,0.00810052,-0.0610252,0.550846,0.514459,0.557153,0.547576,0.571014
4733,0,1,1,0,0,1,0,0,1,1,0,0,1,-0.0416055,0.0214474,-0.0348733,0.578799,0.516816,0.58175,0.551912,0.580839
4734,1,1,1,0,0,1,0,0,1,1,0,0,1,-0.0467925,0.0148135,-0.048199,0.569302,0.515432,0.58175,0.573802,0.580008
4735,0,0,0,1,0,1,0,0,1,1,0,0,1,-0.0550663,0.0177594,-0.0498178,0.573558,0.516427,0.557153,0.55864,0.558211
4736,1,0,0,1,0,1,0,0,1,1,0,0,1,-0.0617815,0.00903275,-0.0617499,0.564061,0.515216,0.557153,0.555759,0.557836
4737,0,1,0,1,0,1,0,0,1,1,0,0,1,-0.0373754,0.0250713,-0.0325172,0.611204,0.51707,0.606478,0.568666,0.568238
4738,1,1,0,1,0,1,0,0,1,1,0,0,1,-0.0427024,0.0175572,-0.0461978,0.601707,0.515829,0.606478,0.571826,0.56767
4739,0,0,1,1,0,1,0,0,1,1,0,0,1,-0.0556403,0.0166939,-0.0466813,0.560343,0.515364,0.557153,0.536646,0.564634
4740,1,0,1,1,0,1,0,0,1,1,0,0,1,-0.0620191,0.00908375,-0.0588262,0.550846,0.5149,0.557153,0.542106,0.566373
4741,0,1,1,1,0,1,0,0,1,1,0,0,1,-0.0391091,0.022286,-0.0312955,0.578799,0.515514,0.58175,0.544464,0.573839
4742,1,1,1,1,0,1,0,0,1,1,0,0,1,-0.0442962,0.0156931,-0.0446213,0.569302,0.515144,0.58175,0.555546,0.575517
4743,0,0,0,0,1,1,0,0,1,1,0,0,1,-0.0552817,0.0158922,-0.0564553,0.573558,0.514372,0.547411,0.578304,0.548596
4744,1,0,0,0,1,1,0,0,1,1,0,0,1,-0.0619969,0.00715151,-0.0683871,0.564061,0.514178,0.547411,0.579741,0.545147
4745,0,1,0,0,1,1,0,0,1,1,0,0,1,-0.038061,0.0229139,-0.0394557,0.611204,0.516473,0.606478,0.582458,0.558831
4746,1,1,0,0,1,1,0,0,1,1,0,0,1,-0.043388,0.0153839,-0.053136,0.601707,0.515382,0.606478,0.594109,0.556067
4747,0,0,1,0,1,1,0,0,1,1,0,0,1,-0.05533,0.0152775,-0.0518978,0.560343,0.514638,0.547411,0.546933,0.557224
4748,1,0,1,0,1,1,0,0,1,1,0,0,1,-0.0617089,0.00763419,-0.0640424,0.550846,0.514491,0.547411,0.558833,0.557125
4749,0,1,1,0,1,1,0,0,1,1,0,0,1,-0.0388975,0.0209603,-0.0378909,0.578799,0.515366,0.58175,0.554951,0.566814
4750,1,1,1,0,1,1,0,0,1,1,0,0,1,-0.0440845,0.0143379,-0.0512163,0.569302,0.514983,0.58175,0.570314,0.566579
4751,0,0,0,1,1,1,0,0,1,1,0,0,1,-0.053365,0.0168508,-0.0518268,0.573558,0.514857,0.547411,0.565843,0.543463
4752,1,0,0,1,1,1,0,0,1,1,0,0,1,-0.0600803,0.00813649,-0.0637588,0.564061,0.514774,0.547411,0.570468,0.543735
4753,0,1,0,1,1,1,0,0,1,1,0,0,1,-0.0356738,0.0241488,-0.0345264,0.611204,0.515533,0.606478,0.575249,0.553809
4754,1,1,0,1,1,1,0,0,1,1,0,0,1,-0.0410008,0.0166445,-0.0482068,0.601707,0.515154,0.606478,0.580295,0.554026
4755,0,0,1,1,1,1,0,0,1,1,0,0,1,-0.0536204,0.0164154,-0.0486671,0.560343,0.514823,0.547411,0.547594,0.550856
4756,1,0,1,1,1,1,0,0,1,1,0,0,1,-0.0599993,0.0088171,-0.0608119,0.550846,0.51478,0.547411,0.554038,0.551859
4757,0,1,1,1,1,1,0,0,1,1,0,0,1,-0.037089,0.022001,-0.0332816,0.578799,0.515038,0.58175,0.553081,0.560606
4758,1,1,1,1,1,1,0,0,1,1,0,0,1,-0.0422761,0.0154168,-0.0466071,0.569302,0.514927,0.58175,0.56329,0.561386
4759,0,0,0,0,0,0,1,0,1,1,0,0,1,-0.0595523,0.0124242,-0.0558277,0.546694,0.511064,0.491866,0.523861,0.57724
4760,0,1,0,0,0,0,1,0,1,1,0,0,1,-0.0423321,0.0194521,-0.038828,0.592985,0.519081,0.562156,0.572928,0.586457
4761,0,0,1,0,0,0,1,0,1,1,0,0,1,-0.0597138,0.0122951,-0.0511021,0.533479,0.51325,0.491866,0.515738,0.584017
4762,1,0,1,0,0,0,1,0,1,1,0,0,1,-0.0660927,0.00462373,-0.063247,0.523982,0.513587,0.491866,0.542725,0.584676
4763,0,1,1,0,0,0,1,0,1,1,0,0,1,-0.0432816,0.0179788,-0.037095,0.56058,0.516119,0.537428,0.533779,0.586889
4764,1,1,1,0,0,0,1,0,1,1,0,0,1,-0.0484687,0.0113354,-0.0504206,0.551083,0.515194,0.537428,0.556009,0.593221
4765,0,0,0,1,0,0,1,0,1,1,0,0,1,-0.0567285,0.0140973,-0.0526405,0.546694,0.514394,0.491866,0.553618,0.572086
4766,1,0,0,1,0,0,1,0,1,1,0,0,1,-0.0634437,0.00535987,-0.0645726,0.537197,0.514548,0.491866,0.558035,0.57245
4767,1,1,0,1,0,0,1,0,1,1,0,0,1,-0.0443648,0.0138778,-0.0490205,0.583488,0.515681,0.562156,0.573568,0.581571
4768,0,0,1,1,0,0,1,0,1,1,0,0,1,-0.0573025,0.0130332,-0.0495039,0.533479,0.514576,0.491866,0.548413,0.575917
4769,1,0,1,1,0,0,1,0,1,1,0,0,1,-0.0636814,0.00540988,-0.0616489,0.523982,0.514636,0.491866,0.558824,0.579396
4770,0,1,1,1,0,0,1,0,1,1,0,0,1,-0.0407714,0.0186197,-0.0341182,0.56058,0.515337,0.537428,0.545183,0.579246
4771,1,1,1,1,0,0,1,0,1,1,0,0,1,-0.0459586,0.0120172,-0.0474439,0.551083,0.515074,0.537428,0.556439,0.586618
4772,0,0,0,0,1,0,1,0,1,1,0,0,1,-0.0600434,0.0116593,-0.0593147,0.546694,0.511253,0.482124,0.543198,0.563557
4773,1,0,0,0,1,0,1,0,1,1,0,0,1,-0.0667586,0.00290656,-0.0712465,0.537197,0.513143,0.482124,0.561924,0.562902
4774,0,1,0,0,1,0,1,0,1,1,0,0,1,-0.0428234,0.0186782,-0.0423151,0.592985,0.515581,0.562156,0.567314,0.573142
4775,1,1,0,0,1,0,1,0,1,1,0,0,1,-0.0481504,0.0111394,-0.0559953,0.583488,0.515077,0.562156,0.588731,0.572282
4776,0,0,1,0,1,0,1,0,1,1,0,0,1,-0.060092,0.0110454,-0.0547571,0.533479,0.513475,0.482124,0.546358,0.571528
4777,1,0,1,0,1,0,1,0,1,1,0,0,1,-0.0664708,0.00338949,-0.0669018,0.523982,0.5141,0.482124,0.562967,0.571511
4778,0,1,1,0,1,0,1,0,1,1,0,0,1,-0.0436599,0.0167259,-0.0407502,0.56058,0.515019,0.537428,0.55633,0.580353
4779,1,1,1,0,1,0,1,0,1,1,0,0,1,-0.0488469,0.0100941,-0.0540756,0.551083,0.514861,0.537428,0.570353,0.580284
4780,0,0,0,1,1,0,1,0,1,1,0,0,1,-0.0578926,0.0123107,-0.0555209,0.546694,0.51407,0.482124,0.558616,0.558367
4781,1,0,0,1,1,0,1,0,1,1,0,0,1,-0.0646079,0.00358649,-0.0674529,0.537197,0.514511,0.482124,0.562549,0.558845
4782,0,1,0,1,1,0,1,0,1,1,0,0,1,-0.0402021,0.0196028,-0.0382206,0.592985,0.515349,0.562156,0.55702,0.568196
4783,1,1,0,1,1,0,1,0,1,1,0,0,1,-0.045529,0.012092,-0.0519009,0.583488,0.515084,0.562156,0.566736,0.568448
4784,0,0,1,1,1,0,1,0,1,1,0,0,1,-0.0581482,0.01188,-0.0523612,0.533479,0.514526,0.482124,0.557056,0.564038
4785,1,0,1,1,1,0,1,0,1,1,0,0,1,-0.0645271,0.0042721,-0.064506,0.523982,0.51468,0.482124,0.56403,0.566276
4786,0,1,1,1,1,0,1,0,1,1,0,0,1,-0.0416173,0.0174623,-0.0369756,0.56058,0.514962,0.537428,0.555232,0.573054
4787,1,1,1,1,1,0,1,0,1,1,0,0,1,-0.0468044,0.0108721,-0.0503011,0.551083,0.514897,0.537428,0.562615,0.575198
4788,0,0,0,0,0,1,1,0,1,1,0,0,1,-0.0586754,0.0140059,-0.054234,0.546694,0.51526,0.51874,0.560986,0.568882
4789,1,0,0,0,0,1,1,0,1,1,0,0,1,-0.0653905,0.00524202,-0.0661661,0.537197,0.514382,0.51874,0.564905,0.561273
4790,0,1,0,0,0,1,1,0,1,1,0,0,1,-0.0414552,0.0210417,-0.0372341,0.592985,0.516607,0.575029,0.583279,0.577736
4791,1,1,0,0,0,1,1,0,1,1,0,0,1,-0.0467821,0.0134918,-0.0509146,0.583488,0.515368,0.575029,0.584597,0.569424
4792,0,0,1,0,0,1,1,0,1,1,0,0,1,-0.0588369,0.0138854,-0.0495084,0.533479,0.514946,0.51874,0.5317,0.57717
4793,1,0,1,0,0,1,1,0,1,1,0,0,1,-0.0652157,0.00621913,-0.0616533,0.523982,0.514557,0.51874,0.539128,0.576245
4794,0,1,1,0,0,1,1,0,1,1,0,0,1,-0.0424047,0.0195758,-0.0355012,0.56058,0.515407,0.550302,0.547805,0.585134
4795,1,1,1,0,0,1,1,0,1,1,0,0,1,-0.0475918,0.0129355,-0.0488269,0.551083,0.514972,0.550302,0.563452,0.58462
4796,0,0,0,1,0,1,1,0,1,1,0,0,1,-0.0558655,0.0158691,-0.0504458,0.546694,0.51519,0.51874,0.552334,0.5649
4797,1,0,0,1,0,1,1,0,1,1,0,0,1,-0.0625807,0.00713685,-0.062378,0.537197,0.514857,0.51874,0.551982,0.564419
4798,0,1,0,1,0,1,1,0,1,1,0,0,1,-0.0381747,0.0231838,-0.0331451,0.592985,0.515518,0.575029,0.572099,0.57386
4799,1,1,0,1,0,1,1,0,1,1,0,0,1,-0.0435017,0.0156644,-0.0468257,0.583488,0.515121,0.575029,0.573039,0.57321
4800,0,0,1,1,0,1,1,0,1,1,0,0,1,-0.0564395,0.0148088,-0.0473092,0.533479,0.514938,0.51874,0.545866,0.572046
4801,1,0,1,1,0,1,1,0,1,1,0,0,1,-0.0628184,0.00719096,-0.0594542,0.523982,0.514807,0.51874,0.548798,0.572232
4802,1,1,1,1,0,1,1,0,1,1,0,0,1,-0.0450955,0.013804,-0.0452491,0.551083,0.514912,0.550302,0.547915,0.580394
4803,0,0,0,0,1,1,1,0,1,1,0,0,1,-0.0574756,0.0137056,-0.0566896,0.546694,0.51408,0.508998,0.559203,0.554302
4804,1,0,0,0,1,1,1,0,1,1,0,0,1,-0.0641908,0.00495991,-0.0686215,0.537197,0.514351,0.508998,0.570011,0.549162
4805,0,1,0,0,1,1,1,0,1,1,0,0,1,-0.0402552,0.0207304,-0.0396899,0.592985,0.515175,0.575029,0.579059,0.564088
4806,1,1,0,0,1,1,1,0,1,1,0,0,1,-0.0455822,0.0131956,-0.0533702,0.583488,0.514919,0.575029,0.58751,0.558444
4807,0,0,1,0,1,1,1,0,1,1,0,0,1,-0.057524,0.0130968,-0.052132,0.533479,0.51454,0.508998,0.534291,0.563905
4808,1,0,1,0,1,1,1,0,1,1,0,0,1,-0.0639029,0.00544646,-0.0642767,0.523982,0.51461,0.508998,0.549686,0.563687
4809,0,1,1,0,1,1,1,0,1,1,0,0,1,-0.0410917,0.0187821,-0.038125,0.56058,0.514928,0.550302,0.551095,0.572454
4810,1,1,1,0,1,1,1,0,1,1,0,0,1,-0.0462787,0.0121537,-0.0514505,0.551083,0.514839,0.550302,0.565978,0.57214
4811,0,0,0,1,1,1,1,0,1,1,0,0,1,-0.0555589,0.0146482,-0.052061,0.546694,0.514671,0.508998,0.548581,0.55141
4812,1,0,0,1,1,1,1,0,1,1,0,0,1,-0.0622742,0.00592881,-0.0639931,0.537197,0.514733,0.508998,0.556572,0.550532
4813,0,1,0,1,1,1,1,0,1,1,0,0,1,-0.037868,0.0219497,-0.0347605,0.592985,0.515006,0.575029,0.564284,0.560782
4814,1,1,0,1,1,1,1,0,1,1,0,0,1,-0.043195,0.0144404,-0.0484409,0.583488,0.514906,0.575029,0.571075,0.560793
4815,0,0,1,1,1,1,1,0,1,1,0,0,1,-0.0558144,0.0142187,-0.0489013,0.533479,0.514761,0.508998,0.542064,0.55824
4816,1,0,1,1,1,1,1,0,1,1,0,0,1,-0.0621933,0.00661337,-0.0610462,0.523982,0.514779,0.508998,0.55078,0.559058
4817,0,1,1,1,1,1,1,0,1,1,0,0,1,-0.0392832,0.0198071,-0.0335156,0.56058,0.514872,0.550302,0.539355,0.566952
4818,1,1,1,1,1,1,1,0,1,1,0,0,1,-0.0444703,0.0132169,-0.0468412,0.551083,0.514845,0.550302,0.550195,0.56762
4819,0,0,0,0,0,0,0,1,1,1,0,0,1,-0.0540887,0.0159295,-0.0535072,0.565401,0.513191,0.53028,0.499653,0.578641
4820,1,0,0,0,0,0,0,1,1,1,0,0,1,-0.0608036,0.00716145,-0.0654391,0.555904,0.513282,0.53028,0.51366,0.581178
4821,0,1,0,0,0,0,0,1,1,1,0,0,1,-0.0368685,0.0229431,-0.0365076,0.603047,0.520615,0.598616,0.546776,0.581866
4822,1,1,0,0,0,0,0,1,1,1,0,0,1,-0.0421954,0.0153904,-0.0501881,0.59355,0.516971,0.598616,0.569167,0.589319
4823,0,0,1,0,0,0,0,1,1,1,0,0,1,-0.0542502,0.0157881,-0.0487816,0.552186,0.514042,0.53028,0.520805,0.572359
4824,1,0,1,0,0,0,0,1,1,1,0,0,1,-0.0606288,0.00811244,-0.0609264,0.542689,0.513973,0.53028,0.541653,0.580599
4825,0,1,1,0,0,0,0,1,1,1,0,0,1,-0.037818,0.0214617,-0.0347747,0.570642,0.516683,0.573888,0.548389,0.574914
4826,1,1,1,0,0,0,0,1,1,1,0,0,1,-0.043005,0.0148139,-0.0481004,0.561145,0.515464,0.573888,0.570997,0.582388
4827,0,0,0,1,0,0,0,1,1,1,0,0,1,-0.0512649,0.0176047,-0.0503201,0.565401,0.515014,0.53028,0.548028,0.570076
4828,1,0,0,1,0,0,0,1,1,1,0,0,1,-0.0579799,0.00886795,-0.0622521,0.555904,0.514865,0.53028,0.557285,0.574945
4829,0,1,0,1,0,0,0,1,1,1,0,0,1,-0.0335741,0.024893,-0.0330197,0.603047,0.517215,0.598616,0.551277,0.573845
4830,1,1,0,1,0,0,0,1,1,1,0,0,1,-0.0389011,0.0173707,-0.0467002,0.59355,0.515953,0.598616,0.557565,0.581709
4831,0,0,1,1,0,0,0,1,1,1,0,0,1,-0.0518388,0.0165227,-0.0471835,0.552186,0.514807,0.53028,0.557417,0.564649
4832,1,0,1,1,0,0,0,1,1,1,0,0,1,-0.0582175,0.00889531,-0.0593285,0.542689,0.514758,0.53028,0.559059,0.572544
4833,0,1,1,1,0,0,0,1,1,1,0,0,1,-0.0353078,0.0220987,-0.031798,0.570642,0.51553,0.573888,0.556099,0.567034
4834,1,1,1,1,0,0,0,1,1,1,0,0,1,-0.0404948,0.015492,-0.0451237,0.561145,0.515177,0.573888,0.566139,0.574819
4835,0,0,0,0,1,0,0,1,1,1,0,0,1,-0.0541194,0.0157017,-0.0571984,0.565401,0.512581,0.520538,0.524131,0.566932
4836,1,0,0,0,1,0,0,1,1,1,0,0,1,-0.0608345,0.00694846,-0.0691302,0.555904,0.513705,0.520538,0.53579,0.567696
4837,0,1,0,0,1,0,0,1,1,1,0,0,1,-0.0368993,0.0227066,-0.0401989,0.603047,0.516313,0.598616,0.563765,0.577077
4838,1,1,0,0,1,0,0,1,1,1,0,0,1,-0.0422262,0.0151669,-0.0538792,0.59355,0.515396,0.598616,0.566028,0.577714
4839,0,0,1,0,1,0,0,1,1,1,0,0,1,-0.0541679,0.0150711,-0.0526408,0.552186,0.513968,0.520538,0.552073,0.571563
4840,1,0,1,0,1,0,0,1,1,1,0,0,1,-0.0605466,0.00741002,-0.0647855,0.542689,0.514316,0.520538,0.554916,0.574928
4841,0,1,1,0,1,0,0,1,1,1,0,0,1,-0.0377357,0.0207418,-0.0386341,0.570642,0.515288,0.573888,0.571982,0.576898
4842,1,1,1,0,1,0,0,1,1,1,0,0,1,-0.0429227,0.0141053,-0.0519596,0.561145,0.514983,0.573888,0.573592,0.583763
4843,0,0,0,1,1,0,0,1,1,1,0,0,1,-0.0519686,0.0163594,-0.0534048,0.565401,0.51442,0.520538,0.541277,0.559099
4844,1,0,0,1,1,0,0,1,1,1,0,0,1,-0.0586837,0.00763469,-0.0653367,0.555904,0.514673,0.520538,0.538882,0.562333
4845,0,1,0,1,1,0,0,1,1,1,0,0,1,-0.034278,0.0236372,-0.0361045,0.603047,0.51558,0.598616,0.55883,0.569325
4846,1,1,0,1,1,0,0,1,1,1,0,0,1,-0.0396049,0.0161256,-0.0497849,0.59355,0.515196,0.598616,0.563185,0.572344
4847,0,0,1,1,1,0,0,1,1,1,0,0,1,-0.0522241,0.0159089,-0.0502451,0.552186,0.514656,0.520538,0.551374,0.562414
4848,1,0,1,1,1,0,0,1,1,1,0,0,1,-0.0586028,0.00829598,-0.0623899,0.542689,0.514742,0.520538,0.549884,0.567012
4849,0,1,1,1,1,0,0,1,1,1,0,0,1,-0.0356932,0.021481,-0.0348596,0.570642,0.515045,0.573888,0.562173,0.568863
4850,1,1,1,1,1,0,0,1,1,1,0,0,1,-0.0408801,0.014886,-0.0481852,0.561145,0.514939,0.573888,0.56514,0.57553
4851,0,0,0,0,0,1,0,1,1,1,0,0,1,-0.0541329,0.0184094,-0.049995,0.565401,0.516058,0.557153,0.542706,0.574011
4852,1,0,0,0,0,1,0,1,1,1,0,0,1,-0.0608479,0.00964699,-0.061927,0.555904,0.514758,0.557153,0.539947,0.573091
4853,0,1,0,0,0,1,0,1,1,1,0,0,1,-0.0369128,0.0254332,-0.0329951,0.603047,0.51709,0.61149,0.572667,0.583197
4854,1,1,0,0,0,1,0,1,1,1,0,0,1,-0.0422396,0.0178846,-0.0466757,0.59355,0.515598,0.61149,0.582483,0.582402
4855,0,0,1,0,0,1,0,1,1,1,0,0,1,-0.0542944,0.0182814,-0.0452693,0.552186,0.515244,0.557153,0.539712,0.580795
4856,1,0,1,0,0,1,0,1,1,1,0,0,1,-0.0606731,0.0106149,-0.0574143,0.542689,0.514704,0.557153,0.55165,0.581597
4857,0,1,1,0,0,1,0,1,1,1,0,0,1,-0.0378622,0.0239625,-0.0312623,0.570642,0.515585,0.586762,0.542617,0.585642
4858,1,1,1,0,0,1,0,1,1,1,0,0,1,-0.0430492,0.017322,-0.0445881,0.561145,0.515062,0.586762,0.55825,0.589828
4859,0,0,0,1,0,1,0,1,1,1,0,0,1,-0.051323,0.0202785,-0.0462068,0.565401,0.515432,0.557153,0.552072,0.568723
4860,1,0,0,1,0,1,0,1,1,1,0,0,1,-0.0580381,0.0115477,-0.058139,0.555904,0.514982,0.557153,0.552257,0.569148
4861,0,1,0,1,0,1,0,1,1,1,0,0,1,-0.0336323,0.0275811,-0.0289061,0.603047,0.515681,0.61149,0.557916,0.578089
4862,1,1,0,1,0,1,0,1,1,1,0,0,1,-0.0389592,0.020063,-0.0425868,0.59355,0.51521,0.61149,0.560451,0.578505
4863,0,0,1,1,0,1,0,1,1,1,0,0,1,-0.0518969,0.0192068,-0.0430702,0.552186,0.515028,0.557153,0.544358,0.572901
4864,1,0,1,1,0,1,0,1,1,1,0,0,1,-0.0582757,0.0115887,-0.0552153,0.542689,0.514855,0.557153,0.549497,0.57604
4865,0,1,1,1,0,1,0,1,1,1,0,0,1,-0.0353659,0.0247921,-0.0276844,0.570642,0.515088,0.586762,0.540398,0.578682
4866,1,1,1,1,0,1,0,1,1,1,0,0,1,-0.040553,0.0181926,-0.0410103,0.561145,0.514946,0.586762,0.551987,0.584237
4867,0,0,0,0,1,1,0,1,1,1,0,0,1,-0.0515384,0.0184267,-0.0528443,0.565401,0.514672,0.547411,0.545572,0.560414
4868,1,0,0,0,1,1,0,1,1,1,0,0,1,-0.0582535,0.00968173,-0.0647762,0.555904,0.5146,0.547411,0.542123,0.56027
4869,0,1,0,0,1,1,0,1,1,1,0,0,1,-0.0343179,0.025439,-0.0358446,0.603047,0.515456,0.61149,0.567056,0.570178
4870,1,1,0,0,1,1,0,1,1,1,0,0,1,-0.0396448,0.017905,-0.049525,0.59355,0.515042,0.61149,0.573917,0.569867
4871,0,0,1,0,1,1,0,1,1,1,0,0,1,-0.0515868,0.0178069,-0.0482867,0.552186,0.51476,0.547411,0.553699,0.568
4872,1,0,1,0,1,1,0,1,1,1,0,0,1,-0.0579655,0.0101556,-0.0604315,0.542689,0.514705,0.547411,0.553706,0.568417
4873,0,1,1,0,1,1,0,1,1,1,0,0,1,-0.0351543,0.0234827,-0.0342798,0.570642,0.515031,0.586762,0.552142,0.577026
4874,1,1,1,0,1,1,0,1,1,1,0,0,1,-0.0403413,0.0168535,-0.0476054,0.561145,0.514886,0.586762,0.567476,0.577392
4875,0,0,0,1,1,1,0,1,1,1,0,0,1,-0.0496217,0.0193775,-0.0482159,0.565401,0.514841,0.547411,0.545438,0.554817
4876,1,0,0,1,1,1,0,1,1,1,0,0,1,-0.0563369,0.0106589,-0.0601479,0.555904,0.514809,0.547411,0.54078,0.555723
4877,0,1,0,1,1,1,0,1,1,1,0,0,1,-0.0319307,0.0266661,-0.0309153,0.603047,0.515093,0.61149,0.556043,0.56474
4878,1,1,0,1,1,1,0,1,1,1,0,0,1,-0.0372576,0.0191578,-0.0445959,0.59355,0.514949,0.61149,0.566871,0.565418
4879,0,0,1,1,1,1,0,1,1,1,0,0,1,-0.0498771,0.0189363,-0.0450561,0.552186,0.514824,0.547411,0.549662,0.560739
4880,1,0,1,1,1,1,0,1,1,1,0,0,1,-0.0562559,0.01133,-0.057201,0.542689,0.514808,0.547411,0.555588,0.562748
4881,0,1,1,1,1,1,0,1,1,1,0,0,1,-0.0333458,0.024515,-0.0296705,0.570642,0.514904,0.586762,0.5459,0.569715
4882,1,1,1,1,1,1,0,1,1,1,0,0,1,-0.0385328,0.0179242,-0.0429962,0.561145,0.514862,0.586762,0.556086,0.571791
4883,0,0,0,0,0,0,1,1,1,1,0,0,1,-0.0568265,0.0138967,-0.053231,0.546694,0.513479,0.491866,0.531627,0.586884
4884,1,0,0,0,0,0,1,1,1,1,0,0,1,-0.0635416,0.00512342,-0.065163,0.537197,0.513939,0.491866,0.552036,0.586559
4885,0,1,0,0,0,0,1,1,1,1,0,0,1,-0.0396066,0.0209149,-0.0362312,0.592985,0.516468,0.567168,0.552203,0.590018
4886,1,1,0,0,0,0,1,1,1,1,0,0,1,-0.0449335,0.0133582,-0.0499117,0.583488,0.515399,0.567168,0.57129,0.59536
4887,0,0,1,0,0,0,1,1,1,1,0,0,1,-0.0569881,0.0137628,-0.0485053,0.533479,0.514258,0.491866,0.528565,0.581417
4888,1,0,1,0,0,0,1,1,1,1,0,0,1,-0.0633669,0.006083,-0.0606503,0.523982,0.514384,0.491866,0.551395,0.588757
4889,0,1,1,0,0,0,1,1,1,1,0,0,1,-0.0405561,0.0194392,-0.0344983,0.56058,0.515328,0.54244,0.544767,0.582997
4890,1,1,1,0,0,0,1,1,1,1,0,0,1,-0.0457431,0.0127887,-0.047824,0.551083,0.514975,0.54244,0.559483,0.58986
4891,0,0,0,1,0,0,1,1,1,1,0,0,1,-0.0540027,0.015559,-0.0500438,0.546694,0.514682,0.491866,0.554644,0.579871
4892,1,0,0,1,0,0,1,1,1,1,0,0,1,-0.0607179,0.00681689,-0.061976,0.537197,0.514736,0.491866,0.559994,0.582368
4893,0,1,0,1,0,0,1,1,1,1,0,0,1,-0.0363122,0.0228522,-0.0327432,0.592985,0.515537,0.567168,0.553101,0.583026
4894,1,1,0,1,0,0,1,1,1,1,0,0,1,-0.0416392,0.0153259,-0.0464238,0.583488,0.515155,0.567168,0.558577,0.589756
4895,0,0,1,1,0,0,1,1,1,1,0,0,1,-0.0545768,0.014489,-0.0469072,0.533479,0.514737,0.491866,0.546008,0.574292
4896,1,0,1,1,0,0,1,1,1,1,0,0,1,-0.0609556,0.00685739,-0.0590523,0.523982,0.514759,0.491866,0.553953,0.582055
4897,0,1,1,1,0,0,1,1,1,1,0,0,1,-0.0380459,0.0200686,-0.0315215,0.56058,0.515023,0.54244,0.546685,0.576275
4898,1,1,1,1,0,0,1,1,1,1,0,0,1,-0.0432329,0.0134592,-0.0448473,0.551083,0.51492,0.54244,0.55662,0.583248
4899,0,0,0,0,1,0,1,1,1,1,0,0,1,-0.0573177,0.0131399,-0.0567179,0.546694,0.513522,0.482124,0.552848,0.574192
4900,1,0,0,0,1,0,1,1,1,1,0,0,1,-0.0640328,0.00438239,-0.0686498,0.537197,0.51422,0.482124,0.549935,0.574133
4901,0,1,0,0,1,0,1,1,1,1,0,0,1,-0.0400979,0.0201491,-0.0397183,0.592985,0.515127,0.567168,0.56279,0.583193
4902,1,1,0,0,1,0,1,1,1,1,0,0,1,-0.0454248,0.0126059,-0.0533987,0.583488,0.51493,0.567168,0.576132,0.583062
4903,0,0,1,0,1,0,1,1,1,1,0,0,1,-0.0573663,0.0125213,-0.0521603,0.533479,0.514331,0.482124,0.559014,0.580076
4904,1,0,1,0,1,0,1,1,1,1,0,0,1,-0.0637451,0.00485691,-0.0643051,0.523982,0.514562,0.482124,0.556801,0.581512
4905,0,1,1,0,1,0,1,1,1,1,0,0,1,-0.0409343,0.0181944,-0.0381534,0.56058,0.514903,0.54244,0.564091,0.585766
4906,1,1,1,0,1,0,1,1,1,1,0,0,1,-0.0461213,0.0115557,-0.051479,0.551083,0.514841,0.54244,0.571941,0.589537
4907,0,0,0,1,1,0,1,1,1,1,0,0,1,-0.0551669,0.0137801,-0.0529242,0.546694,0.51455,0.482124,0.558374,0.56851
4908,1,0,0,1,1,0,1,1,1,1,0,0,1,-0.0618821,0.0050511,-0.0648562,0.537197,0.514712,0.482124,0.553667,0.569586
4909,0,1,0,1,1,0,1,1,1,1,0,0,1,-0.0374765,0.0210629,-0.0356238,0.592985,0.515026,0.567168,0.558461,0.577644
4910,1,1,0,1,1,0,1,1,1,1,0,0,1,-0.0428034,0.0135477,-0.0493042,0.583488,0.514923,0.567168,0.5681,0.578677
4911,0,0,1,1,1,0,1,1,1,1,0,0,1,-0.0554225,0.0133434,-0.0497644,0.533479,0.514714,0.482124,0.56287,0.572034
4912,1,0,1,1,1,0,1,1,1,1,0,0,1,-0.0618012,0.0057272,-0.0619093,0.523982,0.514771,0.482124,0.559565,0.575579
4913,0,1,1,1,1,0,1,1,1,1,0,0,1,-0.0388918,0.0189189,-0.0343789,0.56058,0.514876,0.54244,0.563976,0.5791
4914,1,1,1,1,1,0,1,1,1,1,0,0,1,-0.0440787,0.0123216,-0.0477045,0.551083,0.514851,0.54244,0.571098,0.583547
4915,0,0,0,0,0,1,1,1,1,1,0,0,1,-0.0554323,0.0159031,-0.0505195,0.546694,0.514996,0.51874,0.54812,0.579674
4916,1,0,0,0,0,1,1,1,1,1,0,0,1,-0.0621474,0.00713533,-0.0624516,0.537197,0.514675,0.51874,0.548405,0.578764
4917,0,1,0,0,0,1,1,1,1,1,0,0,1,-0.0382123,0.0229317,-0.0335195,0.592985,0.515504,0.580042,0.5679,0.588101
4918,1,1,0,0,0,1,1,1,1,1,0,0,1,-0.0435392,0.0153785,-0.0472002,0.583488,0.515037,0.580042,0.570241,0.587589
4919,0,0,1,0,0,1,1,1,1,1,0,0,1,-0.0555939,0.0157803,-0.0457939,0.533479,0.514872,0.51874,0.532923,0.586576
4920,1,0,1,0,0,1,1,1,1,1,0,0,1,-0.0619727,0.00810784,-0.0579388,0.523982,0.51473,0.51874,0.537818,0.58644
4921,0,1,1,0,0,1,1,1,1,1,0,0,1,-0.0391618,0.0214649,-0.0317866,0.56058,0.515046,0.555314,0.530711,0.592394
4922,1,1,1,0,0,1,1,1,1,1,0,0,1,-0.0443488,0.0148198,-0.0451124,0.551083,0.514882,0.555314,0.541865,0.594131
4923,0,0,0,1,0,1,1,1,1,1,0,0,1,-0.0526224,0.0177536,-0.0467313,0.546694,0.514962,0.51874,0.552105,0.575209
4924,1,0,0,1,0,1,1,1,1,1,0,0,1,-0.0593376,0.00901742,-0.0586636,0.537197,0.514839,0.51874,0.552249,0.575316
4925,0,1,0,1,0,1,1,1,1,1,0,0,1,-0.0349318,0.0250614,-0.0294305,0.592985,0.515088,0.580042,0.549453,0.583576
4926,1,1,0,1,0,1,1,1,1,1,0,0,1,-0.0402587,0.0175388,-0.0431113,0.583488,0.514937,0.580042,0.550577,0.583642
4927,0,0,1,1,0,1,1,1,1,1,0,0,1,-0.0531964,0.0166913,-0.0435947,0.533479,0.514866,0.51874,0.543104,0.58078
4928,1,0,1,1,0,1,1,1,1,1,0,0,1,-0.0595753,0.00906721,-0.0557398,0.523982,0.514818,0.51874,0.547593,0.581912
4929,0,1,1,1,0,1,1,1,1,1,0,0,1,-0.0366655,0.0222808,-0.0282088,0.56058,0.514901,0.555314,0.538515,0.587196
4930,1,1,1,1,0,1,1,1,1,1,0,0,1,-0.0418526,0.0156767,-0.0415347,0.551083,0.514856,0.555314,0.546616,0.589332
4931,0,0,0,0,1,1,1,1,1,1,0,0,1,-0.0542326,0.0156084,-0.0529751,0.546694,0.514553,0.508998,0.551963,0.567354
4932,1,0,0,0,1,1,1,1,1,1,0,0,1,-0.0609478,0.00685865,-0.0649071,0.537197,0.514654,0.508998,0.554393,0.566045
4933,0,1,0,0,1,1,1,1,1,1,0,0,1,-0.0370124,0.022626,-0.0359752,0.592985,0.51496,0.580042,0.570736,0.576092
4934,1,1,0,0,1,1,1,1,1,1,0,0,1,-0.0423393,0.0150877,-0.0496558,0.583488,0.514862,0.580042,0.585247,0.575701
4935,0,0,1,0,1,1,1,1,1,1,0,0,1,-0.0542811,0.014998,-0.0484174,0.533479,0.514719,0.508998,0.546052,0.574246
4936,1,0,1,0,1,1,1,1,1,1,0,0,1,-0.0606599,0.00734136,-0.0605623,0.523982,0.514745,0.508998,0.559989,0.574551
4937,0,1,1,0,1,1,1,1,1,1,0,0,1,-0.0378488,0.0206774,-0.0344104,0.56058,0.514863,0.555314,0.547624,0.582276
4938,1,1,1,0,1,1,1,1,1,1,0,0,1,-0.0430358,0.0140442,-0.0477361,0.551083,0.514829,0.555314,0.56248,0.582528
4939,0,0,0,1,1,1,1,1,1,1,0,0,1,-0.0523159,0.0165385,-0.0483466,0.546694,0.514767,0.508998,0.551752,0.562373
4940,1,0,0,1,1,1,1,1,1,1,0,0,1,-0.0590311,0.00781501,-0.0602787,0.537197,0.51479,0.508998,0.554718,0.56312
4941,0,1,0,1,1,1,1,1,1,1,0,0,1,-0.0346252,0.0238331,-0.0310459,0.592985,0.514892,0.580042,0.548706,0.571269
4942,1,1,0,1,1,1,1,1,1,1,0,0,1,-0.039952,0.0163204,-0.0447265,0.583488,0.514854,0.580042,0.559112,0.571816
4943,0,0,1,1,1,1,1,1,1,1,0,0,1,-0.0525714,0.0161075,-0.0451868,0.533479,0.514799,0.508998,0.552293,0.568207
4944,1,0,1,1,1,1,1,1,1,1,0,0,1,-0.0589502,0.00849584,-0.0573318,0.523982,0.514806,0.508998,0.562855,0.569493
4945,0,1,1,1,1,1,1,1,1,1,0,0,1,-0.0360404,0.0216909,-0.029801,0.56058,0.514841,0.555314,0.55069,0.57638
4946,1,1,1,1,1,1,1,1,1,1,0,0,1,-0.0412274,0.0150958,-0.0431268,0.551083,0.51483,0.555314,0.561745,0.577571
4947,1,0,0,0,0,0,0,0,0,0,1,0,1,-0.0576941,0.0077748,-0.0598102,0.523693,0.508763,0.540479,0.493666,0.552729
4948,1,1,0,0,0,0,0,0,0,0,1,0,1,-0.039085,0.0160218,-0.0445587,0.594332,0.526393,0.615756,0.564979,0.55996
4949,0,0,1,0,0,0,0,0,0,0,1,0,1,-0.0511403,0.0163979,-0.0431526,0.510478,0.513302,0.540479,0.50105,0.583817
4950,1,0,1,0,0,0,0,0,0,0,1,0,1,-0.0575193,0.00873871,-0.0552975,0.510478,0.509985,0.540479,0.523088,0.574289
4951,0,1,1,0,0,0,0,0,0,0,1,0,1,-0.0347075,0.0220849,-0.029145,0.561927,0.523721,0.591028,0.534613,0.590828
4952,1,1,1,0,0,0,0,0,0,0,1,0,1,-0.0398947,0.0154539,-0.042471,0.561927,0.517505,0.591028,0.552357,0.58068
4953,0,0,0,1,0,0,0,0,0,0,1,0,1,-0.0481549,0.0182271,-0.044691,0.523693,0.518334,0.540479,0.528458,0.569312
4954,1,0,0,1,0,0,0,0,0,0,1,0,1,-0.0548703,0.00949849,-0.0566231,0.523693,0.514599,0.540479,0.523467,0.563903
4955,0,1,0,1,0,0,0,0,0,0,1,0,1,-0.0304635,0.0255282,-0.02739,0.594332,0.528627,0.615756,0.547931,0.579596
4956,1,1,0,1,0,0,0,0,0,0,1,0,1,-0.0357906,0.0180158,-0.0410709,0.594332,0.520896,0.615756,0.550485,0.571594
4957,0,0,1,1,0,0,0,0,0,0,1,0,1,-0.0487289,0.0171542,-0.0415543,0.510478,0.515274,0.540479,0.533456,0.578491
4958,1,0,1,1,0,0,0,0,0,0,1,0,1,-0.055108,0.00954304,-0.0536993,0.510478,0.513959,0.540479,0.530708,0.57761
4959,0,1,1,1,0,0,0,0,0,0,1,0,1,-0.0321972,0.0227425,-0.0261683,0.561927,0.518075,0.591028,0.533958,0.587827
4960,1,1,1,1,0,0,0,0,0,0,1,0,1,-0.0373844,0.0161524,-0.0394943,0.561927,0.51633,0.591028,0.548639,0.587345
4961,0,0,0,0,1,0,0,0,0,0,1,0,1,-0.0510096,0.0162718,-0.0515696,0.523693,0.519191,0.530737,0.474237,0.552092
4962,1,0,0,0,1,0,0,0,0,0,1,0,1,-0.0577249,0.00752693,-0.0635014,0.523693,0.514585,0.530737,0.481038,0.53913
4963,0,1,0,0,1,0,0,0,0,0,1,0,1,-0.0337888,0.023293,-0.0345693,0.594332,0.528059,0.615756,0.518803,0.559698
4964,1,1,0,0,1,0,0,0,0,0,1,0,1,-0.0391158,0.0157633,-0.04825,0.594332,0.519816,0.615756,0.531356,0.548697
4965,0,0,1,0,1,0,0,0,0,0,1,0,1,-0.051058,0.0156471,-0.0470119,0.510478,0.51601,0.530737,0.507888,0.567874
4966,1,0,1,0,1,0,0,0,0,0,1,0,1,-0.0574371,0.0080025,-0.0591566,0.510478,0.513804,0.530737,0.515812,0.56155
4967,0,1,1,0,1,0,0,0,0,0,1,0,1,-0.0346252,0.0213312,-0.0330044,0.561927,0.518773,0.591028,0.535082,0.577582
4968,1,1,1,0,1,0,0,0,0,0,1,0,1,-0.0398124,0.0147114,-0.0463302,0.561927,0.516101,0.591028,0.546328,0.569432
4969,0,0,0,1,1,0,0,0,0,0,1,0,1,-0.0488587,0.0169477,-0.0477758,0.523693,0.518118,0.530737,0.509356,0.553721
4970,1,0,0,1,1,0,0,0,0,0,1,0,1,-0.0555741,0.00823123,-0.0597077,0.523693,0.515551,0.530737,0.50915,0.548523
4971,0,1,0,1,1,0,0,0,0,0,1,0,1,-0.0311674,0.0242383,-0.0304748,0.594332,0.521184,0.615756,0.541711,0.564176
4972,1,1,0,1,1,0,0,0,0,0,1,0,1,-0.0364944,0.0167366,-0.0441556,0.594332,0.517555,0.615756,0.547643,0.558666
4973,0,0,1,1,1,0,0,0,0,0,1,0,1,-0.0491142,0.0165039,-0.0446159,0.510478,0.515792,0.530737,0.520772,0.562569
4974,1,0,1,1,1,0,0,0,0,0,1,0,1,-0.0554933,0.00890735,-0.0567608,0.510478,0.514822,0.530737,0.521626,0.562408
4975,0,1,1,1,1,0,0,0,0,0,1,0,1,-0.0325827,0.0220884,-0.0292299,0.561927,0.516539,0.591028,0.532411,0.572372
4976,1,1,1,1,1,0,0,0,0,0,1,0,1,-0.0377698,0.01551,-0.0425558,0.561927,0.515576,0.591028,0.53651,0.572047
4977,0,0,0,0,0,1,0,0,0,0,1,0,1,-0.0511419,0.018938,-0.0456301,0.523693,0.521198,0.554479,0.575095,0.544571
4978,1,0,0,0,0,1,0,0,0,0,1,0,1,-0.0578572,0.0101828,-0.0575622,0.523693,0.513983,0.554479,0.568568,0.534378
4979,1,1,0,0,0,1,0,0,0,0,1,0,1,-0.0392481,0.0184368,-0.0423106,0.594332,0.518505,0.615756,0.591851,0.54148
4980,0,0,1,0,0,1,0,0,0,0,1,0,1,-0.0513034,0.0188138,-0.0409045,0.510478,0.516778,0.554479,0.550828,0.564948
4981,1,0,1,0,0,1,0,0,0,0,1,0,1,-0.0576825,0.0111621,-0.0530494,0.510478,0.513607,0.554479,0.548448,0.553801
4982,0,1,1,0,0,1,0,0,0,0,1,0,1,-0.0348707,0.0245072,-0.0268968,0.561927,0.518123,0.591028,0.570844,0.57156
4983,1,1,1,0,0,1,0,0,0,0,1,0,1,-0.0400579,0.0178817,-0.0402229,0.561927,0.515686,0.591028,0.574282,0.561308
4984,0,0,0,1,0,1,0,0,0,0,1,0,1,-0.0483319,0.0208217,-0.0418419,0.523693,0.518222,0.554479,0.57548,0.553846
4985,1,0,0,1,0,1,0,0,0,0,1,0,1,-0.0550473,0.0120981,-0.053774,0.523693,0.515188,0.554479,0.570851,0.541317
4986,0,1,0,1,0,1,0,0,0,0,1,0,1,-0.0306405,0.0281357,-0.0245406,0.594332,0.519421,0.615756,0.582245,0.561435
4987,1,1,0,1,0,1,0,0,0,0,1,0,1,-0.0359676,0.0206264,-0.0382217,0.594332,0.516759,0.615756,0.580865,0.551025
4988,0,0,1,1,0,1,0,0,0,0,1,0,1,-0.0489058,0.0197579,-0.0387052,0.510478,0.515849,0.554479,0.550352,0.568772
4989,1,0,1,1,0,1,0,0,0,0,1,0,1,-0.055285,0.0121546,-0.0508502,0.510478,0.514698,0.554479,0.550027,0.562958
4990,0,1,1,1,0,1,0,0,0,0,1,0,1,-0.0323743,0.0253545,-0.023319,0.561927,0.515979,0.591028,0.561404,0.577667
4991,1,1,1,1,0,1,0,0,0,0,1,0,1,-0.0375615,0.01877,-0.0366451,0.561927,0.515316,0.591028,0.564574,0.570757
4992,0,0,0,0,1,1,0,0,0,0,1,0,1,-0.0485473,0.018913,-0.0484796,0.523693,0.514646,0.544737,0.58804,0.527263
4993,1,0,0,0,1,1,0,0,0,0,1,0,1,-0.0552627,0.0101754,-0.0604114,0.523693,0.513765,0.544737,0.571002,0.52717
4994,0,1,0,0,1,1,0,0,0,0,1,0,1,-0.0313262,0.02594,-0.0314792,0.594332,0.518099,0.615756,0.604126,0.536143
4995,1,1,0,0,1,1,0,0,0,0,1,0,1,-0.0366532,0.0184149,-0.04516,0.594332,0.515957,0.615756,0.597975,0.534818
4996,1,0,1,0,1,1,0,0,0,0,1,0,1,-0.0549748,0.0106615,-0.0560667,0.510478,0.514097,0.544737,0.569269,0.538078
4997,0,1,1,0,1,1,0,0,0,0,1,0,1,-0.0321626,0.023986,-0.0299144,0.561927,0.515767,0.591028,0.588354,0.558606
4998,1,1,1,0,1,1,0,0,0,0,1,0,1,-0.0373498,0.0173719,-0.0432402,0.561927,0.51506,0.591028,0.592473,0.548949
4999,0,0,0,1,1,1,0,0,0,0,1,0,1,-0.0466305,0.019879,-0.043851,0.523693,0.515245,0.544737,0.580302,0.535198
5000,1,0,0,1,1,1,0,0,0,0,1,0,1,-0.053346,0.0111677,-0.055783,0.523693,0.514685,0.544737,0.566498,0.525445
5001,1,1,0,1,1,1,0,0,0,0,1,0,1,-0.0342659,0.0196795,-0.0402307,0.594332,0.515523,0.615756,0.5886,0.534183
5002,0,0,1,1,1,1,0,0,0,0,1,0,1,-0.0468859,0.0194426,-0.0406911,0.510478,0.514908,0.544737,0.572734,0.552398
5003,1,0,1,1,1,1,0,0,0,0,1,0,1,-0.0532652,0.0118511,-0.052836,0.510478,0.514678,0.544737,0.561149,0.54721
5004,0,1,1,1,1,1,0,0,0,0,1,0,1,-0.0303541,0.0250328,-0.025305,0.561927,0.515235,0.591028,0.578712,0.562236
5005,1,1,1,1,1,1,0,0,0,0,1,0,1,-0.0355413,0.0184569,-0.0386309,0.561927,0.515002,0.591028,0.578712,0.557224
5006,1,0,0,0,0,0,1,0,0,0,1,0,1,-0.0592368,0.00644917,-0.0599856,0.496828,0.509856,0.463855,0.505966,0.549291
5007,0,1,0,0,0,0,1,0,0,0,1,0,1,-0.0353008,0.0222463,-0.0310531,0.576113,0.523524,0.546097,0.532582,0.567575
5008,1,1,0,0,0,0,1,0,0,0,1,0,1,-0.0406279,0.014701,-0.044734,0.576113,0.517574,0.546097,0.537073,0.556253
5009,0,0,1,0,0,0,1,0,0,0,1,0,1,-0.052683,0.015083,-0.0433279,0.483613,0.512369,0.463855,0.5037,0.580579
5010,1,0,1,0,0,0,1,0,0,0,1,0,1,-0.0590621,0.00742128,-0.0554729,0.483613,0.511965,0.463855,0.515775,0.569952
5011,0,1,1,0,0,0,1,0,0,0,1,0,1,-0.0362504,0.0207722,-0.0293202,0.543708,0.517002,0.521369,0.512852,0.585806
5012,1,1,1,0,0,0,1,0,0,0,1,0,1,-0.0414375,0.0141399,-0.0426462,0.543708,0.515217,0.521369,0.523597,0.576012
5013,0,0,0,1,0,0,1,0,0,0,1,0,1,-0.0496976,0.0168899,-0.0448663,0.496828,0.514329,0.463855,0.51971,0.571234
5014,1,0,0,1,0,0,1,0,0,0,1,0,1,-0.056413,0.00815772,-0.0567985,0.496828,0.513744,0.463855,0.51971,0.560305
5015,0,1,0,1,0,0,1,0,0,0,1,0,1,-0.0320064,0.0241951,-0.0275651,0.576113,0.518692,0.546097,0.519224,0.577576
5016,1,1,0,1,0,0,1,0,0,0,1,0,1,-0.0373335,0.01668,-0.041246,0.576113,0.516412,0.546097,0.519224,0.567523
5017,0,0,1,1,0,0,1,0,0,0,1,0,1,-0.0502716,0.0158287,-0.0417296,0.483613,0.514331,0.463855,0.525866,0.583184
5018,1,0,1,1,0,0,1,0,0,0,1,0,1,-0.0566508,0.00821498,-0.0538747,0.483613,0.514125,0.463855,0.525866,0.579291
5019,1,1,1,1,0,0,1,0,0,0,1,0,1,-0.0389273,0.0148288,-0.0396694,0.543708,0.515131,0.521369,0.520673,0.585661
5020,0,0,0,0,1,0,1,0,0,0,1,0,1,-0.0530127,0.0144197,-0.0515406,0.496828,0.511742,0.454113,0.516844,0.549149
5021,1,0,0,0,1,0,1,0,0,0,1,0,1,-0.0597281,0.00567229,-0.0634725,0.496828,0.512694,0.454113,0.523662,0.536788
5022,0,1,0,0,1,0,1,0,0,0,1,0,1,-0.0357922,0.0214444,-0.0345403,0.576113,0.517671,0.546097,0.530941,0.556248
5023,1,1,0,0,1,0,1,0,0,0,1,0,1,-0.0411193,0.0139127,-0.048221,0.576113,0.515758,0.546097,0.545811,0.545615
5024,0,0,1,0,1,0,1,0,0,0,1,0,1,-0.0530613,0.0138068,-0.0469829,0.483613,0.513528,0.454113,0.531525,0.568059
5025,1,0,1,0,1,0,1,0,0,0,1,0,1,-0.0594404,0.00616049,-0.0591277,0.483613,0.51367,0.454113,0.536318,0.558189
5026,0,1,1,0,1,0,1,0,0,0,1,0,1,-0.0366287,0.0194927,-0.0329754,0.543708,0.515528,0.521369,0.531486,0.574732
5027,1,1,1,0,1,0,1,0,0,0,1,0,1,-0.0418159,0.0128721,-0.0463012,0.543708,0.514947,0.521369,0.546632,0.565618
5028,1,0,0,1,1,0,1,0,0,0,1,0,1,-0.0575773,0.00635785,-0.0596788,0.496828,0.514352,0.454113,0.502589,0.546651
5029,0,1,0,1,1,0,1,0,0,0,1,0,1,-0.0331708,0.0223715,-0.0304457,0.576113,0.516376,0.546097,0.526552,0.564767
5030,1,1,0,1,1,0,1,0,0,0,1,0,1,-0.0384979,0.0148677,-0.0441265,0.576113,0.515464,0.546097,0.525641,0.555615
5031,0,0,1,1,1,0,1,0,0,0,1,0,1,-0.0511175,0.0146466,-0.0445868,0.483613,0.514565,0.454113,0.529527,0.568479
5032,1,0,1,1,1,0,1,0,0,0,1,0,1,-0.0574966,0.00704826,-0.0567318,0.483613,0.514545,0.454113,0.520855,0.56568
5033,0,1,1,1,1,0,1,0,0,0,1,0,1,-0.0345862,0.020234,-0.0292008,0.543708,0.515167,0.521369,0.53229,0.577152
5034,1,1,1,1,1,0,1,0,0,0,1,0,1,-0.0397733,0.0136547,-0.0425267,0.543708,0.514962,0.521369,0.537266,0.573818
5035,0,0,0,0,0,1,1,0,0,0,1,0,1,-0.0516446,0.0167911,-0.0464598,0.496828,0.514397,0.477855,0.580367,0.541702
5036,1,0,0,0,0,1,1,0,0,0,1,0,1,-0.0583599,0.00803256,-0.0583919,0.496828,0.513149,0.477855,0.578688,0.540512
5037,0,1,0,0,0,1,1,0,0,0,1,0,1,-0.0344239,0.0238327,-0.0294592,0.576113,0.517664,0.546097,0.601427,0.549316
5038,1,1,0,0,0,1,1,0,0,0,1,0,1,-0.0397509,0.01629,-0.0431401,0.576113,0.515563,0.546097,0.601427,0.546061
5039,0,0,1,0,0,1,1,0,0,0,1,0,1,-0.0518061,0.0166702,-0.0417341,0.483613,0.514515,0.477855,0.549716,0.561317
5040,1,0,1,0,0,1,1,0,0,0,1,0,1,-0.0581852,0.00901368,-0.0538791,0.483613,0.513846,0.477855,0.547493,0.550783
5041,0,1,1,0,0,1,1,0,0,0,1,0,1,-0.0353734,0.0223661,-0.0277263,0.543708,0.515582,0.521369,0.572912,0.567598
5042,1,1,1,0,0,1,1,0,0,0,1,0,1,-0.0405606,0.015737,-0.0410524,0.543708,0.514899,0.521369,0.572912,0.558021
5043,0,0,0,1,0,1,1,0,0,0,1,0,1,-0.0488345,0.0186583,-0.0426715,0.496828,0.515096,0.477855,0.556857,0.551009
5044,1,0,0,1,0,1,1,0,0,0,1,0,1,-0.05555,0.00993138,-0.0546037,0.496828,0.514462,0.477855,0.55536,0.539221
5045,1,1,0,1,0,1,1,0,0,0,1,0,1,-0.0364703,0.0184633,-0.0390512,0.576113,0.515286,0.546097,0.581682,0.547597
5046,0,0,1,1,0,1,1,0,0,0,1,0,1,-0.0494085,0.0176009,-0.0395348,0.483613,0.514839,0.477855,0.54923,0.568954
5047,1,0,1,1,0,1,1,0,0,0,1,0,1,-0.0557877,0.00999275,-0.0516799,0.483613,0.514589,0.477855,0.54923,0.559747
5048,0,1,1,1,0,1,1,0,0,0,1,0,1,-0.032877,0.0232004,-0.0241484,0.543708,0.515077,0.521369,0.545733,0.575608
5049,1,1,1,1,0,1,1,0,0,0,1,0,1,-0.0380643,0.0166123,-0.0374745,0.543708,0.514908,0.521369,0.545733,0.567125
5050,0,0,0,0,1,1,1,0,0,0,1,0,1,-0.0504448,0.0164563,-0.0489155,0.496828,0.511566,0.468113,0.582151,0.534309
5051,1,0,0,0,1,1,1,0,0,0,1,0,1,-0.0571602,0.00771591,-0.0608475,0.496828,0.513132,0.468113,0.575066,0.534328
5052,0,1,0,0,1,1,1,0,0,0,1,0,1,-0.033224,0.0234869,-0.031915,0.576113,0.514805,0.546097,0.602787,0.540466
5053,1,1,0,0,1,1,1,0,0,0,1,0,1,-0.0385509,0.0159592,-0.0455958,0.576113,0.514728,0.546097,0.602787,0.541012
5054,0,0,1,0,1,1,1,0,0,0,1,0,1,-0.0504932,0.0158484,-0.0443578,0.483613,0.513578,0.468113,0.553433,0.54724
5055,1,0,1,0,1,1,1,0,0,0,1,0,1,-0.0568723,0.00820775,-0.0565027,0.483613,0.514066,0.468113,0.553433,0.540158
5056,0,1,1,0,1,1,1,0,0,0,1,0,1,-0.0340604,0.0215391,-0.0303501,0.543708,0.514717,0.521369,0.573253,0.555617
5057,1,1,1,0,1,1,1,0,0,0,1,0,1,-0.0392476,0.0149219,-0.043676,0.543708,0.514715,0.521369,0.573253,0.546338
5058,0,0,0,1,1,1,1,0,0,0,1,0,1,-0.048528,0.0174037,-0.0442868,0.496828,0.513828,0.468113,0.559108,0.53324
5059,1,0,0,1,1,1,1,0,0,0,1,0,1,-0.0552435,0.0086896,-0.0562189,0.496828,0.514298,0.468113,0.544517,0.533044
5060,0,1,0,1,1,1,1,0,0,0,1,0,1,-0.0308367,0.0247078,-0.0269856,0.576113,0.514966,0.546097,0.578607,0.542456
5061,1,1,0,1,1,1,1,0,0,0,1,0,1,-0.0361637,0.0172055,-0.0406665,0.576113,0.514883,0.546097,0.578607,0.539468
5062,1,0,1,1,1,1,1,0,0,0,1,0,1,-0.0551627,0.00937893,-0.0532719,0.483613,0.514592,0.468113,0.548509,0.543722
5063,0,1,1,1,1,1,1,0,0,0,1,0,1,-0.0322519,0.0225681,-0.0257407,0.543708,0.514806,0.521369,0.549278,0.562184
5064,1,1,1,1,1,1,1,0,0,0,1,0,1,-0.0374391,0.015989,-0.0390667,0.543708,0.514814,0.521369,0.549278,0.554411
5065,0,0,0,0,0,0,0,1,0,0,1,0,1,-0.0482183,0.0185537,-0.0464051,0.515536,0.515344,0.540479,0.500045,0.582234
5066,1,0,0,0,0,0,0,1,0,0,1,0,1,-0.0549335,0.009788,-0.058337,0.515536,0.513057,0.540479,0.489651,0.571121
5067,0,1,0,0,0,0,0,1,0,0,1,0,1,-0.0309977,0.0255773,-0.0294048,0.586175,0.527097,0.620768,0.528647,0.588279
5068,1,1,0,0,0,0,0,1,0,0,1,0,1,-0.0363247,0.0180279,-0.0430856,0.586175,0.519446,0.620768,0.527549,0.577954
5069,0,0,1,0,0,0,0,1,0,0,1,0,1,-0.0483798,0.0184138,-0.0416794,0.502321,0.514449,0.540479,0.525322,0.594091
5070,1,0,1,0,0,0,0,1,0,0,1,0,1,-0.0547588,0.0107444,-0.0538243,0.502321,0.51322,0.540479,0.527925,0.590335
5071,1,1,1,0,0,0,0,1,0,0,1,0,1,-0.0371343,0.0174547,-0.0409979,0.55377,0.515951,0.59604,0.549314,0.596507
5072,0,0,0,1,0,0,0,1,0,0,1,0,1,-0.0453944,0.0202335,-0.0432178,0.515536,0.516318,0.540479,0.526593,0.580365
5073,1,0,0,1,0,0,0,1,0,0,1,0,1,-0.0521097,0.0114991,-0.0551499,0.515536,0.514898,0.540479,0.513362,0.579641
5074,0,1,0,1,0,0,0,1,0,0,1,0,1,-0.0277033,0.0275296,-0.0259168,0.586175,0.520173,0.620768,0.539509,0.590274
5075,1,1,0,1,0,0,0,1,0,0,1,0,1,-0.0330303,0.0200106,-0.0395978,0.586175,0.517205,0.620768,0.537634,0.587932
5076,0,0,1,1,0,0,0,1,0,0,1,0,1,-0.0459684,0.019156,-0.0400812,0.502321,0.515064,0.540479,0.530367,0.587344
5077,1,0,1,1,0,0,0,1,0,0,1,0,1,-0.0523474,0.0115348,-0.0522262,0.502321,0.514564,0.540479,0.524109,0.588276
5078,0,1,1,1,0,0,0,1,0,0,1,0,1,-0.029437,0.0247401,-0.0246951,0.55377,0.516119,0.59604,0.544591,0.591778
5079,1,1,1,1,0,0,0,1,0,0,1,0,1,-0.0346241,0.0181403,-0.0380212,0.55377,0.515433,0.59604,0.550282,0.597191
5080,0,0,0,0,1,0,0,1,0,0,1,0,1,-0.0482492,0.0183069,-0.0500964,0.515536,0.516604,0.530737,0.508242,0.568885
5081,1,0,0,0,1,0,0,1,0,0,1,0,1,-0.0549644,0.00955607,-0.0620282,0.515536,0.514903,0.530737,0.510143,0.559311
5082,0,1,0,0,1,0,0,1,0,0,1,0,1,-0.0310286,0.0253218,-0.0330962,0.586175,0.51991,0.620768,0.536079,0.577099
5083,1,1,0,0,1,0,0,1,0,0,1,0,1,-0.0363556,0.0177854,-0.0467769,0.586175,0.516786,0.620768,0.538025,0.567589
5084,0,0,1,0,1,0,0,1,0,0,1,0,1,-0.0482976,0.0176785,-0.0455387,0.502321,0.515325,0.530737,0.53165,0.579022
5085,1,0,1,0,1,0,0,1,0,0,1,0,1,-0.0546766,0.0100236,-0.0576834,0.502321,0.514511,0.530737,0.532904,0.578414
5086,0,1,1,0,1,0,0,1,0,0,1,0,1,-0.031865,0.0233573,-0.0315313,0.55377,0.516357,0.59604,0.551138,0.588456
5087,1,1,1,0,1,0,0,1,0,0,1,0,1,-0.0370521,0.0167277,-0.0448572,0.55377,0.515341,0.59604,0.55432,0.586111
5088,0,0,0,1,1,0,0,1,0,0,1,0,1,-0.0460982,0.0189708,-0.0463026,0.515536,0.516105,0.530737,0.505546,0.565566
5089,1,0,0,1,1,0,0,1,0,0,1,0,1,-0.0528136,0.0102484,-0.0582345,0.515536,0.515146,0.530737,0.504925,0.564728
5090,0,1,0,1,1,0,0,1,0,0,1,0,1,-0.0284072,0.0262565,-0.0290017,0.586175,0.51725,0.620768,0.529071,0.575522
5091,1,1,0,1,1,0,0,1,0,0,1,0,1,-0.0337342,0.0187481,-0.0426825,0.586175,0.515877,0.620768,0.53399,0.575046
5092,0,0,1,1,1,0,0,1,0,0,1,0,1,-0.0463538,0.0185226,-0.0431428,0.502321,0.515205,0.530737,0.521762,0.573356
5093,1,0,1,1,1,0,0,1,0,0,1,0,1,-0.0527328,0.0109159,-0.0552876,0.502321,0.514842,0.530737,0.522759,0.573721
5094,0,1,1,1,1,0,0,1,0,0,1,0,1,-0.0298225,0.0241029,-0.0277568,0.55377,0.515485,0.59604,0.533686,0.582548
5095,1,1,1,1,1,0,0,1,0,0,1,0,1,-0.0350095,0.0175147,-0.0410827,0.55377,0.515117,0.59604,0.53992,0.582864
5096,0,0,0,0,0,1,0,1,0,0,1,0,1,-0.0482626,0.0210473,-0.0428927,0.515536,0.517341,0.554479,0.55229,0.563311
5097,1,0,0,0,0,1,0,1,0,0,1,0,1,-0.0549778,0.0122873,-0.0548247,0.515536,0.514681,0.554479,0.52681,0.552195
5098,0,1,0,0,0,1,0,1,0,0,1,0,1,-0.031042,0.0280811,-0.0258922,0.586175,0.519094,0.620768,0.573246,0.570325
5099,1,1,0,0,0,1,0,1,0,0,1,0,1,-0.0363689,0.0205358,-0.0395732,0.586175,0.516305,0.620768,0.577342,0.560172
5100,0,0,1,0,0,1,0,1,0,0,1,0,1,-0.048424,0.0209209,-0.038167,0.502321,0.515607,0.554479,0.543124,0.581714
5101,1,0,1,0,0,1,0,1,0,0,1,0,1,-0.054803,0.0132606,-0.050312,0.502321,0.514439,0.554479,0.531498,0.572264
5102,0,1,1,0,0,1,0,1,0,0,1,0,1,-0.0319915,0.0266101,-0.0241593,0.55377,0.51612,0.59604,0.540355,0.58794
5103,1,1,1,0,0,1,0,1,0,0,1,0,1,-0.0371786,0.0199765,-0.0374855,0.55377,0.515189,0.59604,0.552203,0.579256
5104,0,0,0,1,0,1,0,1,0,0,1,0,1,-0.0454525,0.0229211,-0.0391044,0.515536,0.516144,0.554479,0.549084,0.570367
5105,1,0,0,1,0,1,0,1,0,0,1,0,1,-0.0521679,0.0141928,-0.0510365,0.515536,0.515013,0.554479,0.531418,0.561516
5106,0,1,0,1,0,1,0,1,0,0,1,0,1,-0.0277614,0.0302316,-0.0218031,0.586175,0.516604,0.620768,0.560858,0.57866
5107,1,1,0,1,0,1,0,1,0,0,1,0,1,-0.0330884,0.0227168,-0.0354842,0.586175,0.515585,0.620768,0.560858,0.569731
5108,0,0,1,1,0,1,0,1,0,0,1,0,1,-0.0460265,0.0218539,-0.0359677,0.502321,0.515226,0.554479,0.544327,0.579632
5109,1,0,1,1,0,1,0,1,0,0,1,0,1,-0.0524055,0.0142421,-0.0481128,0.502321,0.514797,0.554479,0.538549,0.579107
5110,0,1,1,1,0,1,0,1,0,0,1,0,1,-0.0294951,0.0274473,-0.0205814,0.55377,0.51528,0.59604,0.538881,0.588257
5111,1,1,1,1,0,1,0,1,0,0,1,0,1,-0.0346822,0.0208548,-0.0339076,0.55377,0.515023,0.59604,0.545262,0.587248
5112,0,0,0,0,1,1,0,1,0,0,1,0,1,-0.045668,0.0210365,-0.0457421,0.515536,0.514819,0.544737,0.561204,0.550162
5113,1,0,0,0,1,1,0,1,0,0,1,0,1,-0.0523833,0.012294,-0.057674,0.515536,0.514493,0.544737,0.547973,0.53712
5114,0,1,0,0,1,1,0,1,0,0,1,0,1,-0.0284471,0.0280588,-0.0287417,0.586175,0.516101,0.620768,0.585227,0.558336
5115,1,1,0,0,1,1,0,1,0,0,1,0,1,-0.033774,0.0205281,-0.0424225,0.586175,0.515283,0.620768,0.576343,0.548633
5116,0,0,1,0,1,1,0,1,0,0,1,0,1,-0.0457163,0.0204189,-0.0411844,0.502321,0.514777,0.544737,0.542716,0.568138
5117,1,0,1,0,1,1,0,1,0,0,1,0,1,-0.0520954,0.0127739,-0.0533292,0.502321,0.514577,0.544737,0.531252,0.559855
5118,0,1,1,0,1,1,0,1,0,0,1,0,1,-0.0292834,0.0261027,-0.0271769,0.55377,0.515197,0.59604,0.565714,0.576221
5119,1,1,1,0,1,1,0,1,0,0,1,0,1,-0.0344706,0.0194806,-0.0405028,0.55377,0.514926,0.59604,0.569557,0.568217
5120,0,0,0,1,1,1,0,1,0,0,1,0,1,-0.0437512,0.0219931,-0.0411135,0.515536,0.515002,0.544737,0.543085,0.554224
5121,1,0,0,1,1,1,0,1,0,0,1,0,1,-0.0504666,0.0132769,-0.0530455,0.515536,0.514791,0.544737,0.529873,0.546969
5122,0,1,0,1,1,1,0,1,0,0,1,0,1,-0.0260598,0.0292896,-0.0238123,0.586175,0.51545,0.620768,0.570673,0.564377
5123,1,1,0,1,1,1,0,1,0,0,1,0,1,-0.0313867,0.0217845,-0.0374933,0.586175,0.515096,0.620768,0.560329,0.557266
5124,0,0,1,1,1,1,0,1,0,0,1,0,1,-0.0440066,0.0215542,-0.0379536,0.502321,0.514862,0.544737,0.533996,0.565298
5125,1,0,1,1,1,1,0,1,0,0,1,0,1,-0.0503857,0.0139542,-0.0500986,0.502321,0.514776,0.544737,0.524462,0.563849
5126,0,1,1,1,1,1,0,1,0,0,1,0,1,-0.027475,0.0271411,-0.0225675,0.55377,0.514984,0.59604,0.559043,0.574169
5127,1,1,1,1,1,1,0,1,0,0,1,0,1,-0.0326621,0.0205572,-0.0358935,0.55377,0.514894,0.59604,0.556542,0.573585
5128,0,0,0,0,0,0,1,1,0,0,1,0,1,-0.0504679,0.0163429,-0.0460894,0.496828,0.513137,0.463855,0.550072,0.578958
5129,1,0,0,0,0,0,1,1,0,0,1,0,1,-0.0571832,0.00757376,-0.0580215,0.496828,0.513186,0.463855,0.542314,0.568322
5130,0,1,0,0,0,0,1,1,0,0,1,0,1,-0.0332476,0.0233706,-0.0290889,0.576113,0.518248,0.551109,0.54914,0.584515
5131,1,1,0,0,0,0,1,1,0,0,1,0,1,-0.0385745,0.015819,-0.0427698,0.576113,0.51597,0.551109,0.54914,0.574379
5132,0,0,1,0,0,0,1,1,0,0,1,0,1,-0.0506296,0.0162104,-0.0413636,0.483613,0.513988,0.463855,0.549901,0.595723
5133,1,0,1,0,0,0,1,1,0,0,1,0,1,-0.0570085,0.00853924,-0.0535087,0.483613,0.513843,0.463855,0.544631,0.58671
5134,0,1,1,0,0,0,1,1,0,0,1,0,1,-0.0341971,0.0218945,-0.027356,0.543708,0.515709,0.526381,0.549901,0.600275
5135,1,1,1,0,0,0,1,1,0,0,1,0,1,-0.0393842,0.0152533,-0.0406821,0.543708,0.515019,0.526381,0.554434,0.591634
5136,0,0,0,1,0,0,1,1,0,0,1,0,1,-0.047644,0.0180108,-0.042902,0.496828,0.514714,0.463855,0.54756,0.585752
5137,1,0,0,1,0,0,1,1,0,0,1,0,1,-0.0543594,0.00927289,-0.0548342,0.496828,0.514488,0.463855,0.544485,0.577787
5138,0,1,0,1,0,0,1,1,0,0,1,0,1,-0.0299531,0.0253111,-0.0256009,0.576113,0.516339,0.551109,0.546609,0.593013
5139,1,1,0,1,0,0,1,1,0,0,1,0,1,-0.0352801,0.0177899,-0.0392818,0.576113,0.51546,0.551109,0.546609,0.584561
5140,0,0,1,1,0,0,1,1,0,0,1,0,1,-0.0482181,0.0169457,-0.0397653,0.483613,0.514668,0.463855,0.549502,0.592668
5141,1,0,1,1,0,0,1,1,0,0,1,0,1,-0.0545972,0.00932258,-0.0519105,0.483613,0.514588,0.463855,0.539975,0.592858
5142,1,1,1,1,0,0,1,1,0,0,1,0,1,-0.036874,0.0159324,-0.0377053,0.543708,0.514955,0.526381,0.549413,0.599487
5143,0,0,0,0,1,0,1,1,0,0,1,0,1,-0.0509592,0.015566,-0.0495764,0.496828,0.513753,0.454113,0.536308,0.567308
5144,1,0,0,0,1,0,1,1,0,0,1,0,1,-0.0576745,0.00681269,-0.0615083,0.496828,0.514108,0.454113,0.526853,0.557486
5145,0,1,0,0,1,0,1,1,0,0,1,0,1,-0.033739,0.0225847,-0.0325761,0.576113,0.515946,0.551109,0.549156,0.574322
5146,1,1,0,0,1,0,1,1,0,0,1,0,1,-0.0390659,0.0150466,-0.0462568,0.576113,0.515213,0.551109,0.554076,0.565343
5147,0,0,1,0,1,0,1,1,0,0,1,0,1,-0.0510078,0.0149499,-0.0450187,0.483613,0.51437,0.454113,0.546311,0.584144
5148,1,0,1,0,1,0,1,1,0,0,1,0,1,-0.0573868,0.00729409,-0.0571635,0.483613,0.514424,0.454113,0.536973,0.57603
5149,0,1,1,0,1,0,1,1,0,0,1,0,1,-0.0345754,0.0206307,-0.0310112,0.543708,0.51511,0.526381,0.549719,0.590564
5150,1,1,1,0,1,0,1,1,0,0,1,0,1,-0.0397625,0.0140012,-0.044337,0.543708,0.514885,0.526381,0.553351,0.582958
5151,0,0,0,1,1,0,1,1,0,0,1,0,1,-0.0488083,0.0162132,-0.0457825,0.496828,0.514681,0.454113,0.535173,0.571706
5152,1,0,0,1,1,0,1,1,0,0,1,0,1,-0.0555237,0.00748837,-0.0577146,0.496828,0.514671,0.454113,0.528618,0.56556
5153,0,1,0,1,1,0,1,1,0,0,1,0,1,-0.0311176,0.023503,-0.0284815,0.576113,0.515424,0.551109,0.549995,0.58073
5154,1,1,0,1,1,0,1,1,0,0,1,0,1,-0.0364446,0.0159929,-0.0421623,0.576113,0.515075,0.551109,0.550173,0.573719
5155,0,0,1,1,1,0,1,1,0,0,1,0,1,-0.049064,0.0157796,-0.0426226,0.483613,0.514736,0.454113,0.535491,0.578857
5156,1,0,1,1,1,0,1,1,0,0,1,0,1,-0.055443,0.00817193,-0.0547676,0.483613,0.514727,0.454113,0.532428,0.579029
5157,0,1,1,1,1,0,1,1,0,0,1,0,1,-0.0325329,0.0213626,-0.0272366,0.543708,0.514959,0.526381,0.548126,0.587034
5158,1,1,1,1,1,0,1,1,0,0,1,0,1,-0.0377199,0.0147744,-0.0405625,0.543708,0.514879,0.526381,0.548627,0.58753
5159,0,0,0,0,0,1,1,1,0,0,1,0,1,-0.0490737,0.0183623,-0.0433778,0.496828,0.514729,0.477855,0.550125,0.561235
5160,1,0,0,0,0,1,1,1,0,0,1,0,1,-0.055789,0.00959869,-0.0553099,0.496828,0.514275,0.477855,0.544068,0.551229
5161,0,1,0,0,0,1,1,1,0,0,1,0,1,-0.0318533,0.0254003,-0.0263771,0.576113,0.515944,0.551109,0.577789,0.567867
5162,1,1,0,0,0,1,1,1,0,0,1,0,1,-0.0371802,0.0178523,-0.0400582,0.576113,0.515142,0.551109,0.577789,0.558521
5163,0,0,1,0,0,1,1,1,0,0,1,0,1,-0.0492353,0.018241,-0.038652,0.483613,0.514732,0.477855,0.549935,0.578757
5164,1,0,1,0,0,1,1,1,0,0,1,0,1,-0.0556143,0.0105771,-0.0507971,0.483613,0.514488,0.477855,0.547465,0.569814
5165,0,1,1,0,0,1,1,1,0,0,1,0,1,-0.0328028,0.0239332,-0.0246443,0.543708,0.51513,0.526381,0.552933,0.584637
5166,1,1,1,0,0,1,1,1,0,0,1,0,1,-0.0379899,0.0172974,-0.0379704,0.543708,0.514868,0.526381,0.552933,0.576495
5167,0,0,0,1,0,1,1,1,0,0,1,0,1,-0.0462637,0.0202188,-0.0395894,0.496828,0.514948,0.477855,0.550125,0.569036
5168,1,0,0,1,0,1,1,1,0,0,1,0,1,-0.0529791,0.0114868,-0.0515217,0.496828,0.514711,0.477855,0.545157,0.559821
5169,0,1,0,1,0,1,1,1,0,0,1,0,1,-0.0285727,0.0275336,-0.022288,0.576113,0.515305,0.551109,0.553906,0.576008
5170,1,1,0,1,0,1,1,1,0,0,1,0,1,-0.0338996,0.020016,-0.0359691,0.576113,0.51501,0.551109,0.553906,0.567635
5171,0,0,1,1,0,1,1,1,0,0,1,0,1,-0.0468377,0.0191612,-0.0364527,0.483613,0.514837,0.477855,0.550248,0.58449
5172,1,0,1,1,0,1,1,1,0,0,1,0,1,-0.0532168,0.0115458,-0.0485979,0.483613,0.514744,0.477855,0.550248,0.577422
5173,0,1,1,1,0,1,1,1,0,0,1,0,1,-0.0303064,0.0247581,-0.0210663,0.543708,0.514927,0.526381,0.550248,0.59126
5174,1,1,1,1,0,1,1,1,0,0,1,0,1,-0.0354936,0.0181633,-0.0343925,0.543708,0.51486,0.526381,0.550248,0.584259
5175,0,0,0,0,1,1,1,1,0,0,1,0,1,-0.047874,0.0180399,-0.0458335,0.496828,0.513646,0.468113,0.558246,0.5483
5176,1,0,0,0,1,1,1,1,0,0,1,0,1,-0.0545893,0.00929434,-0.0577655,0.496828,0.514224,0.468113,0.538478,0.543023
5177,0,1,0,0,1,1,1,1,0,0,1,0,1,-0.0306534,0.0250669,-0.0288329,0.576113,0.514841,0.551109,0.584364,0.556864
5178,1,1,0,0,1,1,1,1,0,0,1,0,1,-0.0359803,0.0175338,-0.0425138,0.576113,0.514803,0.551109,0.579144,0.549192
5179,0,0,1,0,1,1,1,1,0,0,1,0,1,-0.0479224,0.0174319,-0.0412757,0.483613,0.514372,0.468113,0.550312,0.566618
5180,1,0,1,0,1,1,1,1,0,0,1,0,1,-0.0543015,0.00978393,-0.0534207,0.483613,0.514552,0.468113,0.545837,0.558428
5181,0,1,1,0,1,1,1,1,0,0,1,0,1,-0.0314898,0.0231191,-0.0272681,0.543708,0.514792,0.526381,0.56016,0.573859
5182,1,1,1,0,1,1,1,1,0,0,1,0,1,-0.0366769,0.0164951,-0.0405941,0.543708,0.514788,0.526381,0.565393,0.566388
5183,0,0,0,1,1,1,1,1,0,0,1,0,1,-0.0459572,0.0189766,-0.0412048,0.496828,0.514464,0.468113,0.541431,0.555545
5184,1,0,0,1,1,1,1,1,0,0,1,0,1,-0.0526726,0.0102574,-0.053137,0.496828,0.514636,0.468113,0.524764,0.545117
5185,0,1,0,1,1,1,1,1,0,0,1,0,1,-0.0282661,0.0262783,-0.0239035,0.576113,0.514884,0.551109,0.562787,0.563657
5186,1,1,0,1,1,1,1,1,0,0,1,0,1,-0.033593,0.0187707,-0.0375845,0.576113,0.51485,0.551109,0.552113,0.556142
5187,0,0,1,1,1,1,1,1,0,0,1,0,1,-0.0462127,0.0185487,-0.0380449,0.483613,0.51468,0.468113,0.550023,0.569879
5188,1,0,1,1,1,1,1,1,0,0,1,0,1,-0.0525918,0.0109457,-0.0501899,0.483613,0.514739,0.468113,0.53883,0.564687
5189,0,1,1,1,1,1,1,1,0,0,1,0,1,-0.0296813,0.0241396,-0.0226586,0.543708,0.514819,0.526381,0.550023,0.578555
5190,1,1,1,1,1,1,1,1,0,0,1,0,1,-0.0348684,0.0175537,-0.0359847,0.543708,0.51482,0.526381,0.550023,0.572822
5191,0,0,0,0,0,0,0,0,1,0,1,0,1,-0.0512336,0.0183412,-0.0458513,0.523693,0.513608,0.540479,0.480786,0.572967
5192,1,0,0,0,0,0,0,0,1,0,1,0,1,-0.057949,0.00957518,-0.0577833,0.523693,0.512092,0.540479,0.504248,0.569009
5193,0,1,0,0,0,0,0,0,1,0,1,0,1,-0.0340129,0.0253735,-0.028851,0.585367,0.525173,0.609436,0.537429,0.583203
5194,1,1,0,0,0,0,0,0,1,0,1,0,1,-0.03934,0.0178223,-0.0425319,0.585367,0.51875,0.609436,0.572273,0.576769
5195,0,0,1,0,0,0,0,0,1,0,1,0,1,-0.0513951,0.0182054,-0.0411256,0.510478,0.513709,0.540479,0.489366,0.581925
5196,1,0,1,0,0,0,0,0,1,0,1,0,1,-0.0577741,0.0105373,-0.0532706,0.510478,0.512901,0.540479,0.52449,0.581325
5197,0,1,1,0,0,0,0,0,1,0,1,0,1,-0.0349624,0.0238934,-0.0271181,0.552963,0.517441,0.584708,0.539257,0.590512
5198,1,1,1,0,0,0,0,0,1,0,1,0,1,-0.0401496,0.0172514,-0.0404442,0.552963,0.515663,0.584708,0.562116,0.590823
5199,0,0,0,1,0,0,0,0,1,0,1,0,1,-0.0484097,0.0200261,-0.042664,0.523693,0.515639,0.540479,0.545734,0.568592
5200,1,0,0,1,0,0,0,0,1,0,1,0,1,-0.0551252,0.0112913,-0.0545962,0.523693,0.514584,0.540479,0.55048,0.567752
5201,1,1,0,1,0,0,0,0,1,0,1,0,1,-0.0360457,0.0198117,-0.039044,0.585367,0.516766,0.609436,0.568184,0.577764
5202,0,0,1,1,0,0,0,0,1,0,1,0,1,-0.0489837,0.0189538,-0.0395274,0.510478,0.514749,0.540479,0.548059,0.574363
5203,1,0,1,1,0,0,0,0,1,0,1,0,1,-0.0553628,0.0113338,-0.0516724,0.510478,0.514454,0.540479,0.558759,0.576754
5204,0,1,1,1,0,0,0,0,1,0,1,0,1,-0.0324522,0.0245447,-0.0241413,0.552963,0.515463,0.584708,0.554033,0.58203
5205,1,1,1,1,0,0,0,0,1,0,1,0,1,-0.0376394,0.0179436,-0.0374674,0.552963,0.515239,0.584708,0.57174,0.585787
5206,0,0,0,0,1,0,0,0,1,0,1,0,1,-0.0512644,0.0181002,-0.0495426,0.523693,0.513901,0.530737,0.500078,0.558167
5207,1,0,0,0,1,0,0,0,1,0,1,0,1,-0.0579798,0.00934916,-0.0614745,0.523693,0.513788,0.530737,0.527121,0.553994
5208,0,1,0,0,1,0,0,0,1,0,1,0,1,-0.0340438,0.0251239,-0.0325424,0.585367,0.518372,0.609436,0.539932,0.568473
5209,1,1,0,0,1,0,0,0,1,0,1,0,1,-0.0393708,0.0175857,-0.0462231,0.585367,0.516225,0.609436,0.562348,0.564801
5210,0,0,1,0,1,0,0,0,1,0,1,0,1,-0.0513128,0.0174766,-0.0449849,0.510478,0.514296,0.530737,0.525471,0.567293
5211,1,0,1,0,1,0,0,0,1,0,1,0,1,-0.0576919,0.0098231,-0.0571298,0.510478,0.514116,0.530737,0.543645,0.566792
5212,0,1,1,0,1,0,0,0,1,0,1,0,1,-0.0348802,0.0231617,-0.0309775,0.552963,0.515721,0.584708,0.537967,0.576959
5213,1,1,1,0,1,0,0,0,1,0,1,0,1,-0.0400674,0.016531,-0.0443034,0.552963,0.515123,0.584708,0.556267,0.576375
5214,0,0,0,1,1,0,0,0,1,0,1,0,1,-0.0491135,0.0187664,-0.0457488,0.523693,0.515146,0.530737,0.567758,0.553071
5215,1,0,0,1,1,0,0,0,1,0,1,0,1,-0.055829,0.0100438,-0.0576808,0.523693,0.51477,0.530737,0.575534,0.55304
5216,0,1,0,1,1,0,0,0,1,0,1,0,1,-0.0314224,0.0260626,-0.0284479,0.585367,0.516469,0.609436,0.582715,0.563596
5217,1,1,0,1,1,0,0,0,1,0,1,0,1,-0.0367495,0.0185524,-0.0421287,0.585367,0.515618,0.609436,0.588979,0.563516
5218,0,0,1,1,1,0,0,0,1,0,1,0,1,-0.049369,0.0183257,-0.042589,0.510478,0.514829,0.530737,0.55849,0.560439
5219,1,0,1,1,1,0,0,0,1,0,1,0,1,-0.0557481,0.0107202,-0.0547339,0.510478,0.514706,0.530737,0.567678,0.561604
5220,0,1,1,1,1,0,0,0,1,0,1,0,1,-0.0328376,0.0239126,-0.027203,0.552963,0.515148,0.584708,0.567814,0.570338
5221,1,1,1,1,1,0,0,0,1,0,1,0,1,-0.0380248,0.0173233,-0.0405289,0.552963,0.515011,0.584708,0.577296,0.571415
5222,0,0,0,0,0,1,0,0,1,0,1,0,1,-0.0513968,0.0207502,-0.0436032,0.523693,0.517479,0.554479,0.575364,0.560285
5223,1,0,0,0,0,1,0,0,1,0,1,0,1,-0.0581121,0.0119889,-0.0555353,0.523693,0.514612,0.554479,0.579748,0.549389
5224,1,1,0,0,0,1,0,0,1,0,1,0,1,-0.0395032,0.020243,-0.0402837,0.585367,0.516151,0.609436,0.603297,0.557994
5225,0,0,1,0,0,1,0,0,1,0,1,0,1,-0.0515582,0.020627,-0.0388776,0.510478,0.515626,0.554479,0.560456,0.573059
5226,1,0,1,0,0,1,0,0,1,0,1,0,1,-0.0579373,0.0129664,-0.0510226,0.510478,0.514428,0.554479,0.575789,0.570042
5227,0,1,1,0,0,1,0,0,1,0,1,0,1,-0.0351257,0.0263214,-0.0248699,0.552963,0.515903,0.584708,0.57732,0.581998
5228,1,1,1,0,0,1,0,0,1,0,1,0,1,-0.0403128,0.0196849,-0.038196,0.552963,0.515125,0.584708,0.590031,0.577984
5229,0,0,0,1,0,1,0,0,1,0,1,0,1,-0.0485868,0.0226267,-0.0398149,0.523693,0.5162,0.554479,0.583821,0.559801
5230,1,0,0,1,0,1,0,0,1,0,1,0,1,-0.0553023,0.0138969,-0.0517471,0.523693,0.51501,0.554479,0.581245,0.556074
5231,0,1,0,1,0,1,0,0,1,0,1,0,1,-0.0308956,0.0299463,-0.0225137,0.585367,0.516237,0.609436,0.588523,0.569455
5232,1,1,0,1,0,1,0,0,1,0,1,0,1,-0.0362227,0.0224284,-0.0361948,0.585367,0.515478,0.609436,0.588954,0.566429
5233,0,0,1,1,0,1,0,0,1,0,1,0,1,-0.0491607,0.0215636,-0.0366783,0.510478,0.515226,0.554479,0.563836,0.568071
5234,1,0,1,1,0,1,0,0,1,0,1,0,1,-0.0555399,0.0139513,-0.0488234,0.510478,0.514799,0.554479,0.567551,0.567781
5235,0,1,1,1,0,1,0,0,1,0,1,0,1,-0.0326293,0.0271627,-0.021292,0.552963,0.515101,0.584708,0.57148,0.577069
5236,1,1,1,1,0,1,0,0,1,0,1,0,1,-0.0378165,0.0205671,-0.0346182,0.552963,0.514974,0.584708,0.578565,0.576711
5237,0,0,0,0,1,1,0,0,1,0,1,0,1,-0.0488022,0.0207531,-0.0464527,0.523693,0.515013,0.544737,0.599287,0.544334
5238,1,0,0,0,1,1,0,0,1,0,1,0,1,-0.0555177,0.0120093,-0.0583846,0.523693,0.514521,0.544737,0.604723,0.532799
5239,0,1,0,0,1,1,0,0,1,0,1,0,1,-0.0315812,0.0277827,-0.0294523,0.585367,0.515984,0.609436,0.600473,0.554826
5240,1,1,0,0,1,1,0,0,1,0,1,0,1,-0.0369083,0.020249,-0.0431331,0.585367,0.515242,0.609436,0.610052,0.544855
5241,0,0,1,0,1,1,0,0,1,0,1,0,1,-0.0488505,0.0201392,-0.041895,0.510478,0.514838,0.544737,0.587188,0.558656
5242,1,0,1,0,1,1,0,0,1,0,1,0,1,-0.0552296,0.0124938,-0.0540398,0.510478,0.514593,0.544737,0.595151,0.554576
5243,0,1,1,0,1,1,0,0,1,0,1,0,1,-0.0324176,0.0258282,-0.0278875,0.552963,0.515132,0.584708,0.590565,0.567988
5244,1,1,1,0,1,1,0,0,1,0,1,0,1,-0.0376048,0.0192032,-0.0412134,0.552963,0.514908,0.584708,0.59936,0.564791
5245,0,0,0,1,1,1,0,0,1,0,1,0,1,-0.0468855,0.0217099,-0.041824,0.523693,0.515094,0.544737,0.593013,0.544813
5246,1,0,0,1,1,1,0,0,1,0,1,0,1,-0.053601,0.0129925,-0.0537561,0.523693,0.514816,0.544737,0.594853,0.539658
5247,0,1,0,1,1,1,0,0,1,0,1,0,1,-0.029194,0.0290156,-0.0245229,0.585367,0.515344,0.609436,0.596542,0.555178
5248,1,1,0,1,1,1,0,0,1,0,1,0,1,-0.0345211,0.0215076,-0.0382038,0.585367,0.515067,0.609436,0.599381,0.551199
5249,0,0,1,1,1,1,0,0,1,0,1,0,1,-0.0471408,0.0212767,-0.0386642,0.510478,0.514888,0.544737,0.585314,0.553056
5250,1,0,1,1,1,1,0,0,1,0,1,0,1,-0.05352,0.0136762,-0.0508091,0.510478,0.514786,0.544737,0.589925,0.553383
5251,0,1,1,1,1,1,0,0,1,0,1,0,1,-0.0306092,0.0268693,-0.0232781,0.552963,0.514929,0.584708,0.589483,0.562532
5252,1,1,1,1,1,1,0,0,1,0,1,0,1,-0.0357964,0.0202824,-0.036604,0.552963,0.51488,0.584708,0.596105,0.562833
5253,0,0,0,0,0,0,1,0,1,0,1,0,1,-0.0530729,0.0172852,-0.0458249,0.496828,0.513041,0.463855,0.499332,0.577532
5254,1,0,0,0,0,0,1,0,1,0,1,0,1,-0.0597882,0.00851339,-0.0577571,0.496828,0.513053,0.463855,0.517291,0.566641
5255,1,1,0,0,0,0,1,0,1,0,1,0,1,-0.0411794,0.0167648,-0.0425054,0.567149,0.51577,0.539776,0.578296,0.573904
5256,0,0,1,0,0,0,1,0,1,0,1,0,1,-0.0532344,0.0171562,-0.0410993,0.483613,0.513917,0.463855,0.503462,0.586896
5257,1,0,1,0,0,0,1,0,1,0,1,0,1,-0.0596134,0.00948263,-0.0532443,0.483613,0.513808,0.463855,0.526358,0.585684
5258,0,1,1,0,0,0,1,0,1,0,1,0,1,-0.0368019,0.022846,-0.0270917,0.534744,0.515431,0.515049,0.523489,0.595276
5259,1,1,1,0,0,0,1,0,1,0,1,0,1,-0.041989,0.0161999,-0.0404177,0.534744,0.514932,0.515049,0.553881,0.59231
5260,0,0,0,1,0,0,1,0,1,0,1,0,1,-0.050249,0.0189576,-0.0426376,0.496828,0.514677,0.463855,0.533272,0.574277
5261,1,0,0,1,0,0,1,0,1,0,1,0,1,-0.0569644,0.0102169,-0.0545699,0.496828,0.514461,0.463855,0.532658,0.573349
5262,0,1,0,1,0,0,1,0,1,0,1,0,1,-0.0325579,0.0262678,-0.0253365,0.567149,0.515893,0.539776,0.550264,0.583204
5263,1,1,0,1,0,0,1,0,1,0,1,0,1,-0.0378851,0.018742,-0.0390175,0.567149,0.515322,0.539776,0.554019,0.58265
5264,0,0,1,1,0,0,1,0,1,0,1,0,1,-0.050823,0.0178959,-0.0395009,0.483613,0.514631,0.463855,0.539717,0.5816
5265,1,0,1,1,0,0,1,0,1,0,1,0,1,-0.0572021,0.0102704,-0.0516461,0.483613,0.514581,0.463855,0.548581,0.581622
5266,0,1,1,1,0,0,1,0,1,0,1,0,1,-0.0342916,0.0234895,-0.0241147,0.534744,0.514919,0.515049,0.530686,0.589642
5267,1,1,1,1,0,0,1,0,1,0,1,0,1,-0.0394789,0.0168843,-0.0374408,0.534744,0.514892,0.515049,0.544354,0.589831
5268,0,0,0,0,1,0,1,0,1,0,1,0,1,-0.0535642,0.0165164,-0.049312,0.496828,0.51351,0.454113,0.517407,0.562691
5269,1,0,0,0,1,0,1,0,1,0,1,0,1,-0.0602796,0.00776045,-0.061244,0.496828,0.513983,0.454113,0.539401,0.554703
5270,0,1,0,0,1,0,1,0,1,0,1,0,1,-0.0363438,0.0235431,-0.0323117,0.567149,0.515649,0.539776,0.551469,0.572338
5271,1,1,0,0,1,0,1,0,1,0,1,0,1,-0.0416709,0.0160006,-0.0459924,0.567149,0.515106,0.539776,0.576869,0.563171
5272,0,0,1,0,1,0,1,0,1,0,1,0,1,-0.0536127,0.0159034,-0.0447543,0.483613,0.514268,0.454113,0.538458,0.572952
5273,1,0,1,0,1,0,1,0,1,0,1,0,1,-0.0599918,0.00824529,-0.0568992,0.483613,0.514383,0.454113,0.558505,0.5721
5274,0,1,1,0,1,0,1,0,1,0,1,0,1,-0.0371803,0.02159,-0.0307468,0.534744,0.514974,0.515049,0.550264,0.581578
5275,1,1,1,0,1,0,1,0,1,0,1,0,1,-0.0423674,0.0149556,-0.0440727,0.534744,0.514841,0.515049,0.57237,0.581088
5276,0,0,0,1,1,0,1,0,1,0,1,0,1,-0.0514133,0.0171663,-0.0455181,0.496828,0.514609,0.454113,0.546528,0.560169
5277,1,0,0,1,1,0,1,0,1,0,1,0,1,-0.0581288,0.00843883,-0.0574502,0.496828,0.514639,0.454113,0.556649,0.558722
5278,0,1,0,1,1,0,1,0,1,0,1,0,1,-0.0337225,0.0244661,-0.0282171,0.567149,0.51524,0.539776,0.549815,0.569634
5279,1,1,0,1,1,0,1,0,1,0,1,0,1,-0.0390496,0.0169515,-0.0418979,0.567149,0.515018,0.539776,0.561819,0.568871
5280,0,0,1,1,1,0,1,0,1,0,1,0,1,-0.0516689,0.0167378,-0.0423582,0.483613,0.514702,0.454113,0.557376,0.567374
5281,1,0,1,1,1,0,1,0,1,0,1,0,1,-0.058048,0.00912769,-0.0545033,0.483613,0.514717,0.454113,0.565718,0.567898
5282,0,1,1,1,1,0,1,0,1,0,1,0,1,-0.0351377,0.0223272,-0.0269721,0.534744,0.514874,0.515049,0.556574,0.576226
5283,1,1,1,1,1,0,1,0,1,0,1,0,1,-0.0403249,0.0157342,-0.0402981,0.534744,0.514854,0.515049,0.564522,0.57662
5284,0,0,0,0,0,1,1,0,1,0,1,0,1,-0.0521959,0.0188806,-0.0442312,0.496828,0.515179,0.477855,0.587936,0.558915
5285,1,0,0,0,0,1,1,0,1,0,1,0,1,-0.0589113,0.0101135,-0.0561633,0.496828,0.514404,0.477855,0.590298,0.548235
5286,1,1,0,0,0,1,1,0,1,0,1,0,1,-0.0403024,0.0183706,-0.0409116,0.567149,0.515135,0.539776,0.602229,0.556499
5287,0,0,1,0,0,1,1,0,1,0,1,0,1,-0.0523574,0.0187601,-0.0395055,0.483613,0.514887,0.477855,0.56492,0.577204
5288,1,0,1,0,0,1,1,0,1,0,1,0,1,-0.0587365,0.0110918,-0.0516505,0.483613,0.514542,0.477855,0.565395,0.56803
5289,0,1,1,0,0,1,1,0,1,0,1,0,1,-0.0359249,0.0244567,-0.0254977,0.534744,0.515099,0.515049,0.584416,0.583768
5290,1,1,1,0,0,1,1,0,1,0,1,0,1,-0.0411121,0.0178138,-0.0388238,0.534744,0.514862,0.515049,0.593608,0.575435
5291,0,0,0,1,0,1,1,0,1,0,1,0,1,-0.049386,0.0207432,-0.0404428,0.496828,0.51512,0.477855,0.567139,0.564268
5292,1,0,0,1,0,1,1,0,1,0,1,0,1,-0.0561015,0.0120078,-0.0523751,0.496828,0.514769,0.477855,0.567139,0.557086
5293,1,1,0,1,0,1,1,0,1,0,1,0,1,-0.037022,0.0205424,-0.0368226,0.567149,0.51499,0.539776,0.588361,0.565472
5294,0,0,1,1,0,1,1,0,1,0,1,0,1,-0.0499599,0.0196853,-0.0373061,0.483613,0.514893,0.477855,0.549684,0.573475
5295,1,0,1,1,0,1,1,0,1,0,1,0,1,-0.0563391,0.0120653,-0.0494513,0.483613,0.514766,0.477855,0.549684,0.573121
5296,0,1,1,1,0,1,1,0,1,0,1,0,1,-0.0334285,0.0252868,-0.0219198,0.534744,0.514881,0.515049,0.554923,0.5815
5297,1,1,1,1,0,1,1,0,1,0,1,0,1,-0.0386158,0.0186849,-0.0352459,0.534744,0.514849,0.515049,0.559316,0.58105
5298,0,0,0,0,1,1,1,0,1,0,1,0,1,-0.0509962,0.0185737,-0.0466869,0.496828,0.514302,0.468113,0.592157,0.544409
5299,1,0,0,0,1,1,1,0,1,0,1,0,1,-0.0577116,0.00982485,-0.0586189,0.496828,0.514452,0.468113,0.597272,0.535197
5300,1,1,0,0,1,1,1,0,1,0,1,0,1,-0.0391025,0.0180678,-0.0433673,0.567149,0.514866,0.539776,0.610099,0.543269
5301,0,0,1,0,1,1,1,0,1,0,1,0,1,-0.0510446,0.0179657,-0.0421292,0.483613,0.514609,0.468113,0.569748,0.562161
5302,1,0,1,0,1,1,1,0,1,0,1,0,1,-0.0574237,0.0103133,-0.0542741,0.483613,0.514638,0.468113,0.58095,0.555592
5303,0,1,1,0,1,1,1,0,1,0,1,0,1,-0.0346119,0.0236572,-0.0281215,0.534744,0.514847,0.515049,0.588291,0.571219
5304,1,1,1,0,1,1,1,0,1,0,1,0,1,-0.0397991,0.0170262,-0.0414475,0.534744,0.51481,0.515049,0.601,0.564098
5305,0,0,0,1,1,1,1,0,1,0,1,0,1,-0.0490795,0.0195144,-0.0420581,0.496828,0.514714,0.468113,0.573112,0.548597
5306,1,0,0,1,1,1,1,0,1,0,1,0,1,-0.055795,0.0107919,-0.0539903,0.496828,0.514727,0.468113,0.577102,0.541101
5307,0,1,0,1,1,1,1,0,1,0,1,0,1,-0.0313883,0.0268236,-0.0247569,0.567149,0.514925,0.539776,0.590196,0.558532
5308,1,1,0,1,1,1,1,0,1,0,1,0,1,-0.0367153,0.0193106,-0.0384379,0.567149,0.514868,0.539776,0.592755,0.55264
5309,0,0,1,1,1,1,1,0,1,0,1,0,1,-0.0493349,0.0190872,-0.0388982,0.483613,0.514769,0.468113,0.549344,0.559853
5310,1,0,1,1,1,1,1,0,1,0,1,0,1,-0.0557141,0.0114796,-0.0510433,0.483613,0.514773,0.468113,0.552902,0.558011
5311,0,1,1,1,1,1,1,0,1,0,1,0,1,-0.0328035,0.0246826,-0.023512,0.534744,0.514828,0.515049,0.556901,0.568366
5312,1,1,1,1,1,1,1,0,1,0,1,0,1,-0.0379907,0.0180898,-0.0368381,0.534744,0.514826,0.515049,0.56263,0.567553
5313,0,0,0,0,0,0,0,1,1,0,1,0,1,-0.048008,0.0204756,-0.0433807,0.515536,0.51455,0.540479,0.496217,0.583461
5314,1,0,0,0,0,0,0,1,1,0,1,0,1,-0.0547233,0.0117057,-0.0553128,0.515536,0.513976,0.540479,0.514494,0.582659
5315,0,1,0,0,0,0,0,1,1,0,1,0,1,-0.0307875,0.0274983,-0.0263805,0.577211,0.51888,0.614448,0.548326,0.593171
5316,1,1,0,0,0,0,0,1,1,0,1,0,1,-0.0361145,0.019943,-0.0400614,0.577211,0.516404,0.614448,0.576798,0.592238
5317,0,0,1,0,0,0,0,1,1,0,1,0,1,-0.0481695,0.0203352,-0.038655,0.502321,0.514479,0.540479,0.51347,0.585128
5318,1,0,1,0,0,0,0,1,1,0,1,0,1,-0.0545484,0.0126591,-0.0508001,0.502321,0.514176,0.540479,0.547028,0.591262
5319,0,1,1,0,0,0,0,1,1,0,1,0,1,-0.0317369,0.0260158,-0.0246476,0.544806,0.51588,0.58972,0.543938,0.587628
5320,1,1,1,0,0,0,0,1,1,0,1,0,1,-0.036924,0.0193669,-0.0379737,0.544806,0.515184,0.58972,0.572306,0.594616
5321,0,0,0,1,0,0,0,1,1,0,1,0,1,-0.0451841,0.0221501,-0.0401935,0.515536,0.515195,0.540479,0.549064,0.577697
5322,1,0,0,1,0,0,0,1,1,0,1,0,1,-0.0518995,0.0134115,-0.0521256,0.515536,0.514788,0.540479,0.551812,0.578554
5323,0,1,0,1,0,0,0,1,1,0,1,0,1,-0.027493,0.0294475,-0.0228925,0.577211,0.516377,0.614448,0.568806,0.586684
5324,1,1,0,1,0,0,0,1,1,0,1,0,1,-0.0328201,0.0219226,-0.0365735,0.577211,0.515592,0.614448,0.572694,0.587818
5325,0,0,1,1,0,0,0,1,1,0,1,0,1,-0.0457581,0.0210716,-0.0370568,0.502321,0.514821,0.540479,0.55357,0.577424
5326,1,0,1,1,0,0,0,1,1,0,1,0,1,-0.0521371,0.0134437,-0.0492019,0.502321,0.514706,0.540479,0.562105,0.58495
5327,0,1,1,1,0,0,0,1,1,0,1,0,1,-0.0292267,0.0266555,-0.0216708,0.544806,0.515095,0.58972,0.554881,0.579983
5328,1,1,1,1,0,0,0,1,1,0,1,0,1,-0.0344139,0.0200475,-0.0349969,0.544806,0.514996,0.58972,0.565378,0.587354
5329,0,0,0,0,1,0,0,1,1,0,1,0,1,-0.0480389,0.0202448,-0.047072,0.515536,0.514545,0.530737,0.527692,0.569477
5330,1,0,0,0,1,0,0,1,1,0,1,0,1,-0.0547542,0.0114897,-0.059004,0.515536,0.514498,0.530737,0.541091,0.568928
5331,0,1,0,0,1,0,0,1,1,0,1,0,1,-0.0308184,0.0272589,-0.0300719,0.577211,0.516211,0.614448,0.563388,0.579346
5332,1,1,0,0,1,0,0,1,1,0,1,0,1,-0.0361454,0.0197166,-0.0437527,0.577211,0.515385,0.614448,0.583799,0.578673
5333,0,0,1,0,1,0,0,1,1,0,1,0,1,-0.0480873,0.0196161,-0.0425143,0.502321,0.514651,0.530737,0.557769,0.577399
5334,1,0,1,0,1,0,0,1,1,0,1,0,1,-0.0544663,0.0119546,-0.0546592,0.502321,0.514583,0.530737,0.566785,0.577616
5335,0,1,1,0,1,0,0,1,1,0,1,0,1,-0.0316547,0.0252939,-0.028507,0.544806,0.515183,0.58972,0.569704,0.586353
5336,1,1,1,0,1,0,0,1,1,0,1,0,1,-0.0368418,0.0186561,-0.041833,0.544806,0.51495,0.58972,0.579498,0.586522
5337,0,0,0,1,1,0,0,1,1,0,1,0,1,-0.045888,0.0209011,-0.0432783,0.515536,0.514966,0.530737,0.549575,0.563963
5338,1,0,0,1,1,0,0,1,1,0,1,0,1,-0.0526034,0.0121746,-0.0552103,0.515536,0.514821,0.530737,0.549568,0.56452
5339,0,1,0,1,1,0,0,1,1,0,1,0,1,-0.028197,0.0281881,-0.0259773,0.577211,0.51546,0.614448,0.575467,0.574027
5340,1,1,0,1,1,0,0,1,1,0,1,0,1,-0.033524,0.0206738,-0.0396582,0.577211,0.515132,0.614448,0.58498,0.574488
5341,0,0,1,1,1,0,0,1,1,0,1,0,1,-0.0461435,0.020454,-0.0401184,0.502321,0.514833,0.530737,0.561441,0.569436
5342,1,0,1,1,1,0,0,1,1,0,1,0,1,-0.0525225,0.0128406,-0.0522634,0.502321,0.514786,0.530737,0.561413,0.572008
5343,0,1,1,1,1,0,0,1,1,0,1,0,1,-0.0296122,0.0260341,-0.0247324,0.544806,0.514953,0.58972,0.562879,0.578535
5344,1,1,1,1,1,0,0,1,1,0,1,0,1,-0.0347993,0.0194378,-0.0380585,0.544806,0.514897,0.58972,0.572823,0.581081
5345,0,0,0,0,0,1,0,1,1,0,1,0,1,-0.0480523,0.0229681,-0.0398683,0.515536,0.51586,0.554479,0.573167,0.575053
5346,1,0,0,0,0,1,0,1,1,0,1,0,1,-0.0547676,0.0142039,-0.0518005,0.515536,0.514801,0.554479,0.570717,0.568579
5347,0,1,0,0,0,1,0,1,1,0,1,0,1,-0.0308317,0.030001,-0.0228678,0.577211,0.516319,0.614448,0.592618,0.584529
5348,1,1,0,0,0,1,0,1,1,0,1,0,1,-0.0361587,0.0224498,-0.036549,0.577211,0.515358,0.614448,0.600055,0.57685
5349,0,0,1,0,0,1,0,1,1,0,1,0,1,-0.0482137,0.0228411,-0.0351426,0.502321,0.51514,0.554479,0.548065,0.583348
5350,1,0,1,0,0,1,0,1,1,0,1,0,1,-0.0545927,0.0151742,-0.0472878,0.502321,0.514698,0.554479,0.558251,0.582733
5351,0,1,1,0,0,1,0,1,1,0,1,0,1,-0.0317812,0.0285293,-0.021135,0.544806,0.515251,0.58972,0.571688,0.591722
5352,1,1,1,0,0,1,0,1,1,0,1,0,1,-0.0369683,0.0218875,-0.0344613,0.544806,0.514951,0.58972,0.5833,0.591428
5353,0,0,0,1,0,1,0,1,1,0,1,0,1,-0.0452423,0.0248367,-0.03608,0.515536,0.515353,0.554479,0.574239,0.570795
5354,1,0,0,1,0,1,0,1,1,0,1,0,1,-0.0519577,0.0161041,-0.0480123,0.515536,0.514909,0.554479,0.572622,0.570397
5355,0,1,0,1,0,1,0,1,1,0,1,0,1,-0.0275512,0.0321484,-0.0187787,0.577211,0.515375,0.614448,0.587052,0.58
5356,1,1,0,1,0,1,0,1,1,0,1,0,1,-0.0328782,0.0246277,-0.0324599,0.577211,0.515081,0.614448,0.588231,0.579521
5357,0,0,1,1,0,1,0,1,1,0,1,0,1,-0.0458162,0.0237684,-0.0329433,0.502321,0.514979,0.554479,0.564836,0.577893
5358,1,0,1,1,0,1,0,1,1,0,1,0,1,-0.0521952,0.0161499,-0.0450885,0.502321,0.51482,0.554479,0.567389,0.578285
5359,0,1,1,1,0,1,0,1,1,0,1,0,1,-0.0292848,0.0293616,-0.0175571,0.544806,0.514936,0.58972,0.575105,0.586182
5360,1,1,1,1,0,1,0,1,1,0,1,0,1,-0.034472,0.0227609,-0.0308834,0.544806,0.514884,0.58972,0.582293,0.58655
5361,0,0,0,0,1,1,0,1,1,0,1,0,1,-0.0454577,0.0229789,-0.0427178,0.515536,0.514913,0.544737,0.582663,0.560822
5362,1,0,0,0,1,1,0,1,1,0,1,0,1,-0.0521731,0.0142322,-0.0546498,0.515536,0.514731,0.544737,0.575449,0.555863
5363,0,1,0,0,1,1,0,1,1,0,1,0,1,-0.0282368,0.0300004,-0.0257174,0.577211,0.515277,0.614448,0.589685,0.571012
5364,1,1,0,0,1,1,0,1,1,0,1,0,1,-0.0335638,0.0224638,-0.0393983,0.577211,0.514992,0.614448,0.598794,0.565506
5365,0,0,1,0,1,1,0,1,1,0,1,0,1,-0.045506,0.0223611,-0.0381601,0.502321,0.514835,0.544737,0.554206,0.569708
5366,1,0,1,0,1,1,0,1,1,0,1,0,1,-0.0518851,0.0147094,-0.050305,0.502321,0.514745,0.544737,0.563922,0.569622
5367,0,1,1,0,1,1,0,1,1,0,1,0,1,-0.0290732,0.0280439,-0.0241525,0.544806,0.514946,0.58972,0.567672,0.578571
5368,1,1,1,0,1,1,0,1,1,0,1,0,1,-0.0342603,0.0214135,-0.0374786,0.544806,0.514859,0.58972,0.582509,0.578335
5369,0,0,0,1,1,1,0,1,1,0,1,0,1,-0.043541,0.0239281,-0.0380891,0.515536,0.51493,0.544737,0.579918,0.556868
5370,1,0,0,1,1,1,0,1,1,0,1,0,1,-0.0502565,0.0152078,-0.0500213,0.515536,0.514826,0.544737,0.574539,0.556721
5371,0,1,0,1,1,1,0,1,1,0,1,0,1,-0.0258496,0.031226,-0.020788,0.577211,0.515024,0.614448,0.587404,0.566503
5372,1,1,0,1,1,1,0,1,1,0,1,0,1,-0.0311766,0.023715,-0.034469,0.577211,0.514918,0.614448,0.592187,0.566696
5373,0,0,1,1,1,1,0,1,1,0,1,0,1,-0.0437963,0.0234904,-0.0349293,0.502321,0.514849,0.544737,0.561721,0.563734
5374,1,0,1,1,1,1,0,1,1,0,1,0,1,-0.0501754,0.0158836,-0.0470743,0.502321,0.51481,0.544737,0.570415,0.564681
5375,0,1,1,1,1,1,0,1,1,0,1,0,1,-0.0272647,0.0290771,-0.0195431,0.544806,0.514864,0.58972,0.571704,0.572745
5376,1,1,1,1,1,1,0,1,1,0,1,0,1,-0.0324519,0.022485,-0.0328693,0.544806,0.514844,0.58972,0.581108,0.573508
5377,0,0,0,0,0,0,1,1,1,0,1,0,1,-0.0507459,0.0184492,-0.0431043,0.496828,0.51423,0.463855,0.531053,0.588723
5378,1,0,0,0,0,0,1,1,1,0,1,0,1,-0.0574613,0.00967397,-0.0550366,0.496828,0.514235,0.463855,0.547138,0.584236
5379,0,1,0,0,0,0,1,1,1,0,1,0,1,-0.0335255,0.0254766,-0.0261039,0.567149,0.515962,0.544789,0.556807,0.597314
5380,1,1,0,0,0,0,1,1,1,0,1,0,1,-0.0388526,0.0179171,-0.0397849,0.567149,0.51522,0.544789,0.569811,0.591155
5381,0,0,1,0,0,0,1,1,1,0,1,0,1,-0.0509075,0.0183163,-0.0383786,0.483613,0.514512,0.463855,0.540592,0.593448
5382,1,0,1,0,0,0,1,1,1,0,1,0,1,-0.0572865,0.010636,-0.0505238,0.483613,0.514473,0.463855,0.558113,0.595659
5383,0,1,1,0,0,0,1,1,1,0,1,0,1,-0.034475,0.0239998,-0.024371,0.534744,0.515078,0.520061,0.551314,0.594857
5384,1,1,1,0,0,0,1,1,1,0,1,0,1,-0.0396622,0.017348,-0.0376972,0.534744,0.514881,0.520061,0.56738,0.600426
5385,0,0,0,1,0,0,1,1,1,0,1,0,1,-0.047922,0.0201107,-0.039917,0.496828,0.514794,0.463855,0.552956,0.583859
5386,1,0,0,1,0,0,1,1,1,0,1,0,1,-0.0546375,0.0113667,-0.0518494,0.496828,0.514709,0.463855,0.55248,0.583756
5387,0,1,0,1,0,0,1,1,1,0,1,0,1,-0.0302311,0.0274131,-0.0226158,0.567149,0.51525,0.544789,0.551271,0.592195
5388,1,1,0,1,0,0,1,1,1,0,1,0,1,-0.0355582,0.019884,-0.0362969,0.567149,0.515025,0.544789,0.551692,0.592483
5389,0,0,1,1,0,0,1,1,1,0,1,0,1,-0.0484961,0.0190444,-0.0367803,0.483613,0.51476,0.463855,0.550072,0.586964
5390,1,0,1,1,0,0,1,1,1,0,1,0,1,-0.0548752,0.0114122,-0.0489256,0.483613,0.51474,0.463855,0.553024,0.590481
5391,0,1,1,1,0,0,1,1,1,0,1,0,1,-0.0319648,0.0246319,-0.0213941,0.534744,0.51487,0.520061,0.549787,0.588439
5392,1,1,1,1,0,0,1,1,1,0,1,0,1,-0.037152,0.0180211,-0.0347204,0.534744,0.514854,0.520061,0.557456,0.594801
5393,0,0,0,0,1,0,1,1,1,0,1,0,1,-0.0512372,0.0176889,-0.0465914,0.496828,0.514361,0.454113,0.549778,0.575484
5394,1,0,0,0,1,0,1,1,1,0,1,0,1,-0.0579526,0.00892945,-0.0585234,0.496828,0.514536,0.454113,0.562462,0.57307
5395,0,1,0,0,1,0,1,1,1,0,1,0,1,-0.034017,0.0247073,-0.0295911,0.567149,0.515154,0.544789,0.564137,0.584405
5396,1,1,0,0,1,0,1,1,1,0,1,0,1,-0.039344,0.0171613,-0.0432719,0.567149,0.514943,0.544789,0.578619,0.581306
5397,0,0,1,0,1,0,1,1,1,0,1,0,1,-0.0512858,0.0170722,-0.0420336,0.483613,0.514626,0.454113,0.558566,0.582715
5398,1,0,1,0,1,0,1,1,1,0,1,0,1,-0.0576648,0.00940735,-0.0541787,0.483613,0.514668,0.454113,0.569679,0.582782
5399,0,1,1,0,1,0,1,1,1,0,1,0,1,-0.0348534,0.0227524,-0.0280262,0.534744,0.514888,0.520061,0.563755,0.590633
5400,1,1,1,0,1,0,1,1,1,0,1,0,1,-0.0400405,0.0161124,-0.0413522,0.534744,0.514835,0.520061,0.576639,0.590992
5401,0,0,0,1,1,0,1,1,1,0,1,0,1,-0.0490864,0.0183276,-0.0427975,0.496828,0.514752,0.454113,0.554167,0.570622
5402,1,0,0,1,1,0,1,1,1,0,1,0,1,-0.0558018,0.00959671,-0.0547297,0.496828,0.514761,0.454113,0.562539,0.571042
5403,0,1,0,1,1,0,1,1,1,0,1,0,1,-0.0313957,0.0256196,-0.0254964,0.567149,0.514986,0.544789,0.553963,0.57964
5404,1,1,0,1,1,0,1,1,1,0,1,0,1,-0.0367227,0.0181017,-0.0391774,0.567149,0.5149,0.544789,0.563891,0.579935
5405,0,0,1,1,1,0,1,1,1,0,1,0,1,-0.049342,0.0178945,-0.0396376,0.483613,0.51478,0.454113,0.558892,0.576715
5406,1,0,1,1,1,0,1,1,1,0,1,0,1,-0.0557211,0.0102777,-0.0517827,0.483613,0.514785,0.454113,0.566443,0.57786
5407,0,1,1,1,1,0,1,1,1,0,1,0,1,-0.0328109,0.0234779,-0.0242515,0.534744,0.514844,0.520061,0.56094,0.584874
5408,1,1,1,1,1,0,1,1,1,0,1,0,1,-0.037998,0.0168793,-0.0375776,0.534744,0.514835,0.520061,0.568764,0.585921
5409,0,0,0,0,0,1,1,1,1,0,1,0,1,-0.0493517,0.020471,-0.0403928,0.496828,0.514975,0.477855,0.56353,0.577097
5410,1,0,0,0,0,1,1,1,1,0,1,0,1,-0.0560671,0.0117013,-0.0523251,0.496828,0.514691,0.477855,0.563839,0.567999
5411,0,1,0,0,0,1,1,1,1,0,1,0,1,-0.0321312,0.0275087,-0.0233922,0.567149,0.515254,0.544789,0.590802,0.583988
5412,1,1,0,0,0,1,1,1,1,0,1,0,1,-0.0374583,0.0199528,-0.0370733,0.567149,0.514954,0.544789,0.587875,0.575721
5413,0,0,1,0,0,1,1,1,1,0,1,0,1,-0.0495132,0.0203493,-0.035667,0.483613,0.514853,0.477855,0.550374,0.588018
5414,1,0,1,0,0,1,1,1,1,0,1,0,1,-0.0558923,0.0126763,-0.0478122,0.483613,0.514727,0.477855,0.550374,0.585548
5415,0,1,1,0,0,1,1,1,1,0,1,0,1,-0.0330807,0.0260408,-0.0216593,0.534744,0.514934,0.520061,0.567914,0.595655
5416,1,1,1,0,0,1,1,1,1,0,1,0,1,-0.0382679,0.0193945,-0.0349855,0.534744,0.514842,0.520061,0.572435,0.592459
5417,0,0,0,1,0,1,1,1,1,0,1,0,1,-0.0465417,0.022321,-0.0366044,0.496828,0.51494,0.477855,0.550892,0.576515
5418,1,0,0,1,0,1,1,1,1,0,1,0,1,-0.0532572,0.0135828,-0.0485368,0.496828,0.514809,0.477855,0.55054,0.574728
5419,0,1,0,1,0,1,1,1,1,0,1,0,1,-0.0288507,0.0296379,-0.019303,0.567149,0.51498,0.544789,0.567961,0.584704
5420,1,1,0,1,0,1,1,1,1,0,1,0,1,-0.0341778,0.0221125,-0.0329842,0.567149,0.51489,0.544789,0.567961,0.583324
5421,0,0,1,1,0,1,1,1,1,0,1,0,1,-0.0471157,0.0212622,-0.0334677,0.483613,0.51485,0.477855,0.550452,0.582943
5422,1,0,1,1,0,1,1,1,1,0,1,0,1,-0.0534949,0.0136376,-0.045613,0.483613,0.514803,0.477855,0.550452,0.583212
5423,0,1,1,1,0,1,1,1,1,0,1,0,1,-0.0305844,0.0268596,-0.0180813,0.534744,0.514847,0.520061,0.546502,0.590267
5424,1,1,1,1,0,1,1,1,1,0,1,0,1,-0.0357716,0.0202542,-0.0314076,0.534744,0.514833,0.520061,0.549839,0.590614
5425,0,0,0,0,1,1,1,1,1,0,1,0,1,-0.048152,0.0201703,-0.0428484,0.496828,0.514637,0.468113,0.564199,0.56436
5426,1,0,0,0,1,1,1,1,1,0,1,0,1,-0.0548675,0.0114186,-0.0547806,0.496828,0.514693,0.468113,0.569254,0.556533
5427,0,1,0,0,1,1,1,1,1,0,1,0,1,-0.0309314,0.027197,-0.0258479,0.567149,0.5149,0.544789,0.586669,0.572917
5428,1,1,0,0,1,1,1,1,1,0,1,0,1,-0.0362584,0.019656,-0.0395289,0.567149,0.514843,0.544789,0.591839,0.565419
5429,0,0,1,0,1,1,1,1,1,0,1,0,1,-0.0482004,0.0195618,-0.0382907,0.483613,0.514745,0.468113,0.550428,0.575415
5430,1,0,1,0,1,1,1,1,1,0,1,0,1,-0.0545795,0.0119047,-0.0504358,0.483613,0.514756,0.468113,0.560804,0.573465
5431,0,1,1,0,1,1,1,1,1,0,1,0,1,-0.0317678,0.0252483,-0.0242831,0.534744,0.514834,0.520061,0.566674,0.583296
5432,1,1,1,0,1,1,1,1,1,0,1,0,1,-0.0369549,0.0186137,-0.0376092,0.534744,0.514819,0.520061,0.579646,0.582152
5433,0,0,0,1,1,1,1,1,1,0,1,0,1,-0.0462353,0.0210987,-0.0382197,0.496828,0.514784,0.468113,0.550125,0.563878
5434,1,0,0,1,1,1,1,1,1,0,1,0,1,-0.0529508,0.0123733,-0.0501521,0.496828,0.514788,0.468113,0.555322,0.560731
5435,0,1,0,1,1,1,1,1,1,0,1,0,1,-0.0285442,0.0284025,-0.0209184,0.567149,0.514863,0.544789,0.567655,0.572507
5436,1,1,0,1,1,1,1,1,1,0,1,0,1,-0.0338712,0.0208871,-0.0345995,0.567149,0.51484,0.544789,0.572559,0.570571
5437,0,0,1,1,1,1,1,1,1,0,1,0,1,-0.0464907,0.0206712,-0.0350598,0.483613,0.514803,0.468113,0.550312,0.570106
5438,1,0,1,1,1,1,1,1,1,0,1,0,1,-0.0528699,0.013059,-0.047205,0.483613,0.514804,0.468113,0.558007,0.570904
5439,0,1,1,1,1,1,1,1,1,0,1,0,1,-0.0299593,0.0262626,-0.0196736,0.534744,0.514824,0.520061,0.549969,0.578136
5440,1,1,1,1,1,1,1,1,1,0,1,0,1,-0.0351465,0.0196662,-0.0329998,0.534744,0.514823,0.520061,0.558278,0.578764
5441,0,0,0,0,0,0,0,0,0,1,1,0,1,-0.0580068,0.0138406,-0.0558404,0.523693,0.492795,0.53028,0.473386,0.556015
5442,1,0,0,0,0,0,0,0,0,1,1,0,1,-0.064722,0.00507939,-0.0677723,0.523693,0.502793,0.53028,0.477491,0.546757
5443,0,1,0,0,0,0,0,0,0,1,1,0,1,-0.0407861,0.0208646,-0.0388406,0.594332,0.521011,0.599925,0.498819,0.565848
5444,1,1,0,0,0,0,0,0,0,1,1,0,1,-0.0461131,0.0133204,-0.0525211,0.594332,0.516458,0.599925,0.521877,0.554809
5445,0,0,1,0,0,0,0,0,0,1,1,0,1,-0.0581683,0.0137048,-0.0511148,0.510478,0.506383,0.53028,0.485459,0.5675
5446,1,0,1,0,0,0,0,0,0,1,1,0,1,-0.0645474,0.00604213,-0.0632596,0.510478,0.509523,0.53028,0.509486,0.565696
5447,0,1,1,0,0,0,0,0,0,1,1,0,1,-0.0417355,0.0193871,-0.0371077,0.561927,0.516498,0.575197,0.506263,0.576726
5448,1,1,1,0,0,0,0,0,0,1,1,0,1,-0.0469227,0.012753,-0.0504334,0.561927,0.514992,0.575197,0.530461,0.575143
5449,0,0,0,1,0,0,0,0,0,1,1,0,1,-0.0551829,0.0155342,-0.0526533,0.523693,0.50839,0.53028,0.523148,0.553461
5450,1,1,0,1,0,0,0,0,0,1,1,0,1,-0.0428187,0.0153155,-0.0490333,0.594332,0.516403,0.599925,0.521736,0.562013
5451,0,0,1,1,0,0,0,0,0,1,1,0,1,-0.0557569,0.0144608,-0.0495167,0.510478,0.512296,0.53028,0.531328,0.561793
5452,1,0,1,1,0,0,0,0,0,1,1,0,1,-0.0621361,0.00684624,-0.0616616,0.510478,0.513527,0.53028,0.534999,0.561834
5453,0,1,1,1,0,0,0,0,0,1,1,0,1,-0.0392254,0.020044,-0.034131,0.561927,0.515647,0.575197,0.531494,0.571342
5454,1,1,1,1,0,0,0,0,0,1,1,0,1,-0.0444126,0.0134508,-0.0474568,0.561927,0.515244,0.575197,0.542452,0.571237
5455,0,0,0,0,1,0,0,0,0,1,1,0,1,-0.0580375,0.0135806,-0.0595317,0.523693,0.502226,0.520538,0.481993,0.539503
5456,1,0,0,0,1,0,0,0,0,1,1,0,1,-0.0647528,0.00483422,-0.0714634,0.523693,0.50889,0.520538,0.492191,0.530031
5457,0,1,0,0,1,0,0,0,0,1,1,0,1,-0.0408168,0.0205958,-0.0425319,0.594332,0.515492,0.599925,0.503478,0.550085
5458,1,1,0,0,1,0,0,0,0,1,1,0,1,-0.0461438,0.0130647,-0.0562123,0.594332,0.514885,0.599925,0.520048,0.541616
5459,0,0,1,0,1,0,0,0,0,1,1,0,1,-0.0580859,0.0129567,-0.054974,0.510478,0.510112,0.520538,0.515133,0.552225
5460,1,0,1,0,1,0,0,0,0,1,1,0,1,-0.0644651,0.0053087,-0.0671187,0.510478,0.512325,0.520538,0.522946,0.549785
5461,0,1,1,0,1,0,0,0,0,1,1,0,1,-0.0416532,0.0186361,-0.040967,0.561927,0.514872,0.575197,0.533519,0.562114
5462,1,1,1,0,1,0,0,0,0,1,1,0,1,-0.0468403,0.0120133,-0.0542926,0.561927,0.514692,0.575197,0.547607,0.560044
5463,0,0,0,1,1,0,0,0,0,1,1,0,1,-0.0558866,0.0142569,-0.055738,0.523693,0.511133,0.520538,0.50953,0.537645
5464,1,0,0,1,1,0,0,0,0,1,1,0,1,-0.062602,0.00553899,-0.0676698,0.523693,0.513299,0.520538,0.509835,0.534997
5465,0,1,0,1,1,0,0,0,0,1,1,0,1,-0.0381954,0.0215417,-0.0384375,0.594332,0.515701,0.599925,0.520738,0.548506
5466,1,1,0,1,1,0,0,0,0,1,1,0,1,-0.0435224,0.0140385,-0.052118,0.594332,0.515294,0.599925,0.527907,0.546186
5467,0,0,1,1,1,0,0,0,0,1,1,0,1,-0.0561421,0.0138144,-0.0525782,0.510478,0.513425,0.520538,0.52955,0.545816
5468,1,0,1,1,1,0,0,0,0,1,1,0,1,-0.0625212,0.00621444,-0.064723,0.510478,0.514181,0.520538,0.528818,0.546486
5469,0,1,1,1,1,0,0,0,0,1,1,0,1,-0.0396106,0.0193937,-0.0371926,0.561927,0.515018,0.575197,0.540817,0.555918
5470,1,1,1,1,1,0,0,0,0,1,1,0,1,-0.0447978,0.0128122,-0.0505182,0.561927,0.51494,0.575197,0.544667,0.556504
5471,0,0,0,0,0,1,0,0,0,1,1,0,1,-0.0581699,0.0162376,-0.0535924,0.523693,0.510472,0.557153,0.527405,0.536402
5472,1,0,0,0,0,1,0,0,0,1,1,0,1,-0.0648851,0.00748101,-0.0655244,0.523693,0.511242,0.557153,0.53105,0.527365
5473,0,1,0,0,0,1,0,0,0,1,1,0,1,-0.0409493,0.0232702,-0.0365924,0.594332,0.517322,0.612798,0.548804,0.546192
5474,1,1,0,0,0,1,0,0,0,1,1,0,1,-0.0462762,0.015729,-0.050273,0.594332,0.515308,0.612798,0.557837,0.533894
5475,0,0,1,0,0,1,0,0,0,1,1,0,1,-0.0583314,0.0161143,-0.0488668,0.510478,0.51315,0.557153,0.525175,0.555636
5476,1,0,1,0,0,1,0,0,0,1,1,0,1,-0.0647105,0.00845913,-0.0610117,0.510478,0.513198,0.557153,0.524725,0.547934
5477,0,1,1,0,0,1,0,0,0,1,1,0,1,-0.0418988,0.021803,-0.0348596,0.561927,0.515577,0.588071,0.522787,0.564808
5478,1,1,1,0,0,1,0,0,0,1,1,0,1,-0.0470859,0.0151744,-0.0481854,0.561927,0.514861,0.588071,0.537166,0.556095
5479,0,0,0,1,0,1,0,0,0,1,1,0,1,-0.0553599,0.0181222,-0.0498042,0.523693,0.513376,0.557153,0.530749,0.541324
5480,1,0,0,1,0,1,0,0,0,1,1,0,1,-0.0620754,0.00939709,-0.0617363,0.523693,0.513932,0.557153,0.52949,0.532129
5481,0,1,0,1,0,1,0,0,0,1,1,0,1,-0.0376687,0.0254303,-0.0325035,0.594332,0.515865,0.612798,0.540479,0.551488
5482,1,1,0,1,0,1,0,0,0,1,1,0,1,-0.0429957,0.0179195,-0.0461842,0.594332,0.515283,0.612798,0.539092,0.543791
5483,0,0,1,1,0,1,0,0,0,1,1,0,1,-0.0559339,0.017058,-0.0466677,0.510478,0.514253,0.557153,0.525359,0.553174
5484,1,0,1,1,0,1,0,0,0,1,1,0,1,-0.0623131,0.00945117,-0.0588126,0.510478,0.514415,0.557153,0.525025,0.551036
5485,0,1,1,1,0,1,0,0,0,1,1,0,1,-0.0394024,0.0226494,-0.0312818,0.561927,0.515094,0.588071,0.526223,0.562393
5486,1,1,1,1,0,1,0,0,0,1,1,0,1,-0.0445896,0.0160618,-0.0446076,0.561927,0.514942,0.588071,0.530848,0.560836
5487,0,0,0,0,1,1,0,0,0,1,1,0,1,-0.0555753,0.0162164,-0.0564418,0.523693,0.510458,0.547411,0.545006,0.519073
5488,1,0,0,0,1,1,0,0,0,1,1,0,1,-0.0622907,0.00747729,-0.0683735,0.523693,0.512554,0.547411,0.528444,0.522365
5489,0,1,0,0,1,1,0,0,0,1,1,0,1,-0.0383543,0.0232374,-0.0394419,0.594332,0.514811,0.612798,0.558793,0.529277
5490,1,1,0,0,1,1,0,0,0,1,1,0,1,-0.0436813,0.0157108,-0.0531223,0.594332,0.514682,0.612798,0.565175,0.526228
5491,0,0,1,0,1,1,0,0,0,1,1,0,1,-0.0556236,0.0156023,-0.0518842,0.510478,0.513196,0.547411,0.544431,0.538876
5492,1,0,1,0,1,1,0,0,0,1,1,0,1,-0.0620028,0.00796236,-0.0640289,0.510478,0.513872,0.547411,0.536548,0.530041
5493,0,1,1,0,1,1,0,0,0,1,1,0,1,-0.0391907,0.0212855,-0.037877,0.561927,0.514762,0.588071,0.539421,0.549116
5494,1,1,1,0,1,1,0,0,0,1,1,0,1,-0.0443779,0.0146684,-0.0512027,0.561927,0.514718,0.588071,0.548727,0.540984
5495,0,0,0,1,1,1,0,0,0,1,1,0,1,-0.0536585,0.0171825,-0.0518133,0.523693,0.513285,0.547411,0.537709,0.524154
5496,1,0,0,1,1,1,0,0,0,1,1,0,1,-0.060374,0.00846972,-0.0637452,0.523693,0.514136,0.547411,0.524059,0.519536
5497,0,1,0,1,1,1,0,0,0,1,1,0,1,-0.035967,0.0244767,-0.0345126,0.594332,0.51492,0.612798,0.547817,0.533668
5498,1,1,0,1,1,1,0,0,0,1,1,0,1,-0.041294,0.0169756,-0.0481931,0.594332,0.51489,0.612798,0.547817,0.528001
5499,0,0,1,1,1,1,0,0,0,1,1,0,1,-0.0539139,0.0167475,-0.0486535,0.510478,0.514246,0.547411,0.539293,0.539081
5500,1,0,1,1,1,1,0,0,0,1,1,0,1,-0.0602932,0.00915249,-0.0607983,0.510478,0.51454,0.547411,0.536546,0.535247
5501,0,1,1,1,1,1,0,0,0,1,1,0,1,-0.0373822,0.0223324,-0.0332678,0.561927,0.514819,0.588071,0.53409,0.547553
5502,1,1,1,1,1,1,0,0,0,1,1,0,1,-0.0425694,0.0157534,-0.0465934,0.561927,0.514829,0.588071,0.534539,0.544913
5503,0,0,0,0,0,0,1,0,0,1,1,0,1,-0.0595494,0.0125259,-0.0560158,0.496828,0.504055,0.453656,0.508166,0.555823
5504,1,0,0,0,0,0,1,0,0,1,1,0,1,-0.0662647,0.0037612,-0.0679478,0.496828,0.509239,0.453656,0.520275,0.544172
5505,0,1,0,0,0,0,1,0,0,1,1,0,1,-0.0423289,0.0195537,-0.0390159,0.576113,0.515703,0.530265,0.518589,0.562633
5506,1,1,0,0,0,0,1,0,0,1,1,0,1,-0.0476559,0.012007,-0.0526965,0.576113,0.514803,0.530265,0.531319,0.552154
5507,0,0,1,0,0,0,1,0,0,1,1,0,1,-0.059711,0.0123973,-0.0512902,0.483613,0.510728,0.453656,0.505772,0.572155
5508,1,0,1,0,0,0,1,0,0,1,1,0,1,-0.0660901,0.0047321,-0.0634351,0.483613,0.512419,0.453656,0.51782,0.564563
5509,1,1,1,0,0,0,1,0,0,1,1,0,1,-0.0484656,0.0114464,-0.0506087,0.543708,0.514644,0.505538,0.53333,0.57158
5510,0,0,0,1,0,0,1,0,0,1,1,0,1,-0.0567256,0.0142044,-0.0528286,0.496828,0.511716,0.453656,0.539842,0.559307
5511,1,0,0,1,0,0,1,0,0,1,1,0,1,-0.063441,0.00547074,-0.0647607,0.496828,0.513399,0.453656,0.539842,0.553611
5512,0,1,0,1,0,0,1,0,0,1,1,0,1,-0.0390345,0.0215036,-0.0355279,0.576113,0.515569,0.530265,0.535013,0.568543
5513,1,1,0,1,0,0,1,0,0,1,1,0,1,-0.0443616,0.0139872,-0.0492086,0.576113,0.515176,0.530265,0.535013,0.561871
5514,0,0,1,1,0,0,1,0,0,1,1,0,1,-0.0572997,0.0131427,-0.049692,0.483613,0.513618,0.453656,0.542654,0.567186
5515,1,0,1,1,0,0,1,0,0,1,1,0,1,-0.0636788,0.00552556,-0.0618371,0.483613,0.514207,0.453656,0.542654,0.567124
5516,0,1,1,1,0,0,1,0,0,1,1,0,1,-0.0407682,0.018729,-0.0343062,0.543708,0.51496,0.505538,0.534068,0.575708
5517,1,1,1,1,0,0,1,0,0,1,1,0,1,-0.0459554,0.0121346,-0.047632,0.543708,0.51489,0.505538,0.538426,0.57543
5518,0,0,0,0,1,0,1,0,0,1,1,0,1,-0.0600405,0.0117361,-0.0595028,0.496828,0.50779,0.443913,0.532218,0.541008
5519,1,0,0,0,1,0,1,0,0,1,1,0,1,-0.0667559,0.00298725,-0.0714346,0.496828,0.511691,0.443913,0.545601,0.529544
5520,1,1,0,0,1,0,1,0,0,1,1,0,1,-0.0481472,0.0112217,-0.0561834,0.576113,0.51443,0.530265,0.569205,0.53827
5521,0,0,1,0,1,0,1,0,0,1,1,0,1,-0.0600891,0.011124,-0.0549452,0.483613,0.512203,0.443913,0.54336,0.556905
5522,1,0,1,0,1,0,1,0,0,1,1,0,1,-0.0664683,0.00347433,-0.0670899,0.483613,0.513544,0.443913,0.561224,0.551899
5523,1,1,1,0,1,0,1,0,0,1,1,0,1,-0.0488437,0.0101816,-0.0542636,0.543708,0.514616,0.505538,0.567979,0.56003
5524,0,0,0,1,1,0,1,0,0,1,1,0,1,-0.0578897,0.0123937,-0.055709,0.496828,0.512777,0.443913,0.536709,0.542971
5525,1,0,0,1,1,0,1,0,0,1,1,0,1,-0.0646051,0.00367329,-0.067641,0.496828,0.513976,0.443913,0.534007,0.535989
5526,0,1,0,1,1,0,1,0,0,1,1,0,1,-0.0401988,0.0196825,-0.0384085,0.576113,0.514829,0.530265,0.544118,0.553061
5527,1,1,0,1,1,0,1,0,0,1,1,0,1,-0.0455258,0.0121773,-0.0520889,0.576113,0.514856,0.530265,0.553158,0.548204
5528,0,0,1,1,1,0,1,0,0,1,1,0,1,-0.0581453,0.0119647,-0.0525493,0.483613,0.514054,0.443913,0.547123,0.552687
5529,1,0,1,1,1,0,1,0,0,1,1,0,1,-0.0645245,0.00436298,-0.0646941,0.483613,0.514478,0.443913,0.544967,0.552451
5530,0,1,1,1,1,0,1,0,0,1,1,0,1,-0.0416141,0.0175469,-0.0371636,0.543708,0.514778,0.505538,0.543095,0.561771
5531,1,1,1,1,1,0,1,0,0,1,1,0,1,-0.0468012,0.0109646,-0.0504892,0.543708,0.514812,0.505538,0.550718,0.562107
5532,0,0,0,0,0,1,1,0,0,1,1,0,1,-0.0586725,0.0140952,-0.0544221,0.496828,0.511945,0.480529,0.546214,0.533728
5533,1,0,0,0,0,1,1,0,0,1,1,0,1,-0.0653878,0.00533523,-0.0663541,0.496828,0.512959,0.480529,0.544417,0.533964
5534,0,1,0,0,0,1,1,0,0,1,1,0,1,-0.041452,0.0211309,-0.037422,0.576113,0.515181,0.543139,0.555253,0.542817
5535,1,1,0,0,0,1,1,0,0,1,1,0,1,-0.046779,0.0135867,-0.0511027,0.576113,0.514751,0.543139,0.555253,0.53968
5536,0,0,1,0,0,1,1,0,0,1,1,0,1,-0.0588341,0.0139751,-0.0496965,0.483613,0.513733,0.480529,0.537598,0.555567
5537,1,0,1,0,0,1,1,0,0,1,1,0,1,-0.0652132,0.00631516,-0.0618414,0.483613,0.514013,0.480529,0.535194,0.544707
5538,0,1,1,0,0,1,1,0,0,1,1,0,1,-0.0424015,0.0196663,-0.0356891,0.543708,0.514892,0.518411,0.530368,0.562551
5539,1,1,1,0,0,1,1,0,0,1,1,0,1,-0.0475887,0.0130342,-0.0490149,0.543708,0.514739,0.518411,0.530821,0.553807
5540,0,0,0,1,0,1,1,0,0,1,1,0,1,-0.0558626,0.0159632,-0.0506339,0.496828,0.5139,0.480529,0.549952,0.542554
5541,1,0,0,1,0,1,1,0,0,1,1,0,1,-0.062578,0.00723475,-0.062566,0.496828,0.514314,0.480529,0.548149,0.532137
5542,0,1,0,1,0,1,1,0,0,1,1,0,1,-0.0381715,0.0232746,-0.033333,0.576113,0.515024,0.543139,0.54419,0.552268
5543,1,1,0,1,0,1,1,0,0,1,1,0,1,-0.0434985,0.0157608,-0.0470138,0.576113,0.514901,0.543139,0.54419,0.540694
5544,0,0,1,1,0,1,1,0,0,1,1,0,1,-0.0564366,0.0149053,-0.0474973,0.483613,0.514468,0.480529,0.547227,0.55764
5545,1,0,1,1,0,1,1,0,0,1,1,0,1,-0.0628158,0.00729372,-0.0596423,0.483613,0.514603,0.480529,0.546963,0.553086
5546,0,1,1,1,0,1,1,0,0,1,1,0,1,-0.0399052,0.0204996,-0.0321113,0.543708,0.514855,0.518411,0.53893,0.566337
5547,1,1,1,1,0,1,1,0,0,1,1,0,1,-0.0450924,0.0139084,-0.0454372,0.543708,0.514831,0.518411,0.53893,0.561448
5548,0,0,0,0,1,1,1,0,0,1,1,0,1,-0.0574727,0.0137639,-0.0568777,0.496828,0.511806,0.470787,0.549969,0.525519
5549,0,1,0,0,1,1,1,0,0,1,1,0,1,-0.040252,0.0207886,-0.0398778,0.576113,0.514266,0.543139,0.547608,0.533404
5550,1,1,0,0,1,1,1,0,0,1,1,0,1,-0.045579,0.0132593,-0.0535582,0.576113,0.514551,0.543139,0.547608,0.532998
5551,0,0,1,0,1,1,1,0,0,1,1,0,1,-0.0575211,0.0131568,-0.0523201,0.483613,0.513703,0.470787,0.543995,0.538802
5552,1,0,1,0,1,1,1,0,0,1,1,0,1,-0.0639003,0.00551276,-0.0644649,0.483613,0.514266,0.470787,0.543995,0.532924
5553,0,1,1,0,1,1,1,0,0,1,1,0,1,-0.0410884,0.0188429,-0.0383129,0.543708,0.514596,0.518411,0.540124,0.548865
5554,1,1,1,0,1,1,1,0,0,1,1,0,1,-0.0462755,0.0122226,-0.0516385,0.543708,0.514701,0.518411,0.544364,0.539395
5555,0,0,0,1,1,1,1,0,0,1,1,0,1,-0.055556,0.0147114,-0.0522491,0.496828,0.513806,0.470787,0.549827,0.528887
5556,1,0,0,1,1,1,1,0,0,1,1,0,1,-0.0622714,0.00599579,-0.0641812,0.496828,0.51439,0.470787,0.540909,0.528964
5557,0,1,0,1,1,1,1,0,0,1,1,0,1,-0.0378647,0.0220096,-0.0349484,0.576113,0.514677,0.543139,0.546537,0.535726
5558,1,1,0,1,1,1,1,0,0,1,1,0,1,-0.0431917,0.0145058,-0.048629,0.576113,0.514771,0.543139,0.546537,0.532825
5559,0,0,1,1,1,1,1,0,0,1,1,0,1,-0.0558114,0.0142836,-0.0490894,0.483613,0.514443,0.470787,0.548807,0.543241
5560,1,0,1,1,1,1,1,0,0,1,1,0,1,-0.0621906,0.00668445,-0.0612343,0.483613,0.514651,0.470787,0.548807,0.537267
5561,0,1,1,1,1,1,1,0,0,1,1,0,1,-0.0392799,0.0198718,-0.0337035,0.543708,0.514754,0.518411,0.543598,0.550866
5562,1,1,1,1,1,1,1,0,0,1,1,0,1,-0.0444671,0.0132896,-0.0470292,0.543708,0.514795,0.518411,0.543598,0.545524
5563,0,0,0,0,0,0,0,1,0,1,1,0,1,-0.0550208,0.0166273,-0.0544852,0.515536,0.506892,0.53028,0.510614,0.569029
5564,1,0,0,0,0,0,0,1,0,1,1,0,1,-0.061736,0.0078592,-0.066417,0.515536,0.51055,0.53028,0.510002,0.564972
5565,0,1,0,0,0,0,0,1,0,1,1,0,1,-0.0378004,0.0236426,-0.0374854,0.586175,0.517324,0.604937,0.529063,0.578639
5566,1,1,0,0,0,0,0,1,0,1,1,0,1,-0.0431274,0.016091,-0.0511659,0.586175,0.515548,0.604937,0.541165,0.57291
5567,0,0,1,0,0,0,0,1,0,1,1,0,1,-0.0551824,0.016487,-0.0497596,0.502321,0.511783,0.53028,0.522671,0.577486
5568,1,0,1,0,0,0,0,1,0,1,1,0,1,-0.0615613,0.00881262,-0.0619044,0.502321,0.512931,0.53028,0.536963,0.576954
5569,0,1,1,0,0,0,0,1,0,1,1,0,1,-0.0387499,0.0221625,-0.0357525,0.55377,0.515522,0.580209,0.534709,0.586044
5570,1,1,1,0,0,0,0,1,0,1,1,0,1,-0.0439369,0.0155173,-0.0490783,0.55377,0.514932,0.580209,0.547894,0.585906
5571,0,0,0,1,0,0,0,1,0,1,1,0,1,-0.052197,0.0183071,-0.0512981,0.515536,0.512528,0.53028,0.53918,0.564109
5572,1,0,0,1,0,0,0,1,0,1,1,0,1,-0.0589122,0.00957026,-0.06323,0.515536,0.513814,0.53028,0.533331,0.564026
5573,0,1,0,1,0,0,0,1,0,1,1,0,1,-0.034506,0.0255949,-0.0339975,0.586175,0.516119,0.604937,0.537082,0.573935
5574,1,1,0,1,0,0,0,1,0,1,1,0,1,-0.039833,0.0180736,-0.0476781,0.586175,0.515455,0.604937,0.539222,0.573648
5575,0,0,1,1,0,0,0,1,0,1,1,0,1,-0.052771,0.0172276,-0.0481615,0.502321,0.513919,0.53028,0.538658,0.570791
5576,1,0,1,1,0,0,0,1,0,1,1,0,1,-0.05915,0.00960146,-0.0603064,0.502321,0.514365,0.53028,0.534945,0.572028
5577,0,1,1,1,0,0,0,1,0,1,1,0,1,-0.0362397,0.022805,-0.0327758,0.55377,0.51516,0.580209,0.539686,0.579765
5578,1,1,1,1,0,0,0,1,0,1,1,0,1,-0.0414268,0.0162008,-0.0461016,0.55377,0.514996,0.580209,0.552146,0.580833
5579,0,0,0,0,1,0,0,1,0,1,1,0,1,-0.0550516,0.0163827,-0.0581764,0.515536,0.51025,0.520538,0.526182,0.554804
5580,1,0,0,0,1,0,0,1,0,1,1,0,1,-0.0617668,0.00762943,-0.0701081,0.515536,0.512694,0.520538,0.527198,0.550063
5581,0,1,0,0,1,0,0,1,0,1,1,0,1,-0.0378312,0.0233894,-0.0411767,0.586175,0.515145,0.604937,0.545748,0.564908
5582,1,1,0,0,1,0,0,1,0,1,1,0,1,-0.0431581,0.0158507,-0.0548571,0.586175,0.514888,0.604937,0.547311,0.560698
5583,0,0,1,0,1,0,0,1,0,1,1,0,1,-0.0551001,0.0157537,-0.0536188,0.502321,0.513112,0.520538,0.543112,0.563
5584,1,0,1,0,1,0,0,1,0,1,1,0,1,-0.061479,0.00809393,-0.0657634,0.502321,0.513924,0.520538,0.542917,0.563152
5585,0,1,1,0,1,0,0,1,0,1,1,0,1,-0.0386676,0.0214264,-0.0396118,0.55377,0.514868,0.580209,0.55672,0.572407
5586,1,1,1,0,1,0,0,1,0,1,1,0,1,-0.0438546,0.0147924,-0.0529374,0.55377,0.51479,0.580209,0.559218,0.572328
5587,0,0,0,1,1,0,0,1,0,1,1,0,1,-0.0529007,0.0170459,-0.0543827,0.515536,0.513489,0.520538,0.52241,0.549236
5588,1,0,0,1,1,0,0,1,0,1,1,0,1,-0.059616,0.00832107,-0.0663145,0.515536,0.514281,0.520538,0.522404,0.549763
5589,0,1,0,1,1,0,0,1,0,1,1,0,1,-0.0352098,0.0243232,-0.0370823,0.586175,0.515176,0.604937,0.535732,0.559563
5590,1,1,0,1,1,0,0,1,0,1,1,0,1,-0.0405367,0.0168126,-0.0507628,0.586175,0.515012,0.604937,0.540652,0.559993
5591,0,0,1,1,1,0,0,1,0,1,1,0,1,-0.0531562,0.0165972,-0.051223,0.502321,0.514316,0.520538,0.529987,0.556201
5592,1,0,1,1,1,0,0,1,0,1,1,0,1,-0.0595352,0.00898555,-0.0633678,0.502321,0.514592,0.520538,0.53066,0.557517
5593,0,1,1,1,1,0,0,1,0,1,1,0,1,-0.036625,0.0221707,-0.0358374,0.55377,0.514905,0.580209,0.538538,0.565856
5594,1,1,1,1,1,0,0,1,0,1,1,0,1,-0.041812,0.0155782,-0.0491631,0.55377,0.514871,0.580209,0.5437,0.566903
5595,0,0,0,0,0,1,0,1,0,1,1,0,1,-0.055065,0.0191121,-0.0509729,0.515536,0.513283,0.557153,0.535057,0.556139
5596,1,0,0,0,0,1,0,1,0,1,1,0,1,-0.0617802,0.0103497,-0.0629048,0.515536,0.51356,0.557153,0.523248,0.546457
5597,0,1,0,0,0,1,0,1,0,1,1,0,1,-0.0378447,0.0261376,-0.0339729,0.586175,0.515817,0.617811,0.532598,0.564653
5598,1,1,0,0,0,1,0,1,0,1,1,0,1,-0.0431715,0.0185901,-0.0476536,0.586175,0.515043,0.617811,0.54194,0.55538
5599,0,0,1,0,0,1,0,1,0,1,1,0,1,-0.0552266,0.0189853,-0.0462473,0.502321,0.514229,0.557153,0.535452,0.569156
5600,1,0,1,0,0,1,0,1,0,1,1,0,1,-0.0616055,0.01132,-0.0583922,0.502321,0.514245,0.557153,0.535763,0.565591
5601,0,1,1,0,0,1,0,1,0,1,1,0,1,-0.0387941,0.0246682,-0.03224,0.55377,0.515127,0.593083,0.534203,0.577602
5602,1,1,1,0,0,1,0,1,0,1,1,0,1,-0.0439812,0.0180303,-0.0455659,0.55377,0.514852,0.593083,0.548915,0.574122
5603,0,0,0,1,0,1,0,1,0,1,1,0,1,-0.0522551,0.0209856,-0.0471848,0.515536,0.514315,0.557153,0.540302,0.556306
5604,1,0,0,1,0,1,0,1,0,1,1,0,1,-0.0589704,0.0122548,-0.0591168,0.515536,0.514513,0.557153,0.539542,0.552031
5605,0,1,0,1,0,1,0,1,0,1,1,0,1,-0.0345641,0.0282877,-0.0298839,0.586175,0.515236,0.617811,0.536993,0.565747
5606,1,1,0,1,0,1,0,1,0,1,1,0,1,-0.039891,0.0207706,-0.0435647,0.586175,0.515009,0.617811,0.536993,0.56223
5607,0,0,1,1,0,1,0,1,0,1,1,0,1,-0.0528291,0.0199164,-0.0440482,0.502321,0.514621,0.557153,0.536895,0.563684
5608,1,0,1,1,0,1,0,1,0,1,1,0,1,-0.0592081,0.0122996,-0.0561931,0.502321,0.514679,0.557153,0.536579,0.564009
5609,0,1,1,1,0,1,0,1,0,1,1,0,1,-0.0362978,0.025503,-0.0286622,0.55377,0.514933,0.593083,0.53313,0.572397
5610,1,1,1,1,0,1,0,1,0,1,1,0,1,-0.0414849,0.0189061,-0.0419882,0.55377,0.514872,0.593083,0.540432,0.572541
5611,0,0,0,0,1,1,0,1,0,1,1,0,1,-0.0524705,0.0191044,-0.0538223,0.515536,0.513237,0.547411,0.53309,0.539543
5612,1,0,0,0,1,1,0,1,0,1,1,0,1,-0.0591857,0.0103595,-0.065754,0.515536,0.514007,0.547411,0.525446,0.530903
5613,0,1,0,0,1,1,0,1,0,1,1,0,1,-0.0352497,0.0261185,-0.0368223,0.586175,0.514843,0.617811,0.548464,0.551085
5614,1,1,0,0,1,1,0,1,0,1,1,0,1,-0.0405766,0.0185855,-0.0505029,0.586175,0.514785,0.617811,0.549611,0.541151
5615,0,0,1,0,1,1,0,1,0,1,1,0,1,-0.0525188,0.0184863,-0.0492647,0.502321,0.514231,0.547411,0.546555,0.554809
5616,1,0,1,0,1,1,0,1,0,1,1,0,1,-0.0588979,0.0108363,-0.0614094,0.502321,0.514479,0.547411,0.540179,0.550686
5617,0,1,1,0,1,1,0,1,0,1,1,0,1,-0.0360861,0.024164,-0.0352575,0.55377,0.514808,0.593083,0.541486,0.564378
5618,1,1,1,0,1,1,0,1,0,1,1,0,1,-0.0412731,0.0175374,-0.0485832,0.55377,0.514788,0.593083,0.55785,0.560708
5619,0,0,0,1,1,1,0,1,0,1,1,0,1,-0.0505537,0.0200598,-0.0491938,0.515536,0.514265,0.547411,0.528464,0.542591
5620,1,0,0,1,1,1,0,1,0,1,1,0,1,-0.057269,0.0113411,-0.0611257,0.515536,0.514576,0.547411,0.51952,0.53725
5621,0,1,0,1,1,1,0,1,0,1,1,0,1,-0.0328624,0.0273479,-0.0318931,0.586175,0.514867,0.617811,0.539433,0.551021
5622,1,1,0,1,1,1,0,1,0,1,1,0,1,-0.0381893,0.0198405,-0.0455737,0.586175,0.514852,0.617811,0.533345,0.547412
5623,0,0,1,1,1,1,0,1,0,1,1,0,1,-0.0508091,0.0196204,-0.046034,0.502321,0.514612,0.547411,0.53906,0.549268
5624,1,0,1,1,1,1,0,1,0,1,1,0,1,-0.0571882,0.0120154,-0.0581788,0.502321,0.51472,0.547411,0.534725,0.55112
5625,0,1,1,1,1,1,0,1,0,1,1,0,1,-0.0342776,0.0252005,-0.0306482,0.55377,0.514823,0.593083,0.53813,0.558518
5626,1,1,1,1,1,1,0,1,0,1,1,0,1,-0.0394647,0.0186122,-0.043974,0.55377,0.514826,0.593083,0.546683,0.559269
5627,0,0,0,0,0,0,1,1,0,1,1,0,1,-0.0572704,0.0144248,-0.0541696,0.496828,0.510914,0.453656,0.548496,0.572784
5628,0,1,0,0,0,0,1,1,0,1,1,0,1,-0.0400502,0.0214443,-0.0371697,0.576113,0.51522,0.535278,0.551347,0.579674
5629,1,1,0,0,0,0,1,1,0,1,1,0,1,-0.0453772,0.0138905,-0.0508503,0.576113,0.514859,0.535278,0.555552,0.570791
5630,0,0,1,0,0,0,1,1,0,1,1,0,1,-0.0574321,0.0142919,-0.049444,0.483613,0.513336,0.453656,0.538699,0.581833
5631,1,0,1,0,0,0,1,1,0,1,1,0,1,-0.063811,0.0066158,-0.0615889,0.483613,0.51396,0.453656,0.538699,0.581097
5632,0,1,1,0,0,0,1,1,0,1,1,0,1,-0.0409997,0.0199698,-0.0354368,0.543708,0.514887,0.51055,0.534382,0.589898
5633,1,1,1,0,0,0,1,1,0,1,1,0,1,-0.0461868,0.0133243,-0.0487625,0.543708,0.514772,0.51055,0.544477,0.587887
5634,0,0,0,1,0,0,1,1,0,1,1,0,1,-0.0544466,0.0160927,-0.0509824,0.496828,0.513701,0.453656,0.550155,0.569868
5635,1,0,0,1,0,0,1,1,0,1,1,0,1,-0.0611618,0.00735245,-0.0629145,0.496828,0.514318,0.453656,0.550155,0.568941
5636,0,1,0,1,0,0,1,1,0,1,1,0,1,-0.0367558,0.0233847,-0.0336817,0.576113,0.515128,0.535278,0.547212,0.578609
5637,1,1,0,1,0,0,1,1,0,1,1,0,1,-0.0420828,0.0158612,-0.0473623,0.576113,0.514969,0.535278,0.547212,0.577919
5638,0,0,1,1,0,0,1,1,0,1,1,0,1,-0.0550207,0.0150256,-0.0478458,0.483613,0.514386,0.453656,0.549438,0.576429
5639,1,0,1,1,0,0,1,1,0,1,1,0,1,-0.0613997,0.00739761,-0.0599908,0.483613,0.514602,0.453656,0.549438,0.576951
5640,0,1,1,1,0,0,1,1,0,1,1,0,1,-0.0384895,0.0206059,-0.03246,0.543708,0.514883,0.51055,0.541485,0.584301
5641,1,1,1,1,0,0,1,1,0,1,1,0,1,-0.0436766,0.0140013,-0.0457858,0.543708,0.514853,0.51055,0.542453,0.584742
5642,0,0,0,0,1,0,1,1,0,1,1,0,1,-0.0577615,0.0136503,-0.0576566,0.496828,0.512253,0.443913,0.538927,0.558206
5643,1,0,0,0,1,0,1,1,0,1,1,0,1,-0.0644768,0.00489467,-0.0695884,0.496828,0.513691,0.443913,0.53401,0.551677
5644,0,1,0,0,1,0,1,1,0,1,1,0,1,-0.0405415,0.0206609,-0.0406568,0.576113,0.514562,0.535278,0.55225,0.567695
5645,1,1,0,0,1,0,1,1,0,1,1,0,1,-0.0458684,0.0131206,-0.0543371,0.576113,0.514692,0.535278,0.561445,0.560182
5646,0,0,1,0,1,0,1,1,0,1,1,0,1,-0.0578102,0.0130337,-0.0530989,0.483613,0.513865,0.443913,0.545525,0.568763
5647,1,0,1,0,1,0,1,1,0,1,1,0,1,-0.0641892,0.00537303,-0.0652437,0.483613,0.514359,0.443913,0.541606,0.567396
5648,0,1,1,0,1,0,1,1,0,1,1,0,1,-0.0413779,0.0187084,-0.0390918,0.543708,0.514699,0.51055,0.553081,0.577088
5649,1,1,1,0,1,0,1,1,0,1,1,0,1,-0.0465649,0.0120745,-0.0524174,0.543708,0.514751,0.51055,0.557695,0.576382
5650,0,0,0,1,1,0,1,1,0,1,1,0,1,-0.0556107,0.0142969,-0.0538628,0.496828,0.514077,0.443913,0.541547,0.556365
5651,1,0,0,1,1,0,1,1,0,1,1,0,1,-0.062326,0.00556969,-0.0657948,0.496828,0.514517,0.443913,0.53844,0.554286
5652,0,1,0,1,1,0,1,1,0,1,1,0,1,-0.0379201,0.0215784,-0.0365622,0.576113,0.514834,0.535278,0.549169,0.565631
5653,1,1,0,1,1,0,1,1,0,1,1,0,1,-0.043247,0.0140661,-0.0502427,0.576113,0.51484,0.535278,0.559181,0.564297
5654,0,0,1,1,1,0,1,1,0,1,1,0,1,-0.0558663,0.0138628,-0.050703,0.483613,0.514541,0.443913,0.544865,0.562743
5655,1,0,1,1,1,0,1,1,0,1,1,0,1,-0.0622453,0.00625021,-0.0628479,0.483613,0.514697,0.443913,0.542629,0.563831
5656,0,1,1,1,1,0,1,1,0,1,1,0,1,-0.0393353,0.019439,-0.0353173,0.543708,0.514808,0.51055,0.550573,0.571308
5657,1,1,1,1,1,0,1,1,0,1,1,0,1,-0.0445223,0.0128466,-0.048643,0.543708,0.51482,0.51055,0.554624,0.572169
5658,0,0,0,0,0,1,1,1,0,1,1,0,1,-0.0558762,0.0164334,-0.0514581,0.496828,0.513782,0.480529,0.550125,0.55584
5659,1,0,0,0,0,1,1,1,0,1,1,0,1,-0.0625914,0.00766744,-0.0633901,0.496828,0.514157,0.480529,0.550125,0.545255
5660,0,1,0,0,0,1,1,1,0,1,1,0,1,-0.0386559,0.0234632,-0.034458,0.576113,0.514978,0.548151,0.544947,0.563284
5661,1,1,0,0,0,1,1,1,0,1,1,0,1,-0.0439828,0.0159129,-0.0481387,0.576113,0.51481,0.548151,0.544947,0.554665
5662,0,0,1,0,0,1,1,1,0,1,1,0,1,-0.0560378,0.0163116,-0.0467325,0.483613,0.514428,0.480529,0.54125,0.572278
5663,1,0,1,0,0,1,1,1,0,1,1,0,1,-0.0624168,0.00864288,-0.0588774,0.483613,0.514531,0.480529,0.538867,0.564823
5664,0,1,1,0,0,1,1,1,0,1,1,0,1,-0.0396054,0.0219977,-0.0327251,0.543708,0.514856,0.523424,0.534742,0.579641
5665,1,1,1,0,0,1,1,1,0,1,1,0,1,-0.0447925,0.0153576,-0.0460509,0.543708,0.514796,0.523424,0.534742,0.572309
5666,0,0,0,1,0,1,1,1,0,1,1,0,1,-0.0530662,0.0182895,-0.0476699,0.496828,0.51449,0.480529,0.549525,0.559687
5667,1,0,0,1,0,1,1,1,0,1,1,0,1,-0.0597816,0.00955513,-0.059602,0.496828,0.514641,0.480529,0.549525,0.554002
5668,0,1,0,1,0,1,1,1,0,1,1,0,1,-0.0353754,0.025596,-0.0303689,0.576113,0.514906,0.548151,0.542849,0.568761
5669,1,1,0,1,0,1,1,1,0,1,1,0,1,-0.0407023,0.0180762,-0.0440497,0.576113,0.514856,0.548151,0.542849,0.562388
5670,0,0,1,1,0,1,1,1,0,1,1,0,1,-0.0536403,0.01723,-0.0445333,0.483613,0.514693,0.480529,0.548182,0.569182
5671,1,0,1,1,0,1,1,1,0,1,1,0,1,-0.0600194,0.00960962,-0.0566783,0.483613,0.514743,0.480529,0.548182,0.568323
5672,0,1,1,1,0,1,1,1,0,1,1,0,1,-0.0371091,0.0228201,-0.0291472,0.543708,0.514837,0.523424,0.54046,0.576889
5673,1,1,1,1,0,1,1,1,0,1,1,0,1,-0.0422962,0.016221,-0.0424732,0.543708,0.514826,0.523424,0.54046,0.576892
5674,0,0,0,0,1,1,1,1,0,1,1,0,1,-0.0546764,0.0161138,-0.0539137,0.496828,0.513718,0.470787,0.550125,0.540181
5675,1,0,0,0,1,1,1,1,0,1,1,0,1,-0.0613917,0.00736585,-0.0658456,0.496828,0.51432,0.470787,0.538082,0.535973
5676,0,1,0,0,1,1,1,1,0,1,1,0,1,-0.0374559,0.0231326,-0.0369137,0.576113,0.514625,0.548151,0.546297,0.550988
5677,1,1,0,0,1,1,1,1,0,1,1,0,1,-0.0427828,0.0155972,-0.0505942,0.576113,0.514727,0.548151,0.551749,0.541652
5678,0,0,1,0,1,1,1,1,0,1,1,0,1,-0.0547249,0.0155053,-0.049356,0.483613,0.514412,0.470787,0.550051,0.557796
5679,1,0,1,0,1,1,1,1,0,1,1,0,1,-0.061104,0.00785241,-0.0615009,0.483613,0.514619,0.470787,0.557011,0.552143
5680,0,1,1,0,1,1,1,1,0,1,1,0,1,-0.0382923,0.0211863,-0.0353488,0.543708,0.514741,0.523424,0.546584,0.566736
5681,1,1,1,0,1,1,1,1,0,1,1,0,1,-0.0434794,0.014558,-0.0486745,0.543708,0.514778,0.523424,0.559068,0.561169
5682,0,0,0,1,1,1,1,1,0,1,1,0,1,-0.0527596,0.0170493,-0.0492851,0.496828,0.51445,0.470787,0.550125,0.546384
5683,1,0,0,1,1,1,1,1,0,1,1,0,1,-0.059475,0.00832763,-0.0612172,0.496828,0.514664,0.470787,0.539707,0.540497
5684,0,1,0,1,1,1,1,1,0,1,1,0,1,-0.0350687,0.0243426,-0.0319843,0.576113,0.514771,0.548151,0.546692,0.554339
5685,1,1,0,1,1,1,1,1,0,1,1,0,1,-0.0403955,0.0168328,-0.045665,0.576113,0.514804,0.548151,0.550536,0.548637
5686,0,0,1,1,1,1,1,1,0,1,1,0,1,-0.0530152,0.0166209,-0.0461254,0.483613,0.514682,0.470787,0.549978,0.557215
5687,1,0,1,1,1,1,1,1,0,1,1,0,1,-0.0593942,0.00901289,-0.0582703,0.483613,0.514759,0.470787,0.553431,0.555266
5688,0,1,1,1,1,1,1,1,0,1,1,0,1,-0.0364839,0.0222049,-0.0307395,0.543708,0.514797,0.523424,0.545418,0.564369
5689,1,1,1,1,1,1,1,1,0,1,1,0,1,-0.0416709,0.0156148,-0.0440653,0.543708,0.514812,0.523424,0.550193,0.563039
5690,0,0,0,0,0,0,0,0,1,1,1,0,1,-0.0580371,0.0140399,-0.0537472,0.523693,0.507694,0.53028,0.474725,0.556993
5691,1,0,0,0,0,0,0,0,1,1,1,0,1,-0.0647523,0.00527763,-0.0656791,0.523693,0.51066,0.53028,0.500384,0.555924
5692,0,1,0,0,0,0,0,0,1,1,1,0,1,-0.0408167,0.0210664,-0.0367474,0.585367,0.517309,0.593604,0.52878,0.567114
5693,1,1,0,0,0,0,0,0,1,1,1,0,1,-0.0461437,0.0135188,-0.050428,0.585367,0.515523,0.593604,0.568808,0.566015
5694,0,0,1,0,0,0,0,0,1,1,1,0,1,-0.0581986,0.0139072,-0.0490216,0.510478,0.512057,0.53028,0.499632,0.565413
5695,1,0,1,0,0,0,0,0,1,1,1,0,1,-0.0645776,0.00624131,-0.0611665,0.510478,0.512991,0.53028,0.536275,0.565327
5696,0,1,1,0,0,0,0,0,1,1,1,0,1,-0.0417661,0.0195902,-0.0350145,0.552963,0.515467,0.568876,0.534192,0.57486
5697,1,1,1,0,0,0,0,0,1,1,1,0,1,-0.0469532,0.0129504,-0.0483402,0.552963,0.514919,0.568876,0.562163,0.57464
5698,0,0,0,1,0,0,0,0,1,1,1,0,1,-0.0552133,0.0157166,-0.05056,0.523693,0.512854,0.53028,0.530482,0.55135
5699,1,0,0,1,0,0,0,0,1,1,1,0,1,-0.0619286,0.00698553,-0.0624921,0.523693,0.513901,0.53028,0.538649,0.551617
5700,0,1,0,1,0,0,0,0,1,1,1,0,1,-0.0375222,0.0230179,-0.0332595,0.585367,0.515958,0.593604,0.556176,0.561818
5701,1,1,0,1,0,0,0,0,1,1,1,0,1,-0.0428493,0.0155006,-0.0469401,0.585367,0.51542,0.593604,0.567821,0.561874
5702,0,0,1,1,0,0,0,0,1,1,1,0,1,-0.0557873,0.0146464,-0.0474235,0.510478,0.514026,0.53028,0.549117,0.556901
5703,1,0,1,1,0,0,0,0,1,1,1,0,1,-0.0621663,0.00702867,-0.0595685,0.510478,0.514403,0.53028,0.558972,0.559698
5704,0,1,1,1,0,0,0,0,1,1,1,0,1,-0.0392559,0.0202323,-0.0320378,0.552963,0.515068,0.568876,0.550633,0.566525
5705,1,1,1,1,0,0,0,0,1,1,1,0,1,-0.0444431,0.0136334,-0.0453636,0.552963,0.514979,0.568876,0.559486,0.5692
5706,0,0,0,0,1,0,0,0,1,1,1,0,1,-0.0580679,0.0138029,-0.0574385,0.523693,0.510106,0.520538,0.505315,0.542018
5707,1,0,0,0,1,0,0,0,1,1,1,0,1,-0.0647831,0.00505557,-0.0693702,0.523693,0.512573,0.520538,0.533964,0.540286
5708,0,1,0,0,1,0,0,0,1,1,1,0,1,-0.0408474,0.0208208,-0.0404388,0.585367,0.514941,0.593604,0.529358,0.552765
5709,1,1,0,0,1,0,0,0,1,1,1,0,1,-0.0461744,0.0132862,-0.0541192,0.585367,0.514806,0.593604,0.554404,0.551573
5710,0,0,1,0,1,0,0,0,1,1,1,0,1,-0.0581163,0.013182,-0.0528809,0.510478,0.513051,0.520538,0.539334,0.550352
5711,1,0,1,0,1,0,0,0,1,1,1,0,1,-0.0644953,0.00553068,-0.0650256,0.510478,0.513886,0.520538,0.562869,0.550804
5712,0,1,1,0,1,0,0,0,1,1,1,0,1,-0.0416838,0.0188621,-0.0388739,0.552963,0.514776,0.568876,0.550658,0.56032
5713,1,1,1,0,1,0,0,0,1,1,1,0,1,-0.0468709,0.0122335,-0.0521994,0.552963,0.514758,0.568876,0.568113,0.560655
5714,0,0,0,1,1,0,0,0,1,1,1,0,1,-0.0559169,0.0144623,-0.0536447,0.523693,0.513463,0.520538,0.553432,0.535897
5715,1,0,0,1,1,0,0,0,1,1,1,0,1,-0.0626323,0.00574338,-0.0655766,0.523693,0.514259,0.520538,0.561579,0.538049
5716,0,1,0,1,1,0,0,0,1,1,1,0,1,-0.038226,0.0217532,-0.0363443,0.585367,0.515052,0.593604,0.561398,0.546765
5717,1,1,0,1,1,0,0,0,1,1,1,0,1,-0.043553,0.0142466,-0.0500248,0.585367,0.514976,0.593604,0.570961,0.547498
5718,0,0,1,1,1,0,0,0,1,1,1,0,1,-0.0561725,0.0140234,-0.050485,0.510478,0.514302,0.520538,0.559388,0.54291
5719,1,0,1,1,1,0,0,0,1,1,1,0,1,-0.0625515,0.00642019,-0.0626298,0.510478,0.514587,0.520538,0.567379,0.544548
5720,0,1,1,1,1,0,0,0,1,1,1,0,1,-0.0396412,0.0196054,-0.0350994,0.552963,0.514848,0.568876,0.55754,0.553004
5721,1,1,1,1,1,0,0,0,1,1,1,0,1,-0.0448283,0.0130182,-0.048425,0.552963,0.514856,0.568876,0.56558,0.554496
5722,0,0,0,0,0,1,0,0,1,1,1,0,1,-0.0582002,0.0164385,-0.0514992,0.523693,0.513847,0.557153,0.551355,0.546852
5723,1,0,0,0,0,1,0,0,1,1,1,0,1,-0.0649154,0.0076808,-0.0634312,0.523693,0.513699,0.557153,0.566131,0.540259
5724,0,1,0,0,0,1,0,0,1,1,1,0,1,-0.0409798,0.0234737,-0.0344993,0.585367,0.515874,0.606478,0.579336,0.55711
5725,1,1,0,0,0,1,0,0,1,1,1,0,1,-0.0463068,0.015929,-0.0481799,0.585367,0.515057,0.606478,0.591195,0.551486
5726,1,0,1,0,0,1,0,0,1,1,1,0,1,-0.0647407,0.00865984,-0.0589186,0.510478,0.514303,0.557153,0.549697,0.556771
5727,0,1,1,0,0,1,0,0,1,1,1,0,1,-0.0419293,0.0220077,-0.0327664,0.552963,0.515132,0.58175,0.556733,0.566374
5728,1,1,1,0,0,1,0,0,1,1,1,0,1,-0.0471164,0.0153734,-0.0460922,0.552963,0.514856,0.58175,0.574825,0.565839
5729,0,0,0,1,0,1,0,0,1,1,1,0,1,-0.0553903,0.0183065,-0.047711,0.523693,0.514537,0.557153,0.559842,0.543689
5730,1,0,0,1,0,1,0,0,1,1,1,0,1,-0.0621056,0.00958035,-0.0596431,0.523693,0.514583,0.557153,0.561408,0.542382
5731,0,1,0,1,0,1,0,0,1,1,1,0,1,-0.0376993,0.0256208,-0.0304103,0.585367,0.515206,0.606478,0.571262,0.553745
5732,1,1,0,1,0,1,0,0,1,1,1,0,1,-0.0430263,0.0181065,-0.044091,0.585367,0.515006,0.606478,0.571555,0.553197
5733,0,0,1,1,0,1,0,0,1,1,1,0,1,-0.0559642,0.0172454,-0.0445744,0.510478,0.514699,0.557153,0.537605,0.551201
5734,1,0,1,1,0,1,0,0,1,1,1,0,1,-0.0623433,0.00963536,-0.0567195,0.510478,0.514707,0.557153,0.542711,0.551816
5735,0,1,1,1,0,1,0,0,1,1,1,0,1,-0.039433,0.0228396,-0.0291886,0.552963,0.514911,0.58175,0.548379,0.56043
5736,1,1,1,1,0,1,0,0,1,1,1,0,1,-0.0446201,0.0162462,-0.0425144,0.552963,0.51487,0.58175,0.558975,0.560983
5737,0,0,0,0,1,1,0,0,1,1,1,0,1,-0.0556057,0.0164494,-0.0543486,0.523693,0.513617,0.547411,0.578366,0.533458
5738,1,0,0,0,1,1,0,0,1,1,1,0,1,-0.062321,0.00770927,-0.0662804,0.523693,0.514121,0.547411,0.589539,0.527342
5739,0,1,0,0,1,1,0,0,1,1,1,0,1,-0.0383849,0.0234731,-0.0373488,0.585367,0.51492,0.606478,0.581793,0.541867
5740,1,1,0,0,1,1,0,0,1,1,1,0,1,-0.0437119,0.015943,-0.0510292,0.585367,0.51481,0.606478,0.592283,0.535588
5741,0,0,1,0,1,1,0,0,1,1,1,0,1,-0.055654,0.0158382,-0.049791,0.510478,0.514368,0.547411,0.551902,0.543937
5742,1,0,1,0,1,1,0,0,1,1,1,0,1,-0.0620331,0.00819498,-0.0619357,0.510478,0.514524,0.547411,0.564643,0.543432
5743,0,1,1,0,1,1,0,0,1,1,1,0,1,-0.0392213,0.0215222,-0.0357839,0.552963,0.514831,0.58175,0.560778,0.552418
5744,1,1,1,0,1,1,0,0,1,1,1,0,1,-0.0444084,0.0148993,-0.0491095,0.552963,0.514798,0.58175,0.575837,0.551663
5745,0,0,0,1,1,1,0,0,1,1,1,0,1,-0.0536889,0.0173997,-0.04972,0.523693,0.514415,0.547411,0.563429,0.537608
5746,1,0,0,1,1,1,0,0,1,1,1,0,1,-0.0604043,0.00868594,-0.061652,0.523693,0.514627,0.547411,0.569565,0.532709
5747,0,1,0,1,1,1,0,0,1,1,1,0,1,-0.0359976,0.0247001,-0.0324194,0.585367,0.51488,0.606478,0.572582,0.544582
5748,1,1,0,1,1,1,0,0,1,1,1,0,1,-0.0413246,0.0171956,-0.0461,0.585367,0.51486,0.606478,0.57841,0.543329
5749,0,0,1,1,1,1,0,0,1,1,1,0,1,-0.0539443,0.0169683,-0.0465603,0.510478,0.514666,0.547411,0.545128,0.542443
5750,1,0,1,1,1,1,0,0,1,1,1,0,1,-0.0603234,0.00937008,-0.0587052,0.510478,0.514739,0.547411,0.554021,0.545003
5751,0,1,1,1,1,1,0,0,1,1,1,0,1,-0.0374128,0.0225559,-0.0311746,0.552963,0.514824,0.58175,0.553158,0.548729
5752,1,1,1,1,1,1,0,0,1,1,1,0,1,-0.0425999,0.0159712,-0.0445002,0.552963,0.514828,0.58175,0.563262,0.551029
5753,1,0,0,0,0,0,1,0,1,1,1,0,1,-0.0665915,0.00421859,-0.065653,0.496828,0.512929,0.453656,0.551092,0.558533
5754,0,1,0,0,0,0,1,0,1,1,1,0,1,-0.042656,0.0200166,-0.0367211,0.567149,0.51526,0.523945,0.559532,0.571959
5755,1,1,0,0,0,0,1,0,1,1,1,0,1,-0.047983,0.0124641,-0.0504016,0.567149,0.514865,0.523945,0.587861,0.568203
5756,0,0,1,0,0,0,1,0,1,1,1,0,1,-0.0600379,0.0128606,-0.0489953,0.483613,0.513496,0.453656,0.531581,0.570803
5757,1,0,1,0,0,0,1,0,1,1,1,0,1,-0.0664169,0.00518933,-0.0611403,0.483613,0.514004,0.453656,0.559675,0.570421
5758,0,1,1,0,0,0,1,0,1,1,1,0,1,-0.0436055,0.0185454,-0.0349881,0.534744,0.514883,0.499217,0.544047,0.579104
5759,1,1,1,0,0,0,1,0,1,1,1,0,1,-0.0487926,0.0119016,-0.0483138,0.534744,0.514773,0.499217,0.569331,0.578699
5760,0,0,0,1,0,0,1,0,1,1,1,0,1,-0.0570525,0.0146509,-0.0505337,0.496828,0.513884,0.453656,0.55431,0.558045
5761,1,0,0,1,0,0,1,0,1,1,1,0,1,-0.0637678,0.00591396,-0.0624659,0.496828,0.514376,0.453656,0.559678,0.558139
5762,0,1,0,1,0,0,1,0,1,1,1,0,1,-0.0393616,0.0219558,-0.0332331,0.567149,0.515091,0.523945,0.548316,0.567361
5763,1,1,0,1,0,0,1,0,1,1,1,0,1,-0.0446887,0.0144336,-0.0469137,0.567149,0.514964,0.523945,0.555818,0.567316
5764,0,0,1,1,0,0,1,0,1,1,1,0,1,-0.0576266,0.0135912,-0.0473971,0.483613,0.514449,0.453656,0.550146,0.564683
5765,1,0,1,1,0,0,1,0,1,1,1,0,1,-0.0640056,0.00596802,-0.0595422,0.483613,0.514626,0.453656,0.560732,0.565495
5766,0,1,1,1,0,0,1,0,1,1,1,0,1,-0.0410953,0.0191798,-0.0320113,0.534744,0.514858,0.499217,0.545448,0.573249
5767,1,1,1,1,0,0,1,0,1,1,1,0,1,-0.0462825,0.0125768,-0.0453371,0.534744,0.514849,0.499217,0.55594,0.573978
5768,0,0,0,0,1,0,1,0,1,1,1,0,1,-0.0603675,0.0122217,-0.0572079,0.496828,0.512462,0.443913,0.545099,0.548952
5769,1,0,0,0,1,0,1,0,1,1,1,0,1,-0.0670828,0.00346948,-0.0691398,0.496828,0.513744,0.443913,0.566158,0.544134
5770,1,1,0,0,1,0,1,0,1,1,1,0,1,-0.0484743,0.0117036,-0.0538885,0.567149,0.514696,0.523945,0.5798,0.554548
5771,0,0,1,0,1,0,1,0,1,1,1,0,1,-0.0604161,0.0116113,-0.0526503,0.483613,0.513939,0.443913,0.559992,0.557002
5772,1,0,1,0,1,0,1,0,1,1,1,0,1,-0.0667951,0.00395546,-0.0647951,0.483613,0.514381,0.443913,0.578378,0.557288
5773,0,1,1,0,1,0,1,0,1,1,1,0,1,-0.0439838,0.0172929,-0.0386432,0.534744,0.5147,0.499217,0.567993,0.565891
5774,1,1,1,0,1,0,1,0,1,1,1,0,1,-0.0491709,0.0106607,-0.0519688,0.534744,0.514752,0.499217,0.585345,0.566094
5775,0,0,0,1,1,0,1,0,1,1,1,0,1,-0.0582166,0.0128648,-0.0534141,0.496828,0.514165,0.443913,0.561441,0.545229
5776,1,0,0,1,1,0,1,0,1,1,1,0,1,-0.064932,0.00414107,-0.0653461,0.496828,0.514546,0.443913,0.569812,0.54713
5777,0,1,0,1,1,0,1,0,1,1,1,0,1,-0.040526,0.0201593,-0.0361136,0.567149,0.514825,0.523945,0.557211,0.55371
5778,1,1,0,1,1,0,1,0,1,1,1,0,1,-0.045853,0.0126483,-0.0497941,0.567149,0.514839,0.523945,0.567534,0.554261
5779,0,0,1,1,1,0,1,0,1,1,1,0,1,-0.0584722,0.0124381,-0.0502543,0.483613,0.514572,0.443913,0.564508,0.550342
5780,1,0,1,1,1,0,1,0,1,1,1,0,1,-0.0648513,0.00483027,-0.0623993,0.483613,0.514708,0.443913,0.572879,0.551758
5781,0,1,1,1,1,0,1,0,1,1,1,0,1,-0.0419412,0.0180225,-0.0348686,0.534744,0.514801,0.499217,0.559904,0.559405
5782,1,1,1,1,1,0,1,0,1,1,1,0,1,-0.0471283,0.0114317,-0.0481943,0.534744,0.514819,0.499217,0.567855,0.560679
5783,0,0,0,0,0,1,1,0,1,1,1,0,1,-0.0589994,0.0145663,-0.0521272,0.496828,0.514122,0.480529,0.556657,0.550086
5784,1,0,0,0,0,1,1,0,1,1,1,0,1,-0.0657146,0.00580302,-0.0640593,0.496828,0.514258,0.480529,0.566142,0.540378
5785,1,1,0,0,0,1,1,0,1,1,1,0,1,-0.047106,0.0140542,-0.0488078,0.567149,0.514832,0.536819,0.590727,0.551298
5786,0,0,1,0,0,1,1,0,1,1,1,0,1,-0.059161,0.0144489,-0.0474016,0.483613,0.51455,0.480529,0.547268,0.563022
5787,1,0,1,0,0,1,1,0,1,1,1,0,1,-0.0655399,0.00678275,-0.0595466,0.483613,0.514571,0.480529,0.556501,0.559354
5788,0,1,1,0,0,1,1,0,1,1,1,0,1,-0.0427286,0.0201404,-0.0333942,0.534744,0.514875,0.512091,0.553933,0.571048
5789,1,1,1,0,0,1,1,0,1,1,1,0,1,-0.0479157,0.0134997,-0.0467201,0.534744,0.514804,0.512091,0.570479,0.568416
5790,0,0,0,1,0,1,1,0,1,1,1,0,1,-0.0561895,0.0164205,-0.048339,0.496828,0.514622,0.480529,0.549425,0.55056
5791,1,0,0,1,0,1,1,0,1,1,1,0,1,-0.0629048,0.00768876,-0.0602712,0.496828,0.514686,0.480529,0.549479,0.546412
5792,1,1,0,1,0,1,1,0,1,1,1,0,1,-0.0438256,0.0162181,-0.0447189,0.567149,0.514862,0.536819,0.563003,0.556104
5793,0,0,1,1,0,1,1,0,1,1,1,0,1,-0.0567635,0.0153646,-0.0452024,0.483613,0.51474,0.480529,0.545504,0.557576
5794,1,0,1,1,0,1,1,0,1,1,1,0,1,-0.0631426,0.0077469,-0.0573475,0.483613,0.514761,0.480529,0.549357,0.558055
5795,0,1,1,1,0,1,1,0,1,1,1,0,1,-0.0402323,0.0209611,-0.0298164,0.534744,0.514836,0.512091,0.537217,0.565817
5796,1,1,1,1,0,1,1,0,1,1,1,0,1,-0.0454194,0.0143615,-0.0431423,0.534744,0.514828,0.512091,0.548159,0.566237
5797,0,0,0,0,1,1,1,0,1,1,1,0,1,-0.0577997,0.014267,-0.0545828,0.496828,0.514067,0.470787,0.557116,0.53629
5798,1,0,0,0,1,1,1,0,1,1,1,0,1,-0.0645149,0.00552186,-0.0665148,0.496828,0.51444,0.470787,0.571558,0.531686
5799,0,1,0,0,1,1,1,0,1,1,1,0,1,-0.0405792,0.0212939,-0.0375829,0.567149,0.51473,0.536819,0.573989,0.545275
5800,1,1,0,0,1,1,1,0,1,1,1,0,1,-0.0459061,0.0137588,-0.0512634,0.567149,0.514764,0.536819,0.588369,0.538074
5801,0,0,1,0,1,1,1,0,1,1,1,0,1,-0.0578481,0.0136617,-0.0500252,0.483613,0.514539,0.470787,0.555033,0.550833
5802,1,0,1,0,1,1,1,0,1,1,1,0,1,-0.0642271,0.00601147,-0.0621701,0.483613,0.514664,0.470787,0.57047,0.54721
5803,0,1,1,0,1,1,1,0,1,1,1,0,1,-0.0414156,0.0193481,-0.036018,0.534744,0.514778,0.512091,0.553583,0.558188
5804,1,1,1,0,1,1,1,0,1,1,1,0,1,-0.0466026,0.0127193,-0.0493437,0.534744,0.514792,0.512091,0.569557,0.554691
5805,0,0,0,1,1,1,1,0,1,1,1,0,1,-0.0558829,0.0152013,-0.0499542,0.496828,0.514583,0.470787,0.548185,0.542482
5806,1,0,0,1,1,1,1,0,1,1,1,0,1,-0.0625983,0.00648243,-0.0618863,0.496828,0.514712,0.470787,0.560824,0.537103
5807,0,1,0,1,1,1,1,0,1,1,1,0,1,-0.0381919,0.0225052,-0.0326535,0.567149,0.514805,0.536819,0.548624,0.550679
5808,1,1,0,1,1,1,1,0,1,1,1,0,1,-0.0435188,0.0149958,-0.0463341,0.567149,0.514818,0.536819,0.559962,0.545909
5809,0,0,1,1,1,1,1,0,1,1,1,0,1,-0.0561384,0.0147758,-0.0467944,0.483613,0.514731,0.470787,0.547763,0.551783
5810,1,0,1,1,1,1,1,0,1,1,1,0,1,-0.0625174,0.00717058,-0.0589394,0.483613,0.514776,0.470787,0.560324,0.552043
5811,0,1,1,1,1,1,1,0,1,1,1,0,1,-0.0396071,0.0203662,-0.0314086,0.534744,0.514808,0.512091,0.543812,0.557109
5812,1,1,1,1,1,1,1,0,1,1,1,0,1,-0.0447941,0.0137756,-0.0447343,0.534744,0.514817,0.512091,0.557276,0.55874
5813,0,0,0,0,0,0,0,1,1,1,1,0,1,-0.0544127,0.0164699,-0.0514005,0.515536,0.512269,0.53028,0.494135,0.567172
5814,1,0,0,0,0,0,0,1,1,1,1,0,1,-0.0611278,0.00770239,-0.0633325,0.515536,0.513346,0.53028,0.52048,0.566806
5815,0,1,0,0,0,0,0,1,1,1,1,0,1,-0.0371924,0.0234855,-0.0344008,0.577211,0.515824,0.598616,0.532483,0.576797
5816,1,1,0,0,0,0,0,1,1,1,1,0,1,-0.0425194,0.0159327,-0.0480814,0.577211,0.515127,0.598616,0.558293,0.576389
5817,0,0,1,0,0,0,0,1,1,1,1,0,1,-0.0545742,0.0163315,-0.0466749,0.502321,0.51383,0.53028,0.515699,0.573254
5818,1,0,1,0,0,0,0,1,1,1,1,0,1,-0.060953,0.008656,-0.0588198,0.502321,0.514169,0.53028,0.548045,0.574964
5819,0,1,1,0,0,0,0,1,1,1,1,0,1,-0.0381419,0.0220063,-0.0326678,0.544806,0.515091,0.573888,0.540137,0.581265
5820,1,1,1,0,0,0,0,1,1,1,1,0,1,-0.0433289,0.0153581,-0.0459937,0.544806,0.514875,0.573888,0.566913,0.583514
5821,0,0,0,1,0,0,0,1,1,1,1,0,1,-0.0515888,0.0181364,-0.0482133,0.515536,0.514126,0.53028,0.540328,0.560614
5822,1,0,0,1,0,0,0,1,1,1,1,0,1,-0.058304,0.00940012,-0.0601454,0.515536,0.514502,0.53028,0.549187,0.561945
5823,0,1,0,1,0,0,0,1,1,1,1,0,1,-0.033898,0.0254271,-0.0309128,0.577211,0.515275,0.598616,0.547002,0.570462
5824,1,1,0,1,0,0,0,1,1,1,1,0,1,-0.039225,0.0179047,-0.0445935,0.577211,0.515061,0.598616,0.553497,0.571724
5825,0,0,1,1,0,0,0,1,1,1,1,0,1,-0.0521628,0.0170589,-0.0450768,0.502321,0.514539,0.53028,0.552647,0.564544
5826,1,0,1,1,0,0,0,1,1,1,1,0,1,-0.0585417,0.00943154,-0.0572218,0.502321,0.514674,0.53028,0.561119,0.568179
5827,0,1,1,1,0,0,0,1,1,1,1,0,1,-0.0356317,0.0226369,-0.0296911,0.544806,0.514925,0.573888,0.551531,0.572791
5828,1,1,1,1,0,0,0,1,1,1,1,0,1,-0.0408187,0.0160297,-0.043017,0.544806,0.514886,0.573888,0.561607,0.576758
5829,0,0,0,0,1,0,0,1,1,1,1,0,1,-0.0544435,0.0162425,-0.0550917,0.515536,0.513111,0.520538,0.529464,0.552986
5830,1,0,0,0,1,0,0,1,1,1,1,0,1,-0.0611587,0.00748979,-0.0670235,0.515536,0.514014,0.520538,0.540812,0.553358
5831,0,1,0,0,1,0,0,1,1,1,1,0,1,-0.0372233,0.0232495,-0.0380921,0.577211,0.514895,0.598616,0.559884,0.563147
5832,1,1,0,0,1,0,0,1,1,1,1,0,1,-0.0425502,0.0157096,-0.0517725,0.577211,0.514832,0.598616,0.576877,0.563411
5833,0,0,1,0,1,0,0,1,1,1,1,0,1,-0.054492,0.0156154,-0.0505341,0.502321,0.514179,0.520538,0.558834,0.560151
5834,1,0,1,0,1,0,0,1,1,1,1,0,1,-0.0608708,0.0079544,-0.0626789,0.502321,0.514484,0.520538,0.56449,0.561143
5835,0,1,1,0,1,0,0,1,1,1,1,0,1,-0.0380596,0.0212873,-0.0365271,0.544806,0.514815,0.573888,0.57144,0.569614
5836,1,1,1,0,1,0,0,1,1,1,1,0,1,-0.0432466,0.0146503,-0.0498528,0.544806,0.514804,0.573888,0.580901,0.570499
5837,0,0,0,1,1,0,0,1,1,1,1,0,1,-0.0522926,0.016892,-0.051298,0.515536,0.514331,0.520538,0.554376,0.546398
5838,1,0,0,1,1,0,0,1,1,1,1,0,1,-0.0590078,0.00816781,-0.06323,0.515536,0.514621,0.520538,0.551325,0.547889
5839,0,1,0,1,1,0,0,1,1,1,1,0,1,-0.0346019,0.0241723,-0.0339976,0.577211,0.514918,0.598616,0.557265,0.556737
5840,1,1,0,1,1,0,0,1,1,1,1,0,1,-0.0399287,0.0166605,-0.0476781,0.577211,0.514884,0.598616,0.566544,0.558056
5841,0,0,1,1,1,0,0,1,1,1,1,0,1,-0.0525481,0.0164455,-0.0481383,0.502321,0.514633,0.520538,0.563612,0.551702
5842,1,0,1,1,1,0,0,1,1,1,1,0,1,-0.058927,0.0088327,-0.0602832,0.502321,0.514737,0.520538,0.562153,0.554487
5843,0,1,1,1,1,0,0,1,1,1,1,0,1,-0.036017,0.0220197,-0.0327527,0.544806,0.514835,0.573888,0.562065,0.561131
5844,1,1,1,1,1,0,0,1,1,1,1,0,1,-0.041204,0.0154242,-0.0460784,0.544806,0.514836,0.573888,0.571482,0.563941
5845,0,0,0,0,0,1,0,1,1,1,1,0,1,-0.0544569,0.0189494,-0.0478883,0.515536,0.514487,0.557153,0.53918,0.559739
5846,1,0,0,0,0,1,0,1,1,1,1,0,1,-0.061172,0.0101876,-0.0598203,0.515536,0.514428,0.557153,0.548512,0.55733
5847,0,1,0,0,0,1,0,1,1,1,1,0,1,-0.0372366,0.0259753,-0.0308883,0.577211,0.515238,0.61149,0.571317,0.568992
5848,1,1,0,0,0,1,0,1,1,1,1,0,1,-0.0425635,0.0184265,-0.044569,0.577211,0.514924,0.61149,0.582757,0.567591
5849,0,0,1,0,0,1,0,1,1,1,1,0,1,-0.0546184,0.0188245,-0.0431626,0.502321,0.514686,0.557153,0.531787,0.567222
5850,1,0,1,0,0,1,0,1,1,1,1,0,1,-0.0609972,0.011158,-0.0553076,0.502321,0.514638,0.557153,0.545931,0.567313
5851,0,1,1,0,0,1,0,1,1,1,1,0,1,-0.0381861,0.0245067,-0.0291553,0.544806,0.514946,0.586762,0.542682,0.57579
5852,1,1,1,0,0,1,0,1,1,1,1,0,1,-0.0433731,0.0178658,-0.0424813,0.544806,0.51484,0.586762,0.558323,0.575814
5853,0,0,0,1,0,1,0,1,1,1,1,0,1,-0.0516469,0.0208096,-0.0441,0.515536,0.514726,0.557153,0.549334,0.554356
5854,0,1,0,1,0,1,0,1,1,1,1,0,1,-0.0339561,0.0281146,-0.0267992,0.577211,0.514974,0.61149,0.563015,0.563806
5855,1,1,0,1,0,1,0,1,1,1,1,0,1,-0.039283,0.0205964,-0.04048,0.577211,0.514895,0.61149,0.564778,0.564236
5856,0,0,1,1,0,1,0,1,1,1,1,0,1,-0.0522209,0.0197423,-0.0409634,0.502321,0.514779,0.557153,0.541655,0.5607
5857,1,0,1,1,0,1,0,1,1,1,1,0,1,-0.0585998,0.0121243,-0.0531086,0.502321,0.514781,0.557153,0.546257,0.561852
5858,0,1,1,1,0,1,0,1,1,1,1,0,1,-0.0356897,0.0253296,-0.0255775,0.544806,0.514858,0.586762,0.542913,0.569447
5859,1,1,1,1,0,1,0,1,1,1,1,0,1,-0.0408768,0.0187297,-0.0389035,0.544806,0.514841,0.586762,0.554249,0.570508
5860,0,0,0,0,1,1,0,1,1,1,1,0,1,-0.0518624,0.0189677,-0.0507376,0.515536,0.514386,0.547411,0.554354,0.54867
5861,1,0,0,0,1,1,0,1,1,1,1,0,1,-0.0585776,0.0102233,-0.0626695,0.515536,0.51457,0.547411,0.55682,0.546024
5862,0,1,0,0,1,1,0,1,1,1,1,0,1,-0.0346418,0.0259821,-0.0337377,0.577211,0.514867,0.61149,0.567749,0.55603
5863,1,1,0,0,1,1,0,1,1,1,1,0,1,-0.0399687,0.0184479,-0.0474183,0.577211,0.514822,0.61149,0.581674,0.553698
5864,0,0,1,0,1,1,0,1,1,1,1,0,1,-0.0519107,0.0183514,-0.04618,0.502321,0.514657,0.547411,0.55153,0.553518
5865,1,0,1,0,1,1,0,1,1,1,1,0,1,-0.0582897,0.0107002,-0.0583248,0.502321,0.514714,0.547411,0.563974,0.55503
5866,0,1,1,0,1,1,0,1,1,1,1,0,1,-0.0354781,0.0240283,-0.0321728,0.544806,0.514828,0.586762,0.549973,0.562579
5867,1,1,1,0,1,1,0,1,1,1,1,0,1,-0.0406651,0.0173988,-0.0454986,0.544806,0.514814,0.586762,0.565254,0.563183
5868,0,0,0,1,1,1,0,1,1,1,1,0,1,-0.0499456,0.0199103,-0.046109,0.515536,0.514675,0.547411,0.546785,0.547978
5869,1,0,0,1,1,1,0,1,1,1,1,0,1,-0.0566609,0.0111922,-0.0580411,0.515536,0.514751,0.547411,0.551937,0.550005
5870,0,1,0,1,1,1,0,1,1,1,1,0,1,-0.0322545,0.0272014,-0.0288083,0.577211,0.514846,0.61149,0.556328,0.554044
5871,1,1,0,1,1,1,0,1,1,1,1,0,1,-0.0375814,0.0196928,-0.042489,0.577211,0.514837,0.61149,0.56847,0.556002
5872,0,0,1,1,1,1,0,1,1,1,1,0,1,-0.050201,0.0194731,-0.0429493,0.502321,0.514765,0.547411,0.547919,0.551755
5873,1,0,1,1,1,1,0,1,1,1,1,0,1,-0.05658,0.0118669,-0.0550942,0.502321,0.514791,0.547411,0.556849,0.554544
5874,0,1,1,1,1,1,0,1,1,1,1,0,1,-0.0336696,0.0250539,-0.0275635,0.544806,0.514823,0.586762,0.544158,0.557253
5875,1,1,1,1,1,1,0,1,1,1,1,0,1,-0.0388566,0.0184626,-0.0408893,0.544806,0.514824,0.586762,0.554343,0.559758
5876,0,0,0,0,0,0,1,1,1,1,1,0,1,-0.0571506,0.014444,-0.0511243,0.496828,0.513575,0.453656,0.525877,0.572768
5877,1,0,0,0,0,0,1,1,1,1,1,0,1,-0.0638657,0.00567118,-0.0630564,0.496828,0.514147,0.453656,0.549334,0.572326
5878,0,1,0,0,0,0,1,1,1,1,1,0,1,-0.0399305,0.0214642,-0.0341244,0.567149,0.515012,0.528957,0.548559,0.581304
5879,1,1,0,0,0,0,1,1,1,1,1,0,1,-0.0452574,0.0139073,-0.047805,0.567149,0.514854,0.528957,0.56837,0.580824
5880,0,0,1,0,0,0,1,1,1,1,1,0,1,-0.0573122,0.0143131,-0.0463986,0.483613,0.514342,0.453656,0.534574,0.579279
5881,1,0,1,0,0,0,1,1,1,1,1,0,1,-0.0636911,0.0066334,-0.0585436,0.483613,0.514529,0.453656,0.564822,0.579716
5882,0,1,1,0,0,0,1,1,1,1,1,0,1,-0.04088,0.0199906,-0.0323914,0.534744,0.514855,0.504229,0.554921,0.586882
5883,1,1,1,0,0,0,1,1,1,1,1,0,1,-0.046067,0.0133397,-0.0457172,0.534744,0.514809,0.504229,0.570865,0.587237
5884,0,0,0,1,0,0,1,1,1,1,1,0,1,-0.0543267,0.0160975,-0.047937,0.496828,0.514486,0.453656,0.555105,0.567365
5885,1,0,0,1,0,0,1,1,1,1,1,0,1,-0.061042,0.00735585,-0.0598692,0.496828,0.514664,0.453656,0.56036,0.568063
5886,0,1,0,1,0,0,1,1,1,1,1,0,1,-0.0366361,0.0233931,-0.0306363,0.567149,0.514932,0.528957,0.551647,0.576166
5887,1,1,0,1,0,0,1,1,1,1,1,0,1,-0.0419631,0.0158666,-0.0443171,0.567149,0.51488,0.528957,0.556841,0.576771
5888,0,0,1,1,0,0,1,1,1,1,1,0,1,-0.0549008,0.015032,-0.0448004,0.483613,0.514687,0.453656,0.550065,0.572294
5889,1,0,1,1,0,0,1,1,1,1,1,0,1,-0.0612798,0.00740043,-0.0569456,0.483613,0.514751,0.453656,0.558469,0.57427
5890,0,1,1,1,0,0,1,1,1,1,1,0,1,-0.0383698,0.0206137,-0.0294146,0.534744,0.514839,0.504229,0.54616,0.580063
5891,1,1,1,1,0,0,1,1,1,1,1,0,1,-0.0435568,0.0140037,-0.0427405,0.534744,0.514833,0.504229,0.557409,0.582016
5892,0,0,0,0,1,0,1,1,1,1,1,0,1,-0.0576418,0.013687,-0.0546112,0.496828,0.513961,0.443913,0.557511,0.559915
5893,1,0,0,0,1,0,1,1,1,1,1,0,1,-0.064357,0.00493005,-0.0665432,0.496828,0.514432,0.443913,0.563507,0.559937
5894,0,1,0,0,1,0,1,1,1,1,1,0,1,-0.0404218,0.0206983,-0.0376114,0.567149,0.514743,0.528957,0.564098,0.568982
5895,1,1,0,0,1,0,1,1,1,1,1,0,1,-0.0457487,0.0131549,-0.0512919,0.567149,0.514781,0.528957,0.578318,0.569118
5896,0,0,1,0,1,0,1,1,1,1,1,0,1,-0.0576904,0.0130719,-0.0500535,0.483613,0.514499,0.443913,0.56534,0.566377
5897,1,0,1,0,1,0,1,1,1,1,1,0,1,-0.0640693,0.00540764,-0.0621984,0.483613,0.514662,0.443913,0.57523,0.567229
5898,0,1,1,0,1,0,1,1,1,1,1,0,1,-0.0412582,0.0187462,-0.0360465,0.534744,0.51478,0.504229,0.569913,0.574807
5899,1,1,1,0,1,0,1,1,1,1,1,0,1,-0.0464452,0.012107,-0.0493721,0.534744,0.514797,0.504229,0.581691,0.575532
5900,0,0,0,1,1,0,1,1,1,1,1,0,1,-0.0554909,0.014319,-0.0508174,0.496828,0.514582,0.443913,0.561293,0.554045
5901,1,0,0,1,1,0,1,1,1,1,1,0,1,-0.0622062,0.00559049,-0.0627495,0.496828,0.514722,0.443913,0.566107,0.556383
5902,0,1,0,1,1,0,1,1,1,1,1,0,1,-0.0378004,0.0216042,-0.0335168,0.567149,0.514826,0.528957,0.556725,0.563247
5903,1,1,0,1,1,0,1,1,1,1,1,0,1,-0.0431273,0.0140889,-0.0471974,0.567149,0.51483,0.528957,0.566307,0.56441
5904,0,0,1,1,1,0,1,1,1,1,1,0,1,-0.0557465,0.0138864,-0.0476576,0.483613,0.51473,0.443913,0.564412,0.559362
5905,1,0,1,1,1,0,1,1,1,1,1,0,1,-0.0621255,0.00627023,-0.0598026,0.483613,0.51478,0.443913,0.571288,0.561245
5906,0,1,1,1,1,0,1,1,1,1,1,0,1,-0.0392156,0.019464,-0.0322719,0.534744,0.514815,0.504229,0.56233,0.567957
5907,1,1,1,1,1,0,1,1,1,1,1,0,1,-0.0444026,0.0128662,-0.0455977,0.534744,0.51482,0.504229,0.569599,0.569684
5908,0,0,0,0,0,1,1,1,1,1,1,0,1,-0.0557563,0.0164497,-0.0484128,0.496828,0.514572,0.480529,0.549004,0.565501
5909,1,0,0,0,0,1,1,1,1,1,1,0,1,-0.0624715,0.00768239,-0.0603449,0.496828,0.514621,0.480529,0.551862,0.560923
5910,0,1,0,0,0,1,1,1,1,1,1,0,1,-0.0385362,0.0234803,-0.0314127,0.567149,0.514913,0.541831,0.562766,0.573981
5911,1,1,0,0,0,1,1,1,1,1,1,0,1,-0.0438631,0.0159269,-0.0450935,0.567149,0.51483,0.541831,0.566228,0.57036
5912,0,0,1,0,0,1,1,1,1,1,1,0,1,-0.055918,0.0163299,-0.0436871,0.483613,0.514724,0.480529,0.55017,0.572501
5913,1,0,1,0,0,1,1,1,1,1,1,0,1,-0.0622969,0.00865754,-0.0558322,0.483613,0.514732,0.480529,0.555128,0.572507
5914,0,1,1,0,0,1,1,1,1,1,1,0,1,-0.0394857,0.0220156,-0.0296797,0.534744,0.514844,0.517103,0.542322,0.58008
5915,1,1,1,0,0,1,1,1,1,1,1,0,1,-0.0446727,0.0153701,-0.0430057,0.534744,0.514816,0.517103,0.553337,0.580049
5916,0,0,0,1,0,1,1,1,1,1,1,0,1,-0.0529464,0.0182912,-0.0446245,0.496828,0.51475,0.480529,0.551235,0.560981
5917,1,0,0,1,0,1,1,1,1,1,1,0,1,-0.0596617,0.00955544,-0.0565568,0.496828,0.514774,0.480529,0.550984,0.561375
5918,0,1,0,1,0,1,1,1,1,1,1,0,1,-0.0352557,0.0256014,-0.0273235,0.567149,0.514859,0.541831,0.542752,0.569402
5919,1,1,0,1,0,1,1,1,1,1,1,0,1,-0.0405826,0.0180785,-0.0410044,0.567149,0.514838,0.541831,0.543529,0.569723
5920,0,0,1,1,0,1,1,1,1,1,1,0,1,-0.0535205,0.0172333,-0.0414879,0.483613,0.514792,0.480529,0.547585,0.566643
5921,1,0,1,1,0,1,1,1,1,1,1,0,1,-0.0598995,0.0096093,-0.0536331,0.483613,0.514799,0.480529,0.552265,0.567677
5922,0,1,1,1,0,1,1,1,1,1,1,0,1,-0.0369893,0.0228248,-0.0261018,0.534744,0.514827,0.517103,0.539863,0.574425
5923,1,1,1,1,0,1,1,1,1,1,1,0,1,-0.0421764,0.0162203,-0.0394278,0.534744,0.514824,0.517103,0.548388,0.575348
5924,0,0,0,0,1,1,1,1,1,1,1,0,1,-0.0545566,0.0161559,-0.0508683,0.496828,0.514546,0.470787,0.552552,0.553811
5925,1,0,0,0,1,1,1,1,1,1,1,0,1,-0.0612719,0.00740662,-0.0628004,0.496828,0.514683,0.470787,0.565387,0.549976
5926,0,1,0,0,1,1,1,1,1,1,1,0,1,-0.0373363,0.0231755,-0.0338683,0.567149,0.514791,0.541831,0.557292,0.561073
5927,1,1,0,0,1,1,1,1,1,1,1,0,1,-0.0426632,0.015637,-0.047549,0.567149,0.514802,0.541831,0.572171,0.557642
5928,0,0,1,0,1,1,1,1,1,1,1,0,1,-0.0546051,0.015549,-0.0463107,0.483613,0.514718,0.470787,0.554774,0.56072
5929,1,0,1,0,1,1,1,1,1,1,1,0,1,-0.0609841,0.00789243,-0.0584556,0.483613,0.514764,0.470787,0.568814,0.561652
5930,0,1,1,0,1,1,1,1,1,1,1,0,1,-0.0381727,0.0212296,-0.0323034,0.534744,0.514806,0.517103,0.551748,0.568171
5931,1,1,1,0,1,1,1,1,1,1,1,0,1,-0.0433597,0.0145959,-0.0456292,0.534744,0.51481,0.517103,0.566571,0.568664
5932,0,0,0,1,1,1,1,1,1,1,1,0,1,-0.0526398,0.0170777,-0.0462397,0.496828,0.514734,0.470787,0.550488,0.556718
5933,1,0,0,1,1,1,1,1,1,1,1,0,1,-0.0593552,0.00835469,-0.0581719,0.496828,0.514781,0.470787,0.560981,0.555392
5934,0,1,0,1,1,1,1,1,1,1,1,0,1,-0.034949,0.0243747,-0.0289389,0.567149,0.514816,0.541831,0.544027,0.561774
5935,1,1,0,1,1,1,1,1,1,1,1,0,1,-0.0402759,0.0168618,-0.0426197,0.567149,0.51482,0.541831,0.554795,0.562043
5936,0,0,1,1,1,1,1,1,1,1,1,0,1,-0.0528954,0.0166508,-0.0430799,0.483613,0.514788,0.470787,0.552031,0.560361
5937,1,0,1,1,1,1,1,1,1,1,1,0,1,-0.0592744,0.00903917,-0.055225,0.483613,0.514804,0.470787,0.563218,0.562539
5938,0,1,1,1,1,1,1,1,1,1,1,0,1,-0.0363642,0.0222362,-0.027694,0.534744,0.514816,0.517103,0.54651,0.564929
5939,1,1,1,1,1,1,1,1,1,1,1,0,1,-0.0415512,0.0156407,-0.0410199,0.534744,0.514819,0.517103,0.558515,0.566848
5940,1,0,0,0,0,0,0,0,0,0,0,1,1,-0.055919,0.00632696,-0.0642703,0.564061,0.516166,0.540479,0.505418,0.563904
5941,0,1,0,0,0,0,0,0,0,0,0,1,1,-0.0319824,0.0221159,-0.035338,0.620169,0.566637,0.615756,0.573494,0.582377
5942,1,1,0,0,0,0,0,0,0,0,0,1,1,-0.0373096,0.0145713,-0.0490188,0.610672,0.535286,0.615756,0.569537,0.569905
5943,0,0,1,0,0,0,0,0,0,0,0,1,1,-0.0493649,0.01495,-0.0476127,0.560343,0.517239,0.540479,0.530049,0.596277
5944,1,0,1,0,0,0,0,0,0,0,0,1,1,-0.055744,0.00728843,-0.0597575,0.550846,0.512931,0.540479,0.533916,0.58509
5945,0,1,1,0,0,0,0,0,0,0,0,1,1,-0.0329319,0.020635,-0.0336052,0.587764,0.53078,0.591028,0.555543,0.600426
5946,1,1,1,0,0,0,0,0,0,0,0,1,1,-0.0381192,0.0140018,-0.0469311,0.578267,0.520811,0.591028,0.55806,0.589715
5947,0,0,0,1,0,0,0,0,0,0,0,1,1,-0.0463797,0.0167883,-0.0491511,0.573558,0.519038,0.540479,0.551359,0.585399
5948,1,0,0,1,0,0,0,0,0,0,0,1,1,-0.0530952,0.00805764,-0.0610832,0.564061,0.515739,0.540479,0.538175,0.575915
5949,0,1,0,1,0,0,0,0,0,0,0,1,1,-0.0286878,0.0240865,-0.0318501,0.620169,0.534931,0.615756,0.568399,0.593061
5950,1,1,0,1,0,0,0,0,0,0,0,1,1,-0.0340151,0.0165722,-0.045531,0.610672,0.52378,0.615756,0.568601,0.582637
5951,0,0,1,1,0,0,0,0,0,0,0,1,1,-0.0469535,0.0157117,-0.0460145,0.560343,0.515311,0.540479,0.560064,0.594206
5952,1,0,1,1,0,0,0,0,0,0,0,1,1,-0.0533326,0.00809827,-0.0581594,0.550846,0.514394,0.540479,0.550353,0.59315
5953,0,1,1,1,0,0,0,0,0,0,0,1,1,-0.0304216,0.0212975,-0.0306285,0.587764,0.520169,0.591028,0.566747,0.600534
5954,1,1,1,1,0,0,0,0,0,0,0,1,1,-0.0356089,0.0147053,-0.0439544,0.578267,0.517362,0.591028,0.57359,0.600269
5955,0,0,0,0,1,0,0,0,0,0,0,1,1,-0.0492344,0.0148295,-0.0560296,0.573558,0.521892,0.530737,0.484282,0.564529
5956,1,0,0,0,1,0,0,0,0,0,0,1,1,-0.0559498,0.00608259,-0.0679613,0.564061,0.516677,0.530737,0.484778,0.552303
5957,0,1,0,0,1,0,0,0,0,0,0,1,1,-0.0320131,0.0218479,-0.0390294,0.620169,0.534608,0.615756,0.52137,0.57143
5958,1,1,0,0,1,0,0,0,0,0,0,1,1,-0.0373403,0.0143164,-0.05271,0.610672,0.522762,0.615756,0.528898,0.559957
5959,0,0,1,0,1,0,0,0,0,0,0,1,1,-0.0492826,0.0142023,-0.0514719,0.560343,0.516976,0.530737,0.516956,0.583296
5960,1,0,1,0,1,0,0,0,0,0,0,1,1,-0.0556617,0.00655535,-0.0636165,0.550846,0.51471,0.530737,0.517618,0.573541
5961,0,1,1,0,1,0,0,0,0,0,0,1,1,-0.0328496,0.0198844,-0.0374645,0.587764,0.521108,0.591028,0.536738,0.59024
5962,1,1,1,0,1,0,0,0,0,0,0,1,1,-0.0380368,0.0132625,-0.0507902,0.578267,0.517221,0.591028,0.546251,0.580558
5963,0,0,0,1,1,0,0,0,0,0,0,1,1,-0.0470834,0.0155112,-0.0522358,0.573558,0.517962,0.530737,0.509743,0.569537
5964,1,0,0,1,1,0,0,0,0,0,0,1,1,-0.0537989,0.00679272,-0.0641677,0.564061,0.515817,0.530737,0.50149,0.562619
5965,0,1,0,1,1,0,0,0,0,0,0,1,1,-0.0293917,0.022799,-0.0349349,0.620169,0.523411,0.615756,0.538737,0.579714
5966,1,1,0,1,1,0,0,0,0,0,0,1,1,-0.0347189,0.0152954,-0.0486156,0.610672,0.518582,0.615756,0.537026,0.570824
5967,0,0,1,1,1,0,0,0,0,0,0,1,1,-0.0473387,0.0150649,-0.049076,0.560343,0.51571,0.530737,0.522191,0.578406
5968,1,0,1,1,1,0,0,0,0,0,0,1,1,-0.0537178,0.007466,-0.0612208,0.550846,0.514947,0.530737,0.516507,0.577845
5969,0,1,1,1,1,0,0,0,0,0,0,1,1,-0.0308069,0.0206468,-0.0336901,0.587764,0.517303,0.591028,0.528781,0.587854
5970,1,1,1,1,1,0,0,0,0,0,0,1,1,-0.0359942,0.0140663,-0.0470159,0.578267,0.515953,0.591028,0.533449,0.587704
5971,0,0,0,0,0,1,0,0,0,0,0,1,1,-0.0493669,0.0174925,-0.0500902,0.573558,0.53169,0.554479,0.575828,0.556003
5972,1,0,0,0,0,1,0,0,0,0,0,1,1,-0.0560822,0.00873529,-0.0620222,0.564061,0.519068,0.554479,0.551771,0.544827
5973,0,1,0,0,0,1,0,0,0,0,0,1,1,-0.0321456,0.0245283,-0.0330897,0.620169,0.535071,0.615756,0.59151,0.562419
5974,1,1,0,0,0,1,0,0,0,0,0,1,1,-0.0374728,0.0169866,-0.0467706,0.610672,0.522486,0.615756,0.588051,0.552986
5975,0,0,1,0,0,1,0,0,0,0,0,1,1,-0.0495281,0.0173662,-0.0453646,0.560343,0.520572,0.554479,0.538252,0.576312
5976,1,0,1,0,0,1,0,0,0,0,0,1,1,-0.0559072,0.00971213,-0.0575094,0.550846,0.5156,0.554479,0.531221,0.564838
5977,0,1,1,0,0,1,0,0,0,0,0,1,1,-0.0330951,0.0230576,-0.031357,0.587764,0.521446,0.591028,0.556554,0.582032
5978,1,1,1,0,0,1,0,0,0,0,0,1,1,-0.0382824,0.01643,-0.0446829,0.578267,0.517186,0.591028,0.561067,0.571568
5979,0,0,0,1,0,1,0,0,0,0,0,1,1,-0.0465568,0.0193834,-0.046302,0.573558,0.520757,0.554479,0.561803,0.566146
5980,1,0,0,1,0,1,0,0,0,0,0,1,1,-0.0532723,0.0106578,-0.0582341,0.564061,0.516486,0.554479,0.543727,0.554517
5981,0,1,0,1,0,1,0,0,0,0,0,1,1,-0.0288649,0.0266947,-0.0290008,0.620169,0.522418,0.615756,0.576179,0.573085
5982,1,1,0,1,0,1,0,0,0,0,0,1,1,-0.0341922,0.0191834,-0.0426817,0.610672,0.518084,0.615756,0.574468,0.562224
5983,0,0,1,1,0,1,0,0,0,0,0,1,1,-0.0471305,0.018316,-0.0431654,0.560343,0.516743,0.554479,0.536182,0.584047
5984,1,0,1,1,0,1,0,0,0,0,0,1,1,-0.0535097,0.0107104,-0.0553103,0.550846,0.515197,0.554479,0.530669,0.574849
5985,0,1,1,1,0,1,0,0,0,0,0,1,1,-0.0305986,0.0239101,-0.0277792,0.587764,0.517026,0.591028,0.547318,0.590899
5986,1,1,1,1,0,1,0,0,0,0,0,1,1,-0.035786,0.0173235,-0.0411052,0.578267,0.515803,0.591028,0.5474,0.581845
5987,0,0,0,0,1,1,0,0,0,0,0,1,1,-0.0467721,0.0174715,-0.0529396,0.573558,0.520805,0.544737,0.568237,0.540745
5988,1,0,0,0,1,1,0,0,0,0,0,1,1,-0.0534876,0.00873192,-0.0648714,0.564061,0.516482,0.544737,0.551321,0.538554
5989,0,1,0,0,1,1,0,0,0,0,0,1,1,-0.0295505,0.0244958,-0.0359392,0.620169,0.522253,0.615756,0.591046,0.550249
5990,1,1,0,0,1,1,0,0,0,0,0,1,1,-0.0348777,0.0169688,-0.0496199,0.610672,0.5177,0.615756,0.576144,0.545079
5991,0,0,1,0,1,1,0,0,0,0,0,1,1,-0.0468202,0.016854,-0.0483819,0.560343,0.516905,0.544737,0.56195,0.56302
5992,1,0,1,0,1,1,0,0,0,0,0,1,1,-0.0531994,0.00921525,-0.0605266,0.550846,0.51515,0.544737,0.544469,0.552482
5993,0,1,1,0,1,1,0,0,0,0,0,1,1,-0.0303869,0.02254,-0.0343744,0.587764,0.517278,0.591028,0.574499,0.570214
5994,1,1,1,0,1,1,0,0,0,0,0,1,1,-0.0355742,0.0159239,-0.0477002,0.578267,0.515718,0.591028,0.570204,0.560499
5995,0,0,0,1,1,1,0,0,0,0,0,1,1,-0.0448554,0.0184432,-0.048311,0.573558,0.51711,0.544737,0.559416,0.551522
5996,1,0,0,1,1,1,0,0,0,0,0,1,1,-0.051571,0.00972989,-0.060243,0.564061,0.515505,0.544737,0.545492,0.53786
5997,0,1,0,1,1,1,0,0,0,0,0,1,1,-0.0271633,0.0257405,-0.03101,0.620169,0.517913,0.615756,0.581478,0.559607
5998,1,1,0,1,1,1,0,0,0,0,0,1,1,-0.0324905,0.018239,-0.0446907,0.610672,0.516143,0.615756,0.57019,0.548448
5999,0,0,1,1,1,1,0,0,0,0,0,1,1,-0.0451106,0.0180043,-0.0451512,0.560343,0.515589,0.544737,0.552458,0.568199
6000,1,0,1,1,1,1,0,0,0,0,0,1,1,-0.0514898,0.0104105,-0.057296,0.550846,0.514992,0.544737,0.541364,0.560951
6001,0,1,1,1,1,1,0,0,0,0,0,1,1,-0.0285785,0.0235919,-0.0297652,0.587764,0.515757,0.591028,0.570177,0.577549
6002,1,1,1,1,1,1,0,0,0,0,0,1,1,-0.0337658,0.0170139,-0.043091,0.578267,0.515232,0.591028,0.566796,0.569257
6003,0,0,0,0,0,0,1,0,0,0,0,1,1,-0.0507464,0.0137622,-0.0525136,0.546694,0.514596,0.502066,0.511165,0.572332
6004,1,0,0,0,0,0,1,0,0,0,0,1,1,-0.0574617,0.00499687,-0.0644457,0.537197,0.512979,0.502066,0.522551,0.559626
6005,0,1,0,0,0,0,1,0,0,0,0,1,1,-0.0335253,0.0207932,-0.0355133,0.60195,0.530363,0.584308,0.537733,0.57617
6006,1,1,0,0,0,0,1,0,0,0,0,1,1,-0.0388525,0.0132461,-0.049194,0.592453,0.5207,0.584308,0.540253,0.564256
6007,0,0,1,0,0,0,1,0,0,0,0,1,1,-0.0509077,0.0136306,-0.047788,0.533479,0.513975,0.502066,0.509174,0.590815
6008,1,0,1,0,0,0,1,0,0,0,0,1,1,-0.0572867,0.00596653,-0.0599329,0.523982,0.513206,0.502066,0.521566,0.579568
6009,0,1,1,0,0,0,1,0,0,0,0,1,1,-0.0344748,0.0193178,-0.0337804,0.569545,0.519372,0.55958,0.516598,0.593748
6010,1,1,1,0,0,0,1,0,0,0,0,1,1,-0.0396621,0.0126834,-0.0471063,0.560048,0.516379,0.55958,0.522449,0.583376
6011,0,0,0,1,0,0,1,0,0,0,0,1,1,-0.0479224,0.0154466,-0.0493264,0.546694,0.514692,0.502066,0.530609,0.582594
6012,1,0,0,1,0,0,1,0,0,0,0,1,1,-0.0546379,0.00671243,-0.0612585,0.537197,0.51427,0.502066,0.52676,0.571474
6013,0,1,0,1,0,0,1,0,0,0,0,1,1,-0.0302308,0.022749,-0.0320252,0.60195,0.52072,0.584308,0.529492,0.588147
6014,1,1,0,1,0,0,1,0,0,0,0,1,1,-0.035558,0.015232,-0.0457061,0.592453,0.51738,0.584308,0.529492,0.577761
6015,0,0,1,1,0,0,1,0,0,0,0,1,1,-0.0484962,0.0143818,-0.0461897,0.533479,0.514382,0.502066,0.534491,0.59768
6016,1,0,1,1,0,0,1,0,0,0,0,1,1,-0.0548754,0.00676573,-0.0583347,0.523982,0.514326,0.502066,0.52905,0.590099
6017,0,1,1,1,0,0,1,0,0,0,0,1,1,-0.0319645,0.0199708,-0.0308036,0.569545,0.51624,0.55958,0.527681,0.603797
6018,1,1,1,1,0,0,1,0,0,0,0,1,1,-0.0371518,0.0133773,-0.0441295,0.560048,0.515476,0.55958,0.529057,0.595855
6019,0,0,0,0,1,0,1,0,0,0,0,1,1,-0.0512375,0.012973,-0.0560006,0.546694,0.514819,0.492324,0.521752,0.560664
6020,1,0,0,0,1,0,1,0,0,0,0,1,1,-0.057953,0.00422358,-0.0679325,0.537197,0.514319,0.492324,0.513423,0.54921
6021,1,1,0,0,1,0,1,0,0,0,0,1,1,-0.0393438,0.0124614,-0.0526809,0.592453,0.517063,0.584308,0.540433,0.556217
6022,0,0,1,0,1,0,1,0,0,0,0,1,1,-0.0512859,0.0123576,-0.0514429,0.533479,0.51465,0.492324,0.527515,0.579483
6023,1,0,1,0,1,0,1,0,0,0,0,1,1,-0.057665,0.00470896,-0.0635876,0.523982,0.514322,0.492324,0.522273,0.569306
6024,0,1,1,0,1,0,1,0,0,0,0,1,1,-0.0348531,0.0180415,-0.0374355,0.569545,0.51658,0.55958,0.528637,0.585289
6025,1,1,1,0,1,0,1,0,0,0,0,1,1,-0.0400404,0.0114188,-0.0507612,0.560048,0.515441,0.55958,0.536594,0.57593
6026,0,0,0,1,1,0,1,0,0,0,0,1,1,-0.0490867,0.013636,-0.0522067,0.546694,0.515042,0.492324,0.516032,0.56944
6027,1,0,0,1,1,0,1,0,0,0,0,1,1,-0.0558022,0.00491501,-0.0641388,0.537197,0.514744,0.492324,0.504297,0.559215
6028,0,1,0,1,1,0,1,0,0,0,0,1,1,-0.0313953,0.0209279,-0.0349058,0.60195,0.517357,0.584308,0.536045,0.576479
6029,1,1,0,1,1,0,1,0,0,0,0,1,1,-0.0367225,0.0134222,-0.0485865,0.592453,0.515907,0.584308,0.526413,0.566882
6030,0,0,1,1,1,0,1,0,0,0,0,1,1,-0.0493421,0.0132031,-0.0490469,0.533479,0.514804,0.492324,0.532524,0.583736
6031,1,0,1,1,1,0,1,0,0,0,0,1,1,-0.0557212,0.00560257,-0.0611918,0.523982,0.5147,0.492324,0.522313,0.577979
6032,0,1,1,1,1,0,1,0,0,0,0,1,1,-0.0328105,0.018788,-0.0336609,0.569545,0.515507,0.55958,0.543585,0.591937
6033,1,1,1,1,1,0,1,0,0,0,0,1,1,-0.0379978,0.0122067,-0.0469867,0.560048,0.515125,0.55958,0.534675,0.584953
6034,0,0,0,0,0,1,1,0,0,0,0,1,1,-0.0498695,0.0153409,-0.0509198,0.546694,0.519095,0.516066,0.554937,0.553105
6035,1,0,0,0,0,1,1,0,0,0,0,1,1,-0.0565848,0.00658031,-0.0628519,0.537197,0.51542,0.516066,0.553091,0.550257
6036,0,1,0,0,0,1,1,0,0,0,0,1,1,-0.0326483,0.0223798,-0.0339193,0.60195,0.521127,0.584308,0.580643,0.558626
6037,1,1,0,0,0,1,1,0,0,0,0,1,1,-0.0379755,0.0148351,-0.0476002,0.592453,0.51708,0.584308,0.580643,0.555328
6038,0,0,1,0,0,1,1,0,0,0,0,1,1,-0.0500307,0.0152179,-0.0461942,0.533479,0.516219,0.516066,0.528222,0.571869
6039,1,0,1,0,0,1,1,0,0,0,0,1,1,-0.0564098,0.00755899,-0.0583391,0.523982,0.514731,0.516066,0.525888,0.561013
6040,0,1,1,0,0,1,1,0,0,0,0,1,1,-0.0335979,0.0209117,-0.0321865,0.569545,0.516826,0.55958,0.541259,0.577054
6041,1,1,1,0,0,1,1,0,0,0,0,1,1,-0.0387851,0.0142806,-0.0455124,0.560048,0.51547,0.55958,0.541259,0.566908
6042,0,0,0,1,0,1,1,0,0,0,0,1,1,-0.0470594,0.0172154,-0.0471316,0.546694,0.516319,0.516066,0.544908,0.562412
6043,1,0,0,1,0,1,1,0,0,0,0,1,1,-0.0537749,0.00848637,-0.0590638,0.537197,0.515072,0.516066,0.542551,0.551363
6044,0,1,0,1,0,1,1,0,0,0,0,1,1,-0.0293677,0.0245298,-0.0298303,0.60195,0.517154,0.584308,0.566727,0.568951
6045,1,1,0,1,0,1,1,0,0,0,0,1,1,-0.0346949,0.0170156,-0.0435112,0.592453,0.51578,0.584308,0.566727,0.558682
6046,0,0,1,1,0,1,1,0,0,0,0,1,1,-0.0476332,0.0161543,-0.043995,0.533479,0.515275,0.516066,0.540585,0.580297
6047,1,0,1,1,0,1,1,0,0,0,0,1,1,-0.0540123,0.00854382,-0.0561399,0.523982,0.514822,0.516066,0.540585,0.570788
6048,0,1,1,1,0,1,1,0,0,0,0,1,1,-0.0311014,0.0217513,-0.0286086,0.569545,0.515462,0.55958,0.537494,0.586124
6049,1,1,1,1,0,1,1,0,0,0,0,1,1,-0.0362887,0.015161,-0.0419346,0.560048,0.515089,0.55958,0.537494,0.577417
6050,0,0,0,0,1,1,1,0,0,0,0,1,1,-0.0486696,0.0150098,-0.0533755,0.546694,0.515641,0.506324,0.571181,0.544594
6051,1,0,0,0,1,1,1,0,0,0,0,1,1,-0.055385,0.00626744,-0.0653074,0.537197,0.514831,0.506324,0.553807,0.545132
6052,0,1,0,0,1,1,1,0,0,0,0,1,1,-0.0314483,0.0220378,-0.036375,0.60195,0.516923,0.584308,0.593017,0.550461
6053,1,1,0,0,1,1,1,0,0,0,0,1,1,-0.0367755,0.0145081,-0.0500558,0.592453,0.515596,0.584308,0.591763,0.550829
6054,0,0,1,0,1,1,1,0,0,0,0,1,1,-0.0487178,0.0143994,-0.0488178,0.533479,0.515077,0.506324,0.538765,0.559577
6055,1,0,1,0,1,1,1,0,0,0,0,1,1,-0.0550969,0.00675644,-0.0609626,0.523982,0.514712,0.506324,0.536574,0.550266
6056,0,1,1,0,1,1,1,0,0,0,0,1,1,-0.0322848,0.0200882,-0.0348102,0.569545,0.515489,0.55958,0.555908,0.566393
6057,1,1,1,0,1,1,1,0,0,0,0,1,1,-0.037472,0.0134689,-0.048136,0.560048,0.515041,0.55958,0.555908,0.557808
6058,0,0,0,1,1,1,1,0,0,0,0,1,1,-0.0467529,0.0159629,-0.0487469,0.546694,0.515167,0.506324,0.55003,0.546924
6059,1,0,0,1,1,1,1,0,0,0,0,1,1,-0.0534684,0.00724682,-0.060679,0.537197,0.51485,0.506324,0.533693,0.543688
6060,0,1,0,1,1,1,1,0,0,0,0,1,1,-0.0290611,0.0232642,-0.0314457,0.60195,0.51571,0.584308,0.578287,0.556506
6061,1,1,0,1,1,1,1,0,0,0,0,1,1,-0.0343883,0.01576,-0.0451265,0.592453,0.515189,0.584308,0.569246,0.549658
6062,0,0,1,1,1,1,1,0,0,0,0,1,1,-0.0470081,0.0155313,-0.045587,0.533479,0.51492,0.506324,0.549978,0.566568
6063,1,0,1,1,1,1,1,0,0,0,0,1,1,-0.0533873,0.0079333,-0.0577319,0.523982,0.5148,0.506324,0.538721,0.557968
6064,0,1,1,1,1,1,1,0,0,0,0,1,1,-0.0304763,0.0211222,-0.0302009,0.569545,0.515074,0.55958,0.549978,0.573774
6065,1,1,1,1,1,1,1,0,0,0,0,1,1,-0.0356636,0.014541,-0.0435268,0.560048,0.514927,0.55958,0.549978,0.565808
6066,0,0,0,0,0,0,0,1,0,0,0,1,1,-0.0464432,0.0171195,-0.0508651,0.565401,0.519765,0.540479,0.513328,0.593006
6067,1,0,0,0,0,0,0,1,0,0,0,1,1,-0.0531585,0.00835184,-0.062797,0.555904,0.515716,0.540479,0.502571,0.581543
6068,0,1,0,0,0,0,0,1,0,0,0,1,1,-0.0292222,0.0241403,-0.0338649,0.612012,0.534623,0.620768,0.540834,0.596862
6069,1,1,0,0,0,0,0,1,0,0,0,1,1,-0.0345493,0.016589,-0.0475456,0.602515,0.522732,0.620768,0.530025,0.58597
6070,0,0,1,0,0,0,0,1,0,0,0,1,1,-0.0466045,0.0169775,-0.0461394,0.552186,0.515899,0.540479,0.532654,0.602058
6071,1,0,1,0,0,0,0,1,0,0,0,1,1,-0.0529834,0.00930576,-0.0582842,0.542689,0.514279,0.540479,0.525748,0.599965
6072,0,1,1,0,0,0,0,1,0,0,0,1,1,-0.0301717,0.0226572,-0.0321321,0.579607,0.520974,0.59604,0.545196,0.602253
6073,1,1,1,0,0,0,0,1,0,0,0,1,1,-0.0353589,0.0160143,-0.045458,0.57011,0.517172,0.59604,0.548572,0.602563
6074,0,0,0,1,0,0,0,1,0,0,0,1,1,-0.0436192,0.0188062,-0.0476779,0.565401,0.516583,0.540479,0.524884,0.596045
6075,1,0,0,1,0,0,0,1,0,0,0,1,1,-0.0503346,0.0100698,-0.0596099,0.555904,0.515304,0.540479,0.51193,0.591867
6076,0,1,0,1,0,0,0,1,0,0,0,1,1,-0.0259277,0.0260994,-0.0303769,0.612012,0.522534,0.620768,0.545007,0.603824
6077,1,1,0,1,0,0,0,1,0,0,0,1,1,-0.0312549,0.0185786,-0.0440578,0.602515,0.518279,0.620768,0.535557,0.598433
6078,0,0,1,1,0,0,0,1,0,0,0,1,1,-0.044193,0.017725,-0.0445413,0.552186,0.51508,0.540479,0.522867,0.595474
6079,1,0,1,1,0,0,0,1,0,0,0,1,1,-0.050572,0.0101015,-0.0566862,0.542689,0.514719,0.540479,0.513563,0.603318
6080,0,1,1,1,0,0,0,1,0,0,0,1,1,-0.0276614,0.0233066,-0.0291553,0.579607,0.516905,0.59604,0.539201,0.598327
6081,1,1,1,1,0,0,0,1,0,0,0,1,1,-0.0328486,0.0167046,-0.0424813,0.57011,0.515818,0.59604,0.54195,0.604755
6082,0,0,0,0,1,0,0,1,0,0,0,1,1,-0.046474,0.0168763,-0.0545563,0.565401,0.517597,0.530737,0.507387,0.58139
6083,1,0,0,0,1,0,0,1,0,0,0,1,1,-0.0531893,0.00812343,-0.066488,0.555904,0.515648,0.530737,0.503577,0.57087
6084,0,1,0,0,1,0,0,1,0,0,0,1,1,-0.029253,0.0238884,-0.0375561,0.612012,0.522346,0.620768,0.525921,0.588019
6085,1,1,0,0,1,0,0,1,0,0,0,1,1,-0.0345801,0.0163501,-0.0512368,0.602515,0.517873,0.620768,0.528317,0.578241
6086,0,0,1,0,1,0,0,1,0,0,0,1,1,-0.0465222,0.0162453,-0.0499986,0.552186,0.51568,0.530737,0.516246,0.594592
6087,1,0,1,0,1,0,0,1,0,0,0,1,1,-0.0529012,0.0085881,-0.0621433,0.542689,0.514835,0.530737,0.517605,0.589874
6088,0,1,1,0,1,0,0,1,0,0,0,1,1,-0.0300894,0.0219221,-0.0359913,0.579607,0.517226,0.59604,0.535838,0.602604
6089,1,1,1,0,1,0,0,1,0,0,0,1,1,-0.0352766,0.0152904,-0.0493171,0.57011,0.515754,0.59604,0.539319,0.596617
6090,0,0,0,1,1,0,0,1,0,0,0,1,1,-0.044323,0.0175458,-0.0507626,0.565401,0.516049,0.530737,0.499358,0.58094
6091,1,0,0,1,1,0,0,1,0,0,0,1,1,-0.0510384,0.00882147,-0.0626944,0.555904,0.515239,0.530737,0.495495,0.579715
6092,0,1,0,1,1,0,0,1,0,0,0,1,1,-0.0266316,0.0248287,-0.0334617,0.612012,0.518081,0.620768,0.515151,0.590943
6093,1,1,0,1,1,0,0,1,0,0,0,1,1,-0.0319587,0.0173184,-0.0471424,0.602515,0.516258,0.620768,0.517906,0.58752
6094,0,0,1,1,1,0,0,1,0,0,0,1,1,-0.0445784,0.0170951,-0.0476028,0.552186,0.515175,0.530737,0.505794,0.588542
6095,1,0,1,1,1,0,0,1,0,0,0,1,1,-0.0509573,0.00948604,-0.0597475,0.542689,0.514886,0.530737,0.506848,0.588944
6096,0,1,1,1,1,0,0,1,0,0,0,1,1,-0.0280468,0.0226728,-0.0322169,0.579607,0.515771,0.59604,0.51995,0.597564
6097,1,1,1,1,1,0,0,1,0,0,0,1,1,-0.033234,0.0160825,-0.0455427,0.57011,0.515257,0.59604,0.526458,0.598135
6098,0,0,0,0,0,1,0,1,0,0,0,1,1,-0.0464876,0.0196131,-0.0473527,0.565401,0.5212,0.554479,0.531294,0.574271
6099,1,0,0,0,0,1,0,1,0,0,0,1,1,-0.0532028,0.0108512,-0.0592847,0.555904,0.516527,0.554479,0.505124,0.562841
6100,0,1,0,0,0,1,0,1,0,0,0,1,1,-0.0292665,0.0266441,-0.0303522,0.612012,0.522518,0.620768,0.557671,0.580384
6101,1,1,0,0,0,1,0,1,0,0,0,1,1,-0.0345936,0.0190969,-0.0440331,0.602515,0.517772,0.620768,0.544813,0.56968
6102,0,0,1,0,0,1,0,1,0,0,0,1,1,-0.0466488,0.0194846,-0.042627,0.552186,0.517002,0.554479,0.539794,0.592346
6103,1,0,1,0,0,1,0,1,0,0,0,1,1,-0.0530277,0.011822,-0.0547719,0.542689,0.515163,0.554479,0.518363,0.58256
6104,0,1,1,0,0,1,0,1,0,0,0,1,1,-0.030216,0.0251718,-0.0286194,0.579607,0.517353,0.59604,0.542819,0.597395
6105,1,1,1,0,0,1,0,1,0,0,0,1,1,-0.0354032,0.0185361,-0.0419455,0.57011,0.515742,0.59604,0.543309,0.588118
6106,0,0,0,1,0,1,0,1,0,0,0,1,1,-0.0436775,0.0214941,-0.0435644,0.565401,0.517078,0.554479,0.534162,0.582887
6107,1,0,0,1,0,1,0,1,0,0,0,1,1,-0.0503928,0.0127638,-0.0554966,0.555904,0.515485,0.554479,0.516086,0.572961
6108,0,1,0,1,0,1,0,1,0,0,0,1,1,-0.0259858,0.0288017,-0.0262632,0.612012,0.517719,0.620768,0.548136,0.589496
6109,1,1,0,1,0,1,0,1,0,0,0,1,1,-0.031313,0.021285,-0.0399442,0.602515,0.516076,0.620768,0.53368,0.580305
6110,0,0,1,1,0,1,0,1,0,0,0,1,1,-0.0442512,0.0204232,-0.0404278,0.552186,0.515555,0.554479,0.53824,0.594972
6111,1,0,1,1,0,1,0,1,0,0,0,1,1,-0.0506302,0.0128091,-0.0525728,0.542689,0.514978,0.554479,0.525411,0.591043
6112,0,1,1,1,0,1,0,1,0,0,0,1,1,-0.0277195,0.0260141,-0.0250416,0.579607,0.51567,0.59604,0.541528,0.60285
6113,1,1,1,1,0,1,0,1,0,0,0,1,1,-0.0329068,0.0194194,-0.0383677,0.57011,0.515203,0.59604,0.539372,0.597714
6114,0,0,0,0,1,1,0,1,0,0,0,1,1,-0.0438929,0.0196064,-0.0502021,0.565401,0.517084,0.544737,0.534125,0.561937
6115,1,0,0,0,1,1,0,1,0,0,0,1,1,-0.0506082,0.010862,-0.0621339,0.555904,0.515484,0.544737,0.516232,0.551036
6116,0,1,0,0,1,1,0,1,0,0,0,1,1,-0.0266715,0.0266259,-0.0332017,0.612012,0.517637,0.620768,0.566288,0.569493
6117,1,1,0,0,1,1,0,1,0,0,0,1,1,-0.0319986,0.0190934,-0.0468824,0.602515,0.515925,0.620768,0.554839,0.559856
6118,0,0,1,0,1,1,0,1,0,0,0,1,1,-0.043941,0.0189863,-0.0456444,0.552186,0.515611,0.544737,0.527352,0.58026
6119,1,0,1,0,1,1,0,1,0,0,0,1,1,-0.05032,0.011339,-0.0577891,0.542689,0.514961,0.544737,0.51153,0.571244
6120,0,1,1,0,1,1,0,1,0,0,0,1,1,-0.0275078,0.0246681,-0.0316369,0.579607,0.515756,0.59604,0.547588,0.587066
6121,1,1,1,0,1,1,0,1,0,0,0,1,1,-0.0326951,0.0180439,-0.0449628,0.57011,0.515168,0.59604,0.539229,0.578855
6122,0,0,0,1,1,1,0,1,0,0,0,1,1,-0.0419761,0.0205686,-0.0455735,0.565401,0.515688,0.544737,0.516243,0.569128
6123,1,0,0,1,1,1,0,1,0,0,0,1,1,-0.0486915,0.0118504,-0.0575055,0.555904,0.515091,0.544737,0.502318,0.56016
6124,0,1,0,1,1,1,0,1,0,0,0,1,1,-0.0242842,0.0278622,-0.0282724,0.612012,0.515991,0.620768,0.546359,0.577177
6125,1,1,0,1,1,1,0,1,0,0,0,1,1,-0.0296114,0.0203553,-0.0419533,0.602515,0.515325,0.620768,0.534447,0.5688
6126,0,0,1,1,1,1,0,1,0,0,0,1,1,-0.0422313,0.0201271,-0.0424137,0.552186,0.515113,0.544737,0.523365,0.580397
6127,1,0,1,1,1,1,0,1,0,0,0,1,1,-0.0486104,0.0125248,-0.0545585,0.542689,0.51489,0.544737,0.511834,0.578302
6128,0,1,1,1,1,1,0,1,0,0,0,1,1,-0.0256994,0.0257115,-0.0270276,0.579607,0.515177,0.59604,0.538915,0.589198
6129,1,1,1,1,1,1,0,1,0,0,0,1,1,-0.0308866,0.0191255,-0.0403536,0.57011,0.514979,0.59604,0.529014,0.586226
6130,0,0,0,0,0,0,1,1,0,0,0,1,1,-0.0486929,0.0149047,-0.0505494,0.546694,0.514917,0.502066,0.546741,0.588227
6131,1,0,0,0,0,0,1,1,0,0,0,1,1,-0.0554081,0.0061336,-0.0624814,0.537197,0.514305,0.502066,0.527677,0.576906
6132,0,1,0,0,0,0,1,1,0,0,0,1,1,-0.0314721,0.0219296,-0.033549,0.60195,0.520793,0.58932,0.546191,0.591485
6133,1,1,0,0,0,0,1,1,0,0,0,1,1,-0.0367992,0.0143762,-0.0472298,0.592453,0.517121,0.58932,0.545981,0.581079
6134,0,0,1,0,0,0,1,1,0,0,0,1,1,-0.0488543,0.0147701,-0.0458237,0.533479,0.514578,0.502066,0.534456,0.604179
6135,1,0,1,0,0,0,1,1,0,0,0,1,1,-0.0552332,0.00709662,-0.0579686,0.523982,0.514288,0.502066,0.518053,0.594594
6136,0,1,1,0,0,0,1,1,0,0,0,1,1,-0.0324216,0.0204523,-0.0318162,0.569545,0.516592,0.564592,0.534456,0.603668
6137,1,1,1,0,0,0,1,1,0,0,0,1,1,-0.0376088,0.0138089,-0.0451421,0.560048,0.515447,0.564592,0.531485,0.598257
6138,0,0,0,1,0,0,1,1,0,0,0,1,1,-0.0458689,0.0165796,-0.0473621,0.546694,0.514848,0.502066,0.549289,0.597626
6139,1,0,0,1,0,0,1,1,0,0,0,1,1,-0.0525842,0.00783964,-0.0592942,0.537197,0.514674,0.502066,0.535746,0.588175
6140,0,1,0,1,0,0,1,1,0,0,0,1,1,-0.0281776,0.023877,-0.030061,0.60195,0.517098,0.58932,0.549363,0.602739
6141,1,1,0,1,0,0,1,1,0,0,0,1,1,-0.0335048,0.0163539,-0.0437418,0.592453,0.515819,0.58932,0.549363,0.593569
6142,0,0,1,1,0,0,1,1,0,0,0,1,1,-0.0464428,0.0155107,-0.0442254,0.533479,0.514687,0.502066,0.540786,0.604506
6143,1,0,1,1,0,0,1,1,0,0,0,1,1,-0.0528218,0.00788536,-0.0563705,0.523982,0.51466,0.502066,0.528774,0.60452
6144,0,1,1,1,0,0,1,1,0,0,0,1,1,-0.0299113,0.0210953,-0.0288393,0.569545,0.515383,0.564592,0.549383,0.605414
6145,1,1,1,1,0,0,1,1,0,0,0,1,1,-0.0350985,0.0144928,-0.0421653,0.560048,0.515083,0.564592,0.543009,0.607637
6146,0,0,0,0,1,0,1,1,0,0,0,1,1,-0.0491841,0.0141314,-0.0540363,0.546694,0.514884,0.492324,0.526192,0.578282
6147,1,0,0,0,1,0,1,1,0,0,0,1,1,-0.0558994,0.00537617,-0.0659682,0.537197,0.514694,0.492324,0.514325,0.568194
6148,0,1,0,0,1,0,1,1,0,0,0,1,1,-0.0319634,0.0211474,-0.0370361,0.60195,0.517036,0.58932,0.544839,0.584445
6149,1,1,0,0,1,0,1,1,0,0,0,1,1,-0.0372905,0.0136074,-0.0507167,0.592453,0.515693,0.58932,0.541652,0.575132
6150,0,0,1,0,1,0,1,1,0,0,0,1,1,-0.0492324,0.0135128,-0.0494786,0.533479,0.514782,0.492324,0.531591,0.59495
6151,1,0,1,0,1,0,1,1,0,0,0,1,1,-0.0556114,0.00585471,-0.0616234,0.523982,0.514659,0.492324,0.518542,0.586383
6152,0,1,1,0,1,0,1,1,0,0,0,1,1,-0.0327999,0.0191917,-0.0354712,0.569545,0.5155,0.564592,0.534836,0.60063
6153,1,1,1,0,1,0,1,1,0,0,0,1,1,-0.037987,0.01256,-0.048797,0.560048,0.515067,0.564592,0.535071,0.592499
6154,0,0,0,1,1,0,1,1,0,0,0,1,1,-0.0470332,0.0147844,-0.0502425,0.546694,0.514928,0.492324,0.524402,0.585569
6155,1,0,0,1,1,0,1,1,0,0,0,1,1,-0.0537486,0.00605761,-0.0621745,0.537197,0.514812,0.492324,0.515436,0.577039
6156,1,1,0,1,1,0,1,1,0,0,0,1,1,-0.0346692,0.0145594,-0.0466222,0.592453,0.515239,0.58932,0.537331,0.584297
6157,0,0,1,1,1,0,1,1,0,0,0,1,1,-0.0472886,0.0143482,-0.0470826,0.533479,0.514824,0.492324,0.525389,0.593829
6158,1,0,1,1,1,0,1,1,0,0,0,1,1,-0.0536676,0.00673827,-0.0592275,0.523982,0.514783,0.492324,0.519388,0.593266
6159,0,1,1,1,1,0,1,1,0,0,0,1,1,-0.0307573,0.0199286,-0.0316967,0.569545,0.515086,0.564592,0.536803,0.60202
6160,1,1,1,1,1,0,1,1,0,0,0,1,1,-0.0359445,0.0133384,-0.0450225,0.560048,0.514939,0.564592,0.535588,0.60019
6161,0,0,0,0,0,1,1,1,0,0,0,1,1,-0.0472987,0.0169233,-0.0478378,0.546694,0.516456,0.516066,0.546952,0.571332
6162,1,0,0,0,0,1,1,1,0,0,0,1,1,-0.054014,0.00815775,-0.0597699,0.537197,0.515099,0.516066,0.529708,0.560679
6163,0,1,0,0,0,1,1,1,0,0,0,1,1,-0.0300778,0.0239586,-0.0308372,0.60195,0.517226,0.58932,0.557839,0.576066
6164,1,1,0,0,0,1,1,1,0,0,0,1,1,-0.0354049,0.0164086,-0.0445182,0.592453,0.515699,0.58932,0.557839,0.566003
6165,0,0,1,0,0,1,1,1,0,0,0,1,1,-0.04746,0.0167999,-0.0431121,0.533479,0.515359,0.516066,0.536439,0.588636
6166,1,0,1,0,0,1,1,1,0,0,0,1,1,-0.053839,0.00913372,-0.0552571,0.523982,0.51481,0.516066,0.523136,0.578988
6167,0,1,1,0,0,1,1,1,0,0,0,1,1,-0.0310273,0.0224901,-0.0291044,0.569545,0.515591,0.564592,0.537493,0.592419
6168,1,1,1,0,0,1,1,1,0,0,0,1,1,-0.0362145,0.0158522,-0.0424304,0.560048,0.515078,0.564592,0.537493,0.583627
6169,0,0,0,1,0,1,1,1,0,0,0,1,1,-0.0444886,0.018787,-0.0440495,0.546694,0.515398,0.516066,0.550125,0.579886
6170,1,0,0,1,0,1,1,1,0,0,0,1,1,-0.051204,0.010053,-0.0559818,0.537197,0.514933,0.516066,0.534081,0.570429
6171,0,1,0,1,0,1,1,1,0,0,0,1,1,-0.0267972,0.026099,-0.0267482,0.60195,0.515715,0.58932,0.550125,0.586072
6172,1,1,0,1,0,1,1,1,0,0,0,1,1,-0.0321243,0.0185796,-0.0404292,0.592453,0.515193,0.58932,0.549672,0.577364
6173,0,0,1,1,0,1,1,1,0,0,0,1,1,-0.0450624,0.0177258,-0.0409128,0.533479,0.514997,0.516066,0.550125,0.595637
6174,1,0,1,1,0,1,1,1,0,0,0,1,1,-0.0514415,0.0101081,-0.0530579,0.523982,0.514828,0.516066,0.53926,0.5877
6175,0,1,1,1,0,1,1,1,0,0,0,1,1,-0.0285308,0.0233201,-0.0255265,0.569545,0.51507,0.564592,0.550125,0.601292
6176,1,1,1,1,0,1,1,1,0,0,0,1,1,-0.0337181,0.0167232,-0.0388526,0.560048,0.514927,0.564592,0.550125,0.593996
6177,0,0,0,0,1,1,1,1,0,0,0,1,1,-0.0460989,0.0166047,-0.0502934,0.546694,0.515145,0.506324,0.538763,0.560005
6178,1,0,0,0,1,1,1,1,0,0,0,1,1,-0.0528142,0.0078572,-0.0622254,0.537197,0.514845,0.506324,0.518995,0.552842
6179,0,1,0,0,1,1,1,1,0,0,0,1,1,-0.0288778,0.023629,-0.033293,0.60195,0.515623,0.58932,0.572998,0.567217
6180,1,1,0,0,1,1,1,1,0,0,0,1,1,-0.0342049,0.016094,-0.0469738,0.592453,0.515122,0.58932,0.555868,0.559629
6181,0,0,1,0,1,1,1,1,0,0,0,1,1,-0.0461471,0.0159943,-0.0457357,0.533479,0.514923,0.506324,0.548253,0.577506
6182,1,0,1,0,1,1,1,1,0,0,0,1,1,-0.0525261,0.00834394,-0.0578806,0.523982,0.514788,0.506324,0.530482,0.568998
6183,0,1,1,0,1,1,1,1,0,0,0,1,1,-0.0297142,0.0216794,-0.0317282,0.569545,0.515077,0.564592,0.548253,0.583909
6184,1,1,1,0,1,1,1,1,0,0,0,1,1,-0.0349014,0.0150533,-0.0450541,0.560048,0.514908,0.564592,0.544648,0.576178
6185,0,0,0,1,1,1,1,1,0,0,0,1,1,-0.0441822,0.0175471,-0.0456648,0.546694,0.514957,0.506324,0.530768,0.567213
6186,1,0,0,1,1,1,1,1,0,0,0,1,1,-0.0508976,0.00882589,-0.057597,0.537197,0.514838,0.506324,0.514101,0.558636
6187,0,1,0,1,1,1,1,1,0,0,0,1,1,-0.0264906,0.0248459,-0.0283636,0.60195,0.515159,0.58932,0.546681,0.574767
6188,1,1,0,1,1,1,1,1,0,0,0,1,1,-0.0318177,0.0173365,-0.0420445,0.592453,0.514962,0.58932,0.529892,0.566843
6189,0,0,1,1,1,1,1,1,0,0,0,1,1,-0.0444374,0.0171166,-0.042505,0.533479,0.51486,0.506324,0.54224,0.583203
6190,1,0,1,1,1,1,1,1,0,0,0,1,1,-0.0508165,0.00951126,-0.0546499,0.523982,0.514815,0.506324,0.528115,0.576003
6191,0,1,1,1,1,1,1,1,0,0,0,1,1,-0.0279058,0.0227049,-0.0271188,0.569545,0.514918,0.564592,0.550197,0.589989
6192,1,1,1,1,1,1,1,1,0,0,0,1,1,-0.033093,0.016117,-0.0404448,0.560048,0.514862,0.564592,0.540145,0.583427
6193,0,0,0,0,0,0,0,0,1,0,0,1,1,-0.0490051,0.0174155,-0.0503352,0.573558,0.516687,0.540479,0.495481,0.588859
6194,1,0,0,0,0,0,0,0,1,0,0,1,1,-0.0557204,0.00864805,-0.0622672,0.564061,0.514375,0.540479,0.52262,0.580641
6195,0,1,0,0,0,0,0,0,1,0,0,1,1,-0.031784,0.0244452,-0.033335,0.611204,0.532886,0.609436,0.553109,0.597138
6196,1,1,0,0,0,0,0,0,1,0,0,1,1,-0.0371112,0.0168923,-0.0470158,0.601707,0.522173,0.609436,0.585243,0.587568
6197,0,0,1,0,0,0,0,0,1,0,0,1,1,-0.0491663,0.0172777,-0.0456096,0.560343,0.514652,0.540479,0.509934,0.594315
6198,1,0,1,0,0,0,0,0,1,0,0,1,1,-0.0555452,0.00960795,-0.0577545,0.550846,0.513807,0.540479,0.544351,0.59699
6199,0,1,1,0,0,0,0,0,1,0,0,1,1,-0.0327335,0.0229636,-0.0316022,0.578799,0.520127,0.584708,0.550563,0.59757
6200,1,1,1,0,0,0,0,0,1,0,0,1,1,-0.0379207,0.0163199,-0.0449281,0.569302,0.516928,0.584708,0.572434,0.603081
6201,0,0,0,1,0,0,0,0,1,0,0,1,1,-0.0461811,0.0191052,-0.047148,0.573558,0.514618,0.540479,0.556638,0.583991
6202,1,0,0,1,0,0,0,0,1,0,0,1,1,-0.0528965,0.0103689,-0.0590801,0.564061,0.514553,0.540479,0.557486,0.583277
6203,1,1,0,1,0,0,0,0,1,0,0,1,1,-0.0338168,0.0188866,-0.0435279,0.601707,0.517765,0.609436,0.576013,0.593401
6204,0,0,1,1,0,0,0,0,1,0,0,1,1,-0.0467549,0.01803,-0.0440114,0.560343,0.514283,0.540479,0.554274,0.584992
6205,1,0,1,1,0,0,0,0,1,0,0,1,1,-0.0531339,0.0104084,-0.0561564,0.550846,0.514441,0.540479,0.563058,0.591746
6206,0,1,1,1,0,0,0,0,1,0,0,1,1,-0.0302232,0.0236183,-0.0286254,0.578799,0.516132,0.584708,0.55905,0.588479
6207,1,1,1,1,0,0,0,0,1,0,0,1,1,-0.0354105,0.0170156,-0.0419514,0.569302,0.515591,0.584708,0.572052,0.596792
6208,0,0,0,0,1,0,0,0,1,0,0,1,1,-0.0490357,0.0171785,-0.0540264,0.573558,0.515711,0.530737,0.517096,0.573695
6209,1,0,0,0,1,0,0,0,1,0,0,1,1,-0.0557511,0.00842592,-0.0659583,0.564061,0.514878,0.530737,0.532466,0.568629
6210,0,1,0,0,1,0,0,0,1,0,0,1,1,-0.0318146,0.0241995,-0.0370264,0.611204,0.521303,0.609436,0.548796,0.583989
6211,1,1,0,0,1,0,0,0,1,0,0,1,1,-0.0371419,0.0166596,-0.050707,0.601707,0.517519,0.609436,0.571053,0.576982
6212,0,0,1,0,1,0,0,0,1,0,0,1,1,-0.0490839,0.0165527,-0.0494688,0.560343,0.514947,0.530737,0.533946,0.582829
6213,1,0,1,0,1,0,0,0,1,0,0,1,1,-0.0554629,0.00889757,-0.0616135,0.550846,0.514561,0.530737,0.550258,0.58209
6214,0,1,1,0,1,0,0,0,1,0,0,1,1,-0.0326511,0.0222358,-0.0354615,0.578799,0.516767,0.584708,0.547971,0.592174
6215,1,1,1,0,1,0,0,0,1,0,0,1,1,-0.0378384,0.0156033,-0.0487873,0.569302,0.51561,0.584708,0.565479,0.591848
6216,0,0,0,1,1,0,0,0,1,0,0,1,1,-0.0468848,0.0178485,-0.0502327,0.573558,0.515195,0.530737,0.573914,0.569182
6217,1,0,0,1,1,0,0,0,1,0,0,1,1,-0.0536003,0.00912432,-0.0621646,0.564061,0.514914,0.530737,0.578376,0.568862
6218,0,1,0,1,1,0,0,0,1,0,0,1,1,-0.0291933,0.025142,-0.0329319,0.611204,0.517395,0.609436,0.585591,0.579327
6219,1,1,0,1,1,0,0,0,1,0,0,1,1,-0.0345205,0.0176302,-0.0466126,0.601707,0.516045,0.609436,0.591518,0.578884
6220,0,0,1,1,1,0,0,0,1,0,0,1,1,-0.0471401,0.0174059,-0.0470729,0.560343,0.514836,0.530737,0.564768,0.576196
6221,1,0,1,1,1,0,0,0,1,0,0,1,1,-0.0535191,0.00979883,-0.0592177,0.550846,0.514767,0.530737,0.572253,0.57749
6222,0,1,1,1,1,0,0,0,1,0,0,1,1,-0.0306085,0.0229904,-0.031687,0.578799,0.515464,0.584708,0.573557,0.585588
6223,1,1,1,1,1,0,0,0,1,0,0,1,1,-0.0357958,0.0163993,-0.0450128,0.569302,0.515166,0.584708,0.582449,0.586753
6224,0,0,0,0,0,1,0,0,1,0,0,1,1,-0.0491683,0.0198237,-0.0480871,0.573558,0.520312,0.554479,0.583816,0.57273
6225,1,0,0,0,0,1,0,0,1,0,0,1,1,-0.0558836,0.0110608,-0.0600192,0.564061,0.516124,0.554479,0.587923,0.561074
6226,0,1,0,0,0,1,0,0,1,0,0,1,1,-0.0319472,0.026862,-0.0310867,0.611204,0.521938,0.609436,0.591874,0.579667
6227,1,1,0,0,0,1,0,0,1,0,0,1,1,-0.0372744,0.019312,-0.0447676,0.601707,0.517588,0.609436,0.600646,0.569071
6228,0,0,1,0,0,1,0,0,1,0,0,1,1,-0.0493295,0.0196983,-0.0433615,0.560343,0.516639,0.554479,0.559639,0.588578
6229,1,0,1,0,0,1,0,0,1,0,0,1,1,-0.0557085,0.012036,-0.0555064,0.550846,0.515024,0.554479,0.567414,0.581645
6230,0,1,1,0,0,1,0,0,1,0,0,1,1,-0.0328967,0.0253908,-0.029354,0.578799,0.517077,0.584708,0.570471,0.596538
6231,1,1,1,0,0,1,0,0,1,0,0,1,1,-0.038084,0.0187525,-0.0426799,0.569302,0.515665,0.584708,0.585908,0.588735
6232,0,0,0,1,0,1,0,0,1,0,0,1,1,-0.0463582,0.0217052,-0.0442989,0.573558,0.516467,0.554479,0.580858,0.575192
6233,1,0,0,1,0,1,0,0,1,0,0,1,1,-0.0530737,0.0129738,-0.0562311,0.564061,0.51525,0.554479,0.57933,0.570809
6234,0,1,0,1,0,1,0,0,1,0,0,1,1,-0.0286666,0.0290221,-0.0269977,0.611204,0.517171,0.609436,0.586488,0.584727
6235,1,1,0,1,0,1,0,0,1,0,0,1,1,-0.0339939,0.0215026,-0.0406787,0.601707,0.515914,0.609436,0.585524,0.579085
6236,0,0,1,1,0,1,0,0,1,0,0,1,1,-0.046932,0.0206391,-0.0411623,0.560343,0.515307,0.554479,0.559159,0.583498
6237,1,0,1,1,0,1,0,0,1,0,0,1,1,-0.053311,0.0130252,-0.0533073,0.550846,0.514893,0.554479,0.558834,0.582962
6238,0,1,1,1,0,1,0,0,1,0,0,1,1,-0.0304003,0.0262357,-0.0257761,0.578799,0.515421,0.584708,0.567507,0.59203
6239,1,1,1,1,0,1,0,0,1,0,0,1,1,-0.0355876,0.0196385,-0.0391021,0.569302,0.515133,0.584708,0.571615,0.591921
6240,0,0,0,0,1,1,0,0,1,0,0,1,1,-0.0465736,0.0198315,-0.0509365,0.573558,0.516755,0.544737,0.597157,0.559215
6241,1,0,0,0,1,1,0,0,1,0,0,1,1,-0.053289,0.0110862,-0.0628684,0.564061,0.515335,0.544737,0.591058,0.547885
6242,0,1,0,0,1,1,0,0,1,0,0,1,1,-0.0293521,0.0268584,-0.0339362,0.611204,0.517393,0.609436,0.598796,0.567464
6243,1,1,0,0,1,1,0,0,1,0,0,1,1,-0.0346794,0.0193231,-0.0476169,0.601707,0.515846,0.609436,0.605175,0.557759
6244,0,0,1,0,1,1,0,0,1,0,0,1,1,-0.0466216,0.0192154,-0.0463788,0.560343,0.515477,0.544737,0.581968,0.574022
6245,1,0,1,0,1,1,0,0,1,0,0,1,1,-0.0530007,0.0115684,-0.0585236,0.550846,0.514911,0.544737,0.584802,0.569018
6246,0,1,1,0,1,1,0,0,1,0,0,1,1,-0.0301886,0.0249024,-0.0323714,0.578799,0.515643,0.584708,0.582287,0.58301
6247,1,1,1,0,1,1,0,0,1,0,0,1,1,-0.0353759,0.0182757,-0.0456972,0.569302,0.515135,0.584708,0.589684,0.577489
6248,0,0,0,1,1,1,0,0,1,0,0,1,1,-0.0446569,0.0207921,-0.0463079,0.573558,0.515516,0.544737,0.589962,0.560974
6249,1,0,0,1,1,1,0,0,1,0,0,1,1,-0.0513724,0.0120732,-0.0582399,0.564061,0.515024,0.544737,0.588586,0.556027
6250,0,1,0,1,1,1,0,0,1,0,0,1,1,-0.0269649,0.0280952,-0.0290069,0.611204,0.515807,0.609436,0.593504,0.5707
6251,1,1,0,1,1,1,0,0,1,0,0,1,1,-0.0322922,0.0205855,-0.0426877,0.601707,0.515272,0.609436,0.593504,0.56631
6252,0,0,1,1,1,1,0,0,1,0,0,1,1,-0.044912,0.0203571,-0.0431481,0.560343,0.515041,0.544737,0.580211,0.568922
6253,1,0,1,1,1,1,0,0,1,0,0,1,1,-0.0512912,0.012755,-0.055293,0.550846,0.514866,0.544737,0.580684,0.569056
6254,0,1,1,1,1,1,0,0,1,0,0,1,1,-0.0283801,0.0259472,-0.0277621,0.578799,0.515093,0.584708,0.582569,0.578048
6255,1,1,1,1,1,1,0,0,1,0,0,1,1,-0.0335675,0.0193586,-0.041088,0.569302,0.514955,0.584708,0.584499,0.578011
6256,0,0,0,0,0,0,1,0,1,0,0,1,1,-0.0508443,0.0163547,-0.0503088,0.546694,0.513989,0.502066,0.51046,0.58859
6257,1,0,0,0,0,0,1,0,1,0,0,1,1,-0.0575596,0.00758134,-0.062241,0.537197,0.513907,0.502066,0.52981,0.577439
6258,0,1,0,0,0,0,1,0,1,0,0,1,1,-0.0336234,0.0233877,-0.0333086,0.592985,0.520126,0.577987,0.55938,0.59426
6259,1,1,0,0,0,0,1,0,1,0,0,1,1,-0.0389506,0.01583,-0.0469893,0.583488,0.516904,0.577987,0.583178,0.583824
6260,0,0,1,0,0,0,1,0,1,0,0,1,1,-0.0510056,0.0162235,-0.0455832,0.533479,0.514195,0.502066,0.509439,0.602012
6261,1,0,1,0,0,0,1,0,1,0,0,1,1,-0.0573846,0.00854833,-0.0577282,0.523982,0.51415,0.502066,0.534138,0.596416
6262,0,1,1,0,0,0,1,0,1,0,0,1,1,-0.0345729,0.0219113,-0.0315757,0.56058,0.516267,0.553259,0.527429,0.603906
6263,1,1,1,0,0,0,1,0,1,0,0,1,1,-0.0397602,0.0152635,-0.0449016,0.551083,0.515351,0.553259,0.557443,0.601683
6264,0,0,0,1,0,0,1,0,1,0,0,1,1,-0.0480204,0.0180318,-0.0471215,0.546694,0.514211,0.502066,0.542347,0.589535
6265,1,0,0,1,0,0,1,0,1,0,0,1,1,-0.0547358,0.00928963,-0.0590538,0.537197,0.514438,0.502066,0.542068,0.587309
6266,0,1,0,1,0,0,1,0,1,0,0,1,1,-0.0303289,0.0253393,-0.0298205,0.592985,0.516481,0.577987,0.556316,0.59853
6267,1,1,0,1,0,0,1,0,1,0,0,1,1,-0.0356562,0.0178119,-0.0435014,0.583488,0.515628,0.577987,0.559435,0.594161
6268,0,0,1,1,0,0,1,0,1,0,0,1,1,-0.0485942,0.0169671,-0.0439849,0.533479,0.514427,0.502066,0.549294,0.595726
6269,1,0,1,1,0,0,1,0,1,0,0,1,1,-0.0549732,0.00934006,-0.05613,0.523982,0.514572,0.502066,0.557601,0.596754
6270,0,1,1,1,0,0,1,0,1,0,0,1,1,-0.0320626,0.0225582,-0.0285988,0.56058,0.515099,0.553259,0.544795,0.598339
6271,1,1,1,1,0,0,1,0,1,0,0,1,1,-0.03725,0.0159513,-0.0419248,0.551083,0.514999,0.553259,0.556895,0.604754
6272,0,0,0,0,1,0,1,0,1,0,0,1,1,-0.0513355,0.0155894,-0.0537958,0.546694,0.514433,0.492324,0.528629,0.576762
6273,1,0,0,0,1,0,1,0,1,0,0,1,1,-0.0580509,0.00683197,-0.0657278,0.537197,0.514508,0.492324,0.549238,0.566446
6274,1,1,0,0,1,0,1,0,1,0,0,1,1,-0.039442,0.0150692,-0.0504762,0.583488,0.515587,0.577987,0.589404,0.574247
6275,0,0,1,0,1,0,1,0,1,0,0,1,1,-0.0513838,0.0149742,-0.0492381,0.533479,0.514602,0.492324,0.547494,0.588091
6276,1,0,1,0,1,0,1,0,1,0,0,1,1,-0.0577628,0.0073145,-0.061383,0.523982,0.514594,0.492324,0.566438,0.585421
6277,0,1,1,0,1,0,1,0,1,0,0,1,1,-0.0349512,0.0206588,-0.0352308,0.56058,0.515355,0.553259,0.559347,0.59677
6278,1,1,1,0,1,0,1,0,1,0,0,1,1,-0.0401385,0.0140227,-0.0485565,0.551083,0.515022,0.553259,0.577122,0.592429
6279,0,0,0,1,1,0,1,0,1,0,0,1,1,-0.0491846,0.0162431,-0.0500019,0.546694,0.514707,0.492324,0.551576,0.575531
6280,1,0,0,1,1,0,1,0,1,0,0,1,1,-0.0559001,0.00751412,-0.061934,0.537197,0.51473,0.492324,0.560856,0.574031
6281,1,1,0,1,1,0,1,0,1,0,0,1,1,-0.0368207,0.016024,-0.0463817,0.583488,0.51517,0.577987,0.56976,0.583055
6282,0,0,1,1,1,0,1,0,1,0,0,1,1,-0.04944,0.0158127,-0.0468421,0.533479,0.514734,0.492324,0.556471,0.582773
6283,1,0,1,1,1,0,1,0,1,0,0,1,1,-0.0558191,0.00820104,-0.0589871,0.523982,0.514753,0.492324,0.564937,0.58305
6284,0,1,1,1,1,0,1,0,1,0,0,1,1,-0.0329087,0.0213997,-0.0314562,0.56058,0.514984,0.553259,0.556944,0.591076
6285,1,1,1,1,1,0,1,0,1,0,0,1,1,-0.0380959,0.014805,-0.044782,0.551083,0.514909,0.553259,0.565814,0.59145
6286,0,0,0,0,0,1,1,0,1,0,0,1,1,-0.0499674,0.0179493,-0.0487151,0.546694,0.516266,0.516066,0.579719,0.570218
6287,1,0,0,0,0,1,1,0,1,0,0,1,1,-0.0566828,0.00918076,-0.0606472,0.537197,0.515009,0.516066,0.580576,0.559147
6288,0,1,0,0,0,1,1,0,1,0,0,1,1,-0.0327465,0.0249903,-0.0317146,0.592985,0.517034,0.577987,0.594067,0.576712
6289,1,1,0,0,0,1,1,0,1,0,0,1,1,-0.0380737,0.017435,-0.0453955,0.583488,0.515639,0.577987,0.594067,0.566718
6290,0,0,1,0,0,1,1,0,1,0,0,1,1,-0.0501287,0.0178267,-0.0439894,0.533479,0.515276,0.516066,0.549535,0.588193
6291,1,0,1,0,0,1,1,0,1,0,0,1,1,-0.0565077,0.0101567,-0.0561344,0.523982,0.51478,0.516066,0.549535,0.57875
6292,0,1,1,0,0,1,1,0,1,0,0,1,1,-0.033696,0.0235213,-0.0299817,0.56058,0.515496,0.553259,0.569812,0.594096
6293,1,1,1,0,0,1,1,0,1,0,0,1,1,-0.0388833,0.0168767,-0.0433077,0.551083,0.515051,0.553259,0.576693,0.585449
6294,0,0,0,1,0,1,1,0,1,0,0,1,1,-0.0471574,0.0198169,-0.0449268,0.546694,0.515227,0.516066,0.566211,0.578442
6295,1,0,0,1,0,1,1,0,1,0,0,1,1,-0.0538729,0.01108,-0.0568591,0.537197,0.51487,0.516066,0.566211,0.56873
6296,0,1,0,1,0,1,1,0,1,0,0,1,1,-0.0294659,0.0271366,-0.0276255,0.592985,0.515525,0.577987,0.58636,0.585315
6297,1,1,0,1,0,1,1,0,1,0,0,1,1,-0.0347931,0.0196119,-0.0413065,0.583488,0.515136,0.577987,0.58636,0.576483
6298,0,0,1,1,0,1,1,0,1,0,0,1,1,-0.0477312,0.0187561,-0.0417901,0.533479,0.514926,0.516066,0.550131,0.588374
6299,1,0,1,1,0,1,1,0,1,0,0,1,1,-0.0541102,0.0111345,-0.0539352,0.523982,0.514805,0.516066,0.550131,0.586758
6300,0,1,1,1,0,1,1,0,1,0,0,1,1,-0.0311996,0.0243551,-0.0264038,0.56058,0.514982,0.553259,0.556053,0.596425
6301,1,1,1,1,0,1,1,0,1,0,0,1,1,-0.0363869,0.0177515,-0.0397299,0.551083,0.514902,0.553259,0.556942,0.593672
6302,0,0,0,0,1,1,1,0,1,0,0,1,1,-0.0487676,0.017647,-0.0511707,0.546694,0.515206,0.506324,0.589636,0.557782
6303,1,0,0,0,1,1,1,0,1,0,0,1,1,-0.055483,0.00889657,-0.0631027,0.537197,0.51486,0.506324,0.590685,0.545737
6304,0,1,0,0,1,1,1,0,1,0,0,1,1,-0.0315465,0.024677,-0.0341703,0.592985,0.515593,0.577987,0.601349,0.565531
6305,1,1,0,0,1,1,1,0,1,0,0,1,1,-0.0368737,0.0171367,-0.0478511,0.583488,0.515115,0.577987,0.603652,0.556376
6306,0,0,1,0,1,1,1,0,1,0,0,1,1,-0.0488157,0.0170368,-0.046613,0.533479,0.514941,0.506324,0.563661,0.575857
6307,1,0,1,0,1,1,1,0,1,0,0,1,1,-0.0551948,0.00938272,-0.0587579,0.523982,0.514795,0.506324,0.570198,0.567178
6308,0,1,1,0,1,1,1,0,1,0,0,1,1,-0.0323829,0.0227262,-0.0326055,0.56058,0.515058,0.553259,0.581702,0.583009
6309,1,1,1,0,1,1,1,0,1,0,0,1,1,-0.0375702,0.0160935,-0.0459313,0.551083,0.514904,0.553259,0.591055,0.575164
6310,0,0,0,1,1,1,1,0,1,0,0,1,1,-0.0468509,0.0185915,-0.046542,0.546694,0.514962,0.506324,0.574875,0.564058
6311,1,0,0,1,1,1,1,0,1,0,0,1,1,-0.0535664,0.00986741,-0.0584742,0.537197,0.51484,0.506324,0.574875,0.55588
6312,0,1,0,1,1,1,1,0,1,0,0,1,1,-0.0291593,0.025898,-0.0292409,0.592985,0.515115,0.577987,0.592064,0.572765
6313,1,1,0,1,1,1,1,0,1,0,0,1,1,-0.0344865,0.0183834,-0.0429218,0.583488,0.514951,0.577987,0.592064,0.564784
6314,0,0,1,1,1,1,1,0,1,0,0,1,1,-0.0471061,0.0181624,-0.0433822,0.533479,0.514859,0.506324,0.550722,0.575051
6315,1,0,1,1,1,1,1,0,1,0,0,1,1,-0.0534852,0.0105533,-0.0555272,0.523982,0.514816,0.506324,0.550722,0.573136
6316,0,1,1,1,1,1,1,0,1,0,0,1,1,-0.0305745,0.0237553,-0.0279961,0.56058,0.514896,0.553259,0.559255,0.583166
6317,1,1,1,1,1,1,1,0,1,0,0,1,1,-0.0357618,0.0171608,-0.041322,0.551083,0.514856,0.553259,0.560398,0.58204
6318,0,0,0,0,0,0,0,1,1,0,0,1,1,-0.0457795,0.019567,-0.0478646,0.565401,0.515687,0.540479,0.503532,0.598225
6319,1,0,0,0,0,0,0,1,1,0,0,1,1,-0.0524947,0.0107956,-0.0597966,0.555904,0.514795,0.540479,0.511012,0.596466
6320,0,1,0,0,0,0,0,1,1,0,0,1,1,-0.0285585,0.026587,-0.0308644,0.603047,0.521755,0.614448,0.551829,0.600933
6321,1,1,0,0,0,0,0,1,1,0,0,1,1,-0.0338857,0.0190301,-0.0445453,0.59355,0.517671,0.614448,0.572471,0.603439
6322,0,0,1,0,0,0,0,1,1,0,0,1,1,-0.0459407,0.0194245,-0.0431389,0.552186,0.514827,0.540479,0.520239,0.591724
6323,1,0,1,0,0,0,0,1,1,0,0,1,1,-0.0523196,0.0117468,-0.0552839,0.542689,0.5145,0.540479,0.542448,0.599727
6324,0,1,1,0,0,0,0,1,1,0,0,1,1,-0.029508,0.025103,-0.0291316,0.570642,0.516883,0.58972,0.555112,0.593816
6325,1,1,1,0,0,0,0,1,1,0,0,1,1,-0.0346952,0.0184524,-0.0424576,0.561145,0.515652,0.58972,0.57132,0.60101
6326,0,0,0,1,0,0,0,1,1,0,0,1,1,-0.0429555,0.0212462,-0.0446774,0.565401,0.514822,0.540479,0.554992,0.589841
6327,1,0,0,1,0,0,0,1,1,0,0,1,1,-0.0496709,0.0125061,-0.0566095,0.555904,0.514772,0.540479,0.547819,0.593607
6328,0,1,0,1,0,0,0,1,1,0,0,1,1,-0.0252641,0.0285408,-0.0273764,0.603047,0.517158,0.614448,0.56012,0.593172
6329,1,1,0,1,0,0,0,1,1,0,0,1,1,-0.0305913,0.0210143,-0.0410574,0.59355,0.515965,0.614448,0.563113,0.600581
6330,0,0,1,1,0,0,0,1,1,0,0,1,1,-0.0435293,0.0201647,-0.0415408,0.552186,0.514651,0.540479,0.552189,0.583255
6331,1,0,1,1,0,0,0,1,1,0,0,1,1,-0.0499082,0.0125352,-0.0536858,0.542689,0.5147,0.540479,0.54932,0.591793
6332,0,1,1,1,0,0,0,1,1,0,0,1,1,-0.0269977,0.0257461,-0.0261548,0.570642,0.515347,0.58972,0.556041,0.585754
6333,1,1,1,1,0,0,0,1,1,0,0,1,1,-0.032185,0.0191364,-0.0394809,0.561145,0.515127,0.58972,0.566639,0.593645
6334,0,0,0,0,1,0,0,1,1,0,0,1,1,-0.0458102,0.0193401,-0.0515558,0.565401,0.515211,0.530737,0.524916,0.584632
6335,1,0,0,0,1,0,0,1,1,0,0,1,1,-0.0525255,0.0105836,-0.0634877,0.555904,0.514891,0.530737,0.535022,0.584135
6336,0,1,0,0,1,0,0,1,1,0,0,1,1,-0.0285893,0.0263515,-0.0345557,0.603047,0.517301,0.614448,0.560364,0.594468
6337,1,1,0,0,1,0,0,1,1,0,0,1,1,-0.0339164,0.0188076,-0.0482364,0.59355,0.515862,0.614448,0.56731,0.593294
6338,0,0,1,0,1,0,0,1,1,0,0,1,1,-0.0458584,0.0187092,-0.0469981,0.552186,0.514891,0.530737,0.552173,0.592183
6339,1,0,1,0,1,0,0,1,1,0,0,1,1,-0.0522373,0.0110461,-0.0591429,0.542689,0.514744,0.530737,0.551711,0.592534
6340,0,1,1,0,1,0,0,1,1,0,0,1,1,-0.0294257,0.024385,-0.0329909,0.570642,0.515572,0.58972,0.568277,0.596035
6341,1,1,1,0,1,0,0,1,1,0,0,1,1,-0.0346129,0.0177455,-0.0463168,0.561145,0.51513,0.58972,0.572476,0.601449
6342,0,0,0,1,1,0,0,1,1,0,0,1,1,-0.0436593,0.0200001,-0.0477621,0.565401,0.514984,0.530737,0.533178,0.579579
6343,1,0,0,1,1,0,0,1,1,0,0,1,1,-0.0503747,0.0112721,-0.0596941,0.555904,0.514873,0.530737,0.533171,0.579955
6344,0,1,0,1,1,0,0,1,1,0,0,1,1,-0.0259679,0.0272844,-0.0304612,0.603047,0.515805,0.614448,0.565597,0.589058
6345,1,1,0,1,1,0,0,1,1,0,0,1,1,-0.0312951,0.0197685,-0.044142,0.59355,0.515291,0.614448,0.570085,0.589378
6346,0,0,1,1,1,0,0,1,1,0,0,1,1,-0.0439146,0.0195512,-0.0446023,0.552186,0.514836,0.530737,0.545685,0.584226
6347,1,0,1,1,1,0,0,1,1,0,0,1,1,-0.0502935,0.0119362,-0.0567472,0.542689,0.514807,0.530737,0.544773,0.587201
6348,0,1,1,1,1,0,0,1,1,0,0,1,1,-0.0273831,0.0251287,-0.0292164,0.570642,0.515071,0.58972,0.559055,0.588543
6349,1,1,1,1,1,0,0,1,1,0,0,1,1,-0.0325703,0.0185307,-0.0425423,0.561145,0.514955,0.58972,0.562464,0.595644
6350,0,0,0,0,0,1,0,1,1,0,0,1,1,-0.0458238,0.0220587,-0.0443522,0.565401,0.516903,0.554479,0.567549,0.589565
6351,1,0,0,0,0,1,0,1,1,0,0,1,1,-0.0525391,0.0132929,-0.0562844,0.555904,0.515349,0.554479,0.547287,0.5797
6352,0,1,0,0,0,1,0,1,1,0,0,1,1,-0.0286029,0.0290889,-0.0273518,0.603047,0.517535,0.614448,0.588452,0.596281
6353,1,1,0,0,0,1,0,1,1,0,0,1,1,-0.03393,0.021536,-0.0410328,0.59355,0.515888,0.614448,0.592582,0.587179
6354,0,0,1,0,0,1,0,1,1,0,0,1,1,-0.045985,0.0219296,-0.0396265,0.552186,0.515513,0.554479,0.549969,0.598339
6355,1,0,1,0,0,1,0,1,1,0,0,1,1,-0.0523639,0.014261,-0.0517716,0.542689,0.514914,0.554479,0.541943,0.597107
6356,0,1,1,0,0,1,0,1,1,0,0,1,1,-0.0295523,0.0276157,-0.025619,0.570642,0.515687,0.58972,0.556209,0.603709
6357,1,1,1,0,0,1,0,1,1,0,0,1,1,-0.0347395,0.0209722,-0.0389452,0.561145,0.51515,0.58972,0.571968,0.604022
6358,0,0,0,1,0,1,0,1,1,0,0,1,1,-0.0430138,0.0239322,-0.040564,0.565401,0.515452,0.554479,0.558061,0.585814
6359,1,0,0,1,0,1,0,1,1,0,0,1,1,-0.0497292,0.0151981,-0.0524962,0.555904,0.514996,0.554479,0.546404,0.585382
6360,0,1,0,1,0,1,0,1,1,0,0,1,1,-0.0253223,0.0312412,-0.0232627,0.603047,0.515724,0.614448,0.578905,0.594862
6361,1,1,0,1,0,1,0,1,1,0,0,1,1,-0.0306495,0.0237189,-0.0369438,0.59355,0.515243,0.614448,0.579216,0.594567
6362,0,0,1,1,0,1,0,1,1,0,0,1,1,-0.0435875,0.022861,-0.0374273,0.552186,0.515009,0.554479,0.550676,0.592603
6363,1,0,1,1,0,1,0,1,1,0,0,1,1,-0.0499665,0.0152409,-0.0495725,0.542689,0.514854,0.554479,0.55169,0.592955
6364,0,1,1,1,0,1,0,1,1,0,0,1,1,-0.0270559,0.0284517,-0.0220411,0.570642,0.515056,0.58972,0.561587,0.597285
6365,1,1,1,1,0,1,0,1,1,0,0,1,1,-0.0322432,0.0218493,-0.0353673,0.561145,0.514943,0.58972,0.570932,0.601203
6366,0,0,0,0,1,1,0,1,1,0,0,1,1,-0.0432291,0.0220745,-0.0472016,0.565401,0.515554,0.544737,0.560646,0.576005
6367,1,0,0,0,1,1,0,1,1,0,0,1,1,-0.0499446,0.0133263,-0.0591336,0.555904,0.515027,0.544737,0.551189,0.5681
6368,0,1,0,0,1,1,0,1,1,0,0,1,1,-0.0260079,0.0290932,-0.0302013,0.603047,0.515798,0.614448,0.585786,0.585092
6369,1,1,0,0,1,1,0,1,1,0,0,1,1,-0.031335,0.021555,-0.0438821,0.59355,0.515214,0.614448,0.580981,0.576888
6370,0,0,1,0,1,1,0,1,1,0,0,1,1,-0.0432772,0.0214545,-0.0426439,0.552186,0.51507,0.544737,0.549303,0.584713
6371,1,0,1,0,1,1,0,1,1,0,0,1,1,-0.0496562,0.0138012,-0.0547888,0.542689,0.51486,0.544737,0.541585,0.584385
6372,0,1,1,0,1,1,0,1,1,0,0,1,1,-0.0268442,0.0271352,-0.0286365,0.570642,0.515135,0.58972,0.556641,0.593291
6373,1,1,1,0,1,1,0,1,1,0,0,1,1,-0.0320314,0.0205032,-0.0419625,0.561145,0.514943,0.58972,0.571394,0.593282
6374,0,0,0,1,1,1,0,1,1,0,0,1,1,-0.0413124,0.0230274,-0.042573,0.565401,0.515085,0.544737,0.559965,0.572301
6375,1,0,0,1,1,1,0,1,1,0,0,1,1,-0.0480279,0.0143056,-0.0545051,0.555904,0.514901,0.544737,0.548971,0.572181
6376,0,1,0,1,1,1,0,1,1,0,0,1,1,-0.0236206,0.0303226,-0.0252719,0.603047,0.515196,0.614448,0.583676,0.581568
6377,1,1,0,1,1,1,0,1,1,0,0,1,1,-0.0289478,0.02281,-0.0389528,0.59355,0.514993,0.614448,0.577084,0.581425
6378,0,0,1,1,1,1,0,1,1,0,0,1,1,-0.0415676,0.0225878,-0.0394132,0.552186,0.514905,0.544737,0.55358,0.579238
6379,1,0,1,1,1,1,0,1,1,0,0,1,1,-0.0479466,0.0149795,-0.0515582,0.542689,0.514839,0.544737,0.546229,0.579882
6380,0,1,1,1,1,1,0,1,1,0,0,1,1,-0.0250358,0.028172,-0.0240271,0.570642,0.514925,0.58972,0.563602,0.587723
6381,1,1,1,1,1,1,0,1,1,0,0,1,1,-0.030223,0.0215782,-0.0373532,0.561145,0.514872,0.58972,0.568884,0.588328
6382,0,0,0,0,0,0,1,1,1,0,0,1,1,-0.0485174,0.0175362,-0.0475882,0.546694,0.514579,0.502066,0.541847,0.602447
6383,1,0,0,0,0,0,1,1,1,0,0,1,1,-0.0552327,0.0087595,-0.0595204,0.537197,0.514539,0.502066,0.548005,0.594466
6384,0,1,0,0,0,0,1,1,1,0,0,1,1,-0.0312967,0.0245608,-0.0305879,0.592985,0.516871,0.582999,0.559433,0.604494
6385,1,1,0,0,0,0,1,1,1,0,0,1,1,-0.0366238,0.0169998,-0.0442688,0.583488,0.515639,0.582999,0.567734,0.599442
6386,0,0,1,0,0,0,1,1,1,0,0,1,1,-0.0486788,0.0174012,-0.0428625,0.533479,0.514615,0.502066,0.544137,0.599832
6387,1,0,1,0,0,0,1,1,1,0,0,1,1,-0.0550577,0.00971931,-0.0550076,0.523982,0.514595,0.502066,0.552936,0.605349
6388,0,1,1,0,0,0,1,1,1,0,0,1,1,-0.0322461,0.0230826,-0.028855,0.56058,0.51539,0.558272,0.547687,0.600847
6389,1,1,1,0,0,0,1,1,1,0,0,1,1,-0.0374334,0.0164291,-0.0421811,0.551083,0.515036,0.558272,0.562202,0.604512
6390,0,0,0,1,0,0,1,1,1,0,0,1,1,-0.0456935,0.0192024,-0.0444009,0.546694,0.514623,0.502066,0.552901,0.59856
6391,1,0,0,1,0,0,1,1,1,0,0,1,1,-0.0524089,0.0104569,-0.0563332,0.537197,0.514699,0.502066,0.551419,0.598773
6392,1,1,0,1,0,0,1,1,1,0,0,1,1,-0.0333295,0.0189714,-0.0407808,0.583488,0.515139,0.582999,0.549907,0.606738
6393,0,0,1,1,0,0,1,1,1,0,0,1,1,-0.0462673,0.0181331,-0.0412642,0.533479,0.514685,0.502066,0.550125,0.592868
6394,1,0,1,1,0,0,1,1,1,0,0,1,1,-0.0526463,0.0104993,-0.0534094,0.523982,0.514736,0.502066,0.549302,0.600218
6395,0,1,1,1,0,0,1,1,1,0,0,1,1,-0.0297359,0.0237181,-0.0258781,0.56058,0.514938,0.558272,0.550125,0.594419
6396,0,0,0,0,1,0,1,1,1,0,0,1,1,-0.0490086,0.0167795,-0.0510751,0.546694,0.5147,0.492324,0.551541,0.590518
6397,1,0,0,0,1,0,1,1,1,0,0,1,1,-0.055724,0.00801858,-0.0630072,0.537197,0.514725,0.492324,0.547771,0.584316
6398,0,1,0,0,1,0,1,1,1,0,0,1,1,-0.031788,0.0237951,-0.0340749,0.592985,0.515551,0.582999,0.563422,0.598679
6399,1,1,0,0,1,0,1,1,1,0,0,1,1,-0.0371152,0.0162476,-0.0477557,0.583488,0.51512,0.582999,0.578085,0.591669
6400,0,0,1,0,1,0,1,1,1,0,0,1,1,-0.0490569,0.0161606,-0.0465174,0.533479,0.514749,0.492324,0.556456,0.597311
6401,1,0,1,0,1,0,1,1,1,0,0,1,1,-0.0554359,0.00849415,-0.0586623,0.523982,0.514744,0.492324,0.559203,0.597657
6402,0,1,1,0,1,0,1,1,1,0,0,1,1,-0.0326244,0.0218388,-0.0325101,0.56058,0.515029,0.558272,0.561644,0.603385
6403,1,1,1,0,1,0,1,1,1,0,0,1,1,-0.0378116,0.015197,-0.045836,0.551083,0.514901,0.558272,0.574036,0.605441
6404,0,0,0,1,1,0,1,1,1,0,0,1,1,-0.0468577,0.0174219,-0.0472813,0.546694,0.514788,0.492324,0.553429,0.58559
6405,1,0,0,1,1,0,1,1,1,0,0,1,1,-0.0535732,0.00868953,-0.0592135,0.537197,0.514794,0.492324,0.550449,0.585768
6406,0,1,0,1,1,0,1,1,1,0,0,1,1,-0.0291667,0.0247112,-0.0299803,0.592985,0.515107,0.582999,0.553225,0.59411
6407,1,1,0,1,1,0,1,1,1,0,0,1,1,-0.0344939,0.0171917,-0.0436612,0.583488,0.514956,0.582999,0.563153,0.594664
6408,0,0,1,1,1,0,1,1,1,0,0,1,1,-0.0471131,0.0169869,-0.0441214,0.533479,0.514792,0.492324,0.55739,0.591406
6409,1,0,1,1,1,0,1,1,1,0,0,1,1,-0.0534921,0.00936857,-0.0562665,0.523982,0.514798,0.492324,0.556165,0.592411
6410,0,1,1,1,1,0,1,1,1,0,0,1,1,-0.0305819,0.0225679,-0.0287355,0.56058,0.514885,0.558272,0.559072,0.597314
6411,1,1,1,1,1,0,1,1,1,0,0,1,1,-0.0357691,0.0159676,-0.0420614,0.551083,0.514855,0.558272,0.566629,0.600179
6412,0,0,0,0,0,1,1,1,1,0,0,1,1,-0.0471233,0.0195566,-0.0448766,0.546694,0.515375,0.516066,0.554208,0.587629
6413,1,0,0,0,0,1,1,1,1,0,0,1,1,-0.0538386,0.0107854,-0.0568089,0.537197,0.514909,0.516066,0.551927,0.578242
6414,0,1,0,0,0,1,1,1,1,0,0,1,1,-0.0299024,0.0265916,-0.0278761,0.592985,0.515668,0.582999,0.582832,0.593904
6415,1,1,0,0,0,1,1,1,1,0,0,1,1,-0.0352296,0.0190341,-0.0415571,0.583488,0.515139,0.582999,0.581576,0.585238
6416,0,0,1,0,0,1,1,1,1,0,0,1,1,-0.0472846,0.0194328,-0.040151,0.533479,0.514996,0.516066,0.544141,0.602143
6417,1,0,1,0,0,1,1,1,1,0,0,1,1,-0.0536635,0.0117582,-0.0522961,0.523982,0.514813,0.516066,0.544141,0.59568
6418,0,1,1,0,0,1,1,1,1,0,0,1,1,-0.0308519,0.0251223,-0.0261433,0.56058,0.515081,0.558272,0.553455,0.607596
6419,1,1,1,0,0,1,1,1,1,0,0,1,1,-0.0360392,0.0184742,-0.0394694,0.551083,0.514912,0.558272,0.556117,0.60167
6420,0,0,0,1,0,1,1,1,1,0,0,1,1,-0.0443132,0.0214115,-0.0410884,0.546694,0.514979,0.516066,0.550583,0.591304
6421,1,0,0,1,0,1,1,1,1,0,0,1,1,-0.0510287,0.0126719,-0.0530207,0.537197,0.514845,0.516066,0.550231,0.586367
6422,0,1,0,1,0,1,1,1,1,0,0,1,1,-0.0266218,0.0287258,-0.023787,0.592985,0.515093,0.582999,0.56001,0.599494
6423,1,1,0,1,0,1,1,1,1,0,0,1,1,-0.031949,0.0211988,-0.0374681,0.583488,0.514944,0.582999,0.56001,0.593632
6424,0,0,1,1,0,1,1,1,1,0,0,1,1,-0.044887,0.0203498,-0.0379517,0.533479,0.514863,0.516066,0.550125,0.597287
6425,1,0,1,1,0,1,1,1,1,0,0,1,1,-0.051266,0.0127236,-0.0500969,0.523982,0.514817,0.516066,0.550125,0.597823
6426,0,1,1,1,0,1,1,1,1,0,0,1,1,-0.0283555,0.0259447,-0.0225654,0.56058,0.514885,0.558272,0.547619,0.604296
6427,1,1,1,1,0,1,1,1,1,0,0,1,1,-0.0335428,0.0193376,-0.0358916,0.551083,0.514853,0.558272,0.548822,0.605056
6428,0,0,0,0,1,1,1,1,1,0,0,1,1,-0.0459234,0.0192604,-0.0473322,0.546694,0.51497,0.506324,0.564112,0.576263
6429,1,0,0,0,1,1,1,1,1,0,0,1,1,-0.0526389,0.0105072,-0.0592644,0.537197,0.514842,0.506324,0.551302,0.567696
6430,0,1,0,0,1,1,1,1,1,0,0,1,1,-0.0287025,0.0262844,-0.0303318,0.592985,0.515116,0.582999,0.587111,0.583662
6431,1,1,0,0,1,1,1,1,1,0,0,1,1,-0.0340296,0.0187418,-0.0440127,0.583488,0.514935,0.582999,0.589692,0.575906
6432,0,0,1,0,1,1,1,1,1,0,0,1,1,-0.0459716,0.0186497,-0.0427745,0.533479,0.514868,0.506324,0.550125,0.590064
6433,1,0,1,0,1,1,1,1,1,0,0,1,1,-0.0523507,0.010991,-0.0549195,0.523982,0.514814,0.506324,0.554802,0.585091
6434,0,1,1,0,1,1,1,1,1,0,0,1,1,-0.0295389,0.0243342,-0.028767,0.56058,0.514912,0.558272,0.566528,0.59794
6435,1,1,1,0,1,1,1,1,1,0,0,1,1,-0.0347261,0.017698,-0.042093,0.551083,0.514853,0.558272,0.575556,0.592461
6436,0,0,0,1,1,1,1,1,1,0,0,1,1,-0.0440067,0.0201926,-0.0427036,0.546694,0.514875,0.506324,0.550125,0.578613
6437,1,0,0,1,1,1,1,1,1,0,0,1,1,-0.0507223,0.0114657,-0.0546359,0.537197,0.51483,0.506324,0.537495,0.574541
6438,0,1,0,1,1,1,1,1,1,0,0,1,1,-0.0263153,0.0274937,-0.0254024,0.592985,0.514933,0.582999,0.567671,0.5869
6439,1,1,0,1,1,1,1,1,1,0,0,1,1,-0.0316424,0.0199767,-0.0390834,0.583488,0.514871,0.582999,0.568311,0.582991
6440,0,0,1,1,1,1,1,1,1,0,0,1,1,-0.044262,0.0197633,-0.0395438,0.533479,0.514836,0.506324,0.550125,0.584931
6441,1,0,1,1,1,1,1,1,1,0,0,1,1,-0.0506411,0.0121495,-0.0516889,0.523982,0.514819,0.506324,0.553088,0.585418
6442,0,1,1,1,1,1,1,1,1,0,0,1,1,-0.0277304,0.0253521,-0.0241576,0.56058,0.514849,0.558272,0.550125,0.592469
6443,1,1,1,1,1,1,1,1,1,0,0,1,1,-0.0329177,0.018754,-0.0374837,0.551083,0.514834,0.558272,0.553681,0.593072
6444,0,0,0,0,0,0,0,0,0,1,0,1,1,-0.0572668,0.0119358,-0.0606486,0.573558,0.505494,0.53028,0.484305,0.571137
6445,1,0,0,0,0,0,0,0,0,1,0,1,1,-0.063982,0.0031739,-0.0725804,0.564061,0.50915,0.53028,0.484826,0.558862
6446,0,1,0,0,0,0,0,0,0,1,0,1,1,-0.0400459,0.018959,-0.0436488,0.620169,0.528981,0.599925,0.519298,0.577597
6447,1,1,0,0,0,0,0,0,0,1,0,1,1,-0.045373,0.0114139,-0.0573292,0.610672,0.520142,0.599925,0.535355,0.566231
6448,0,0,1,0,0,0,0,0,0,1,0,1,1,-0.0574281,0.011799,-0.055923,0.560343,0.510902,0.53028,0.492996,0.583044
6449,1,0,1,0,0,0,0,0,0,1,0,1,1,-0.0638071,0.00413451,-0.0680676,0.550846,0.511952,0.53028,0.506137,0.579726
6450,0,1,1,0,0,0,0,0,0,1,0,1,1,-0.0409954,0.0174807,-0.041916,0.587764,0.519312,0.575197,0.518002,0.592394
6451,1,1,1,0,0,0,0,0,0,1,0,1,1,-0.0461826,0.0108447,-0.0552416,0.578267,0.516368,0.575197,0.537214,0.586279
6452,0,0,0,1,0,0,0,0,0,1,0,1,1,-0.054443,0.0136303,-0.0574615,0.573558,0.510968,0.53028,0.53647,0.569318
6453,1,0,0,1,0,0,0,0,0,1,0,1,1,-0.0611583,0.00489958,-0.0693934,0.564061,0.513346,0.53028,0.524979,0.567387
6454,0,1,0,1,0,0,0,0,0,1,0,1,1,-0.0367514,0.020925,-0.040161,0.620169,0.520016,0.599925,0.533327,0.579156
6455,1,1,0,1,0,0,0,0,0,1,0,1,1,-0.0420787,0.0134102,-0.0538415,0.610672,0.517371,0.599925,0.53357,0.577039
6456,0,0,1,1,0,0,0,0,0,1,0,1,1,-0.0550168,0.0125547,-0.0543249,0.560343,0.513178,0.53028,0.533014,0.577685
6457,1,0,1,1,0,0,0,0,0,1,0,1,1,-0.0613958,0.00493833,-0.0664697,0.550846,0.514058,0.53028,0.526573,0.57746
6458,0,1,1,1,0,0,0,0,0,1,0,1,1,-0.0384851,0.0181372,-0.0389393,0.587764,0.516292,0.575197,0.536418,0.58666
6459,1,1,1,1,0,0,0,0,0,1,0,1,1,-0.0436724,0.0115421,-0.0522649,0.578267,0.515597,0.575197,0.546965,0.586501
6460,0,0,0,0,1,0,0,0,0,1,0,1,1,-0.0572974,0.0116807,-0.0643397,0.573558,0.508713,0.520538,0.490037,0.555601
6461,1,0,0,0,1,0,0,0,0,1,0,1,1,-0.0640128,0.00293376,-0.0762714,0.564061,0.511896,0.520538,0.502096,0.545883
6462,0,1,0,0,1,0,0,0,0,1,0,1,1,-0.0400765,0.0186953,-0.0473401,0.620169,0.519097,0.599925,0.517884,0.565262
6463,1,1,0,0,1,0,0,0,0,1,0,1,1,-0.0454037,0.0111632,-0.0610204,0.610672,0.516489,0.599925,0.53036,0.554892
6464,0,0,1,0,1,0,0,0,0,1,0,1,1,-0.0573457,0.0110552,-0.0597821,0.560343,0.512494,0.520538,0.514652,0.568062
6465,1,0,1,0,1,0,0,0,0,1,0,1,1,-0.0637247,0.00340535,-0.0719266,0.550846,0.513483,0.520538,0.520235,0.565505
6466,0,1,1,0,1,0,0,0,0,1,0,1,1,-0.040913,0.016734,-0.0457752,0.587764,0.516177,0.575197,0.536382,0.577468
6467,1,1,1,0,1,0,0,0,0,1,0,1,1,-0.0461002,0.0101093,-0.0591007,0.578267,0.515297,0.575197,0.545872,0.574939
6468,0,0,0,1,1,0,0,0,0,1,0,1,1,-0.0551466,0.0123577,-0.0605461,0.573558,0.512578,0.520538,0.512938,0.554137
6469,1,0,0,1,1,0,0,0,0,1,0,1,1,-0.061862,0.00363912,-0.0724778,0.564061,0.514002,0.520538,0.510451,0.551366
6470,0,1,0,1,1,0,0,0,0,1,0,1,1,-0.0374552,0.019642,-0.0432457,0.620169,0.516636,0.599925,0.523424,0.564501
6471,1,1,0,1,1,0,0,0,0,1,0,1,1,-0.0427823,0.0121378,-0.0569261,0.610672,0.515733,0.599925,0.528192,0.562033
6472,0,0,1,1,1,0,0,0,0,1,0,1,1,-0.0554019,0.0119132,-0.0573864,0.560343,0.513952,0.520538,0.517553,0.562163
6473,1,0,1,1,1,0,0,0,0,1,0,1,1,-0.061781,0.00431137,-0.069531,0.550846,0.514451,0.520538,0.517017,0.562637
6474,0,1,1,1,1,0,0,0,0,1,0,1,1,-0.0388704,0.0174917,-0.0420009,0.587764,0.515348,0.575197,0.531467,0.571903
6475,1,1,1,1,1,0,0,0,0,1,0,1,1,-0.0440576,0.0109084,-0.0553264,0.578267,0.515104,0.575197,0.533504,0.572155
6476,0,0,0,0,0,1,0,0,0,1,0,1,1,-0.05743,0.0143354,-0.0584005,0.573558,0.517087,0.557153,0.524994,0.550669
6477,1,0,0,0,0,1,0,0,0,1,0,1,1,-0.0641452,0.00557816,-0.0703324,0.564061,0.514362,0.557153,0.512629,0.537952
6478,0,1,0,0,0,1,0,0,0,1,0,1,1,-0.0402091,0.0213673,-0.0414006,0.620169,0.520823,0.612798,0.524456,0.557883
6479,1,1,0,0,0,1,0,0,0,1,0,1,1,-0.0455362,0.0138251,-0.0550811,0.610672,0.516898,0.612798,0.531721,0.545654
6480,0,0,1,0,0,1,0,0,0,1,0,1,1,-0.0575913,0.0142112,-0.0536749,0.560343,0.515567,0.557153,0.520933,0.570392
6481,1,0,1,0,0,1,0,0,0,1,0,1,1,-0.0639703,0.00655416,-0.0658196,0.550846,0.514393,0.557153,0.519887,0.559886
6482,0,1,1,0,0,1,0,0,0,1,0,1,1,-0.0411586,0.0198993,-0.0396678,0.587764,0.516841,0.588071,0.516793,0.577156
6483,1,1,1,0,0,1,0,0,0,1,0,1,1,-0.0463458,0.0132688,-0.0529934,0.578267,0.51546,0.588071,0.530257,0.567464
6484,0,0,0,1,0,1,0,0,0,1,0,1,1,-0.0546201,0.0162213,-0.0546124,0.573558,0.515126,0.557153,0.530887,0.557289
6485,1,0,0,1,0,1,0,0,0,1,0,1,1,-0.0613354,0.00749554,-0.0665444,0.564061,0.514766,0.557153,0.526273,0.547982
6486,0,1,0,1,0,1,0,0,0,1,0,1,1,-0.0369285,0.0235289,-0.0373117,0.620169,0.51682,0.612798,0.528593,0.566912
6487,1,1,0,1,0,1,0,0,0,1,0,1,1,-0.0422557,0.0160171,-0.0509923,0.610672,0.515737,0.612798,0.527136,0.557117
6488,0,0,1,1,0,1,0,0,0,1,0,1,1,-0.0551938,0.0151549,-0.0514759,0.560343,0.514887,0.557153,0.525005,0.568902
6489,1,0,1,1,0,1,0,0,0,1,0,1,1,-0.0615729,0.00754622,-0.0636207,0.550846,0.514732,0.557153,0.524668,0.566646
6490,0,1,1,1,0,1,0,0,0,1,0,1,1,-0.0386622,0.0207456,-0.03609,0.587764,0.51543,0.588071,0.524887,0.57765
6491,1,1,1,1,0,1,0,0,0,1,0,1,1,-0.0438495,0.014156,-0.0494158,0.578267,0.515111,0.588071,0.525893,0.575968
6492,0,0,0,0,1,1,0,0,0,1,0,1,1,-0.0548353,0.0143204,-0.0612498,0.573558,0.514549,0.547411,0.527408,0.533707
6493,1,0,0,0,1,1,0,0,0,1,0,1,1,-0.0615507,0.00558067,-0.0731815,0.564061,0.514311,0.547411,0.508817,0.531189
6494,0,1,0,0,1,1,0,0,0,1,0,1,1,-0.0376141,0.0213407,-0.0442501,0.620169,0.516716,0.612798,0.542664,0.543074
6495,1,1,0,0,1,1,0,0,0,1,0,1,1,-0.0429412,0.0138132,-0.0579304,0.610672,0.515494,0.612798,0.531344,0.538456
6496,0,0,1,0,1,1,0,0,0,1,0,1,1,-0.0548835,0.0137046,-0.0566922,0.560343,0.514703,0.547411,0.532268,0.554952
6497,1,0,1,0,1,1,0,0,0,1,0,1,1,-0.0612626,0.00606286,-0.0688368,0.550846,0.514539,0.547411,0.514943,0.544825
6498,0,1,1,0,1,1,0,0,0,1,0,1,1,-0.0384505,0.0193873,-0.0426852,0.587764,0.515458,0.588071,0.531636,0.564176
6499,1,1,1,0,1,1,0,0,0,1,0,1,1,-0.0436377,0.0127682,-0.0560107,0.578267,0.515024,0.588071,0.536377,0.555456
6500,0,0,0,1,1,1,0,0,0,1,0,1,1,-0.0529187,0.0152872,-0.0566214,0.573558,0.5145,0.547411,0.525902,0.539473
6501,1,0,0,1,1,1,0,0,0,1,0,1,1,-0.0596341,0.00657382,-0.0685532,0.564061,0.514654,0.547411,0.512152,0.531774
6502,0,1,0,1,1,1,0,0,0,1,0,1,1,-0.0352269,0.022581,-0.0393209,0.620169,0.515498,0.612798,0.538554,0.551037
6503,1,1,0,1,1,1,0,0,0,1,0,1,1,-0.040554,0.015079,-0.0530013,0.610672,0.515141,0.612798,0.526878,0.5407
6504,0,0,1,1,1,1,0,0,0,1,0,1,1,-0.0531739,0.0148502,-0.0534617,0.560343,0.514692,0.547411,0.538837,0.554077
6505,1,0,1,1,1,1,0,0,0,1,0,1,1,-0.059553,0.0072534,-0.0656063,0.550846,0.514735,0.547411,0.528011,0.550538
6506,0,1,1,1,1,1,0,0,0,1,0,1,1,-0.0366421,0.0204344,-0.038076,0.587764,0.515027,0.588071,0.538023,0.563437
6507,1,1,1,1,1,1,0,0,0,1,0,1,1,-0.0418293,0.0138535,-0.0514016,0.578267,0.514922,0.588071,0.537553,0.560611
6508,0,0,0,0,0,0,1,0,0,1,0,1,1,-0.0588094,0.0106147,-0.060824,0.546694,0.509318,0.491866,0.514481,0.567552
6509,1,0,0,0,0,0,1,0,0,1,0,1,1,-0.0655247,0.00184933,-0.0727559,0.537197,0.511876,0.491866,0.526671,0.555737
6510,0,1,0,0,0,0,1,0,0,1,0,1,1,-0.0415887,0.0176418,-0.0438242,0.60195,0.518722,0.568476,0.527083,0.573573
6511,1,1,0,0,0,0,1,0,0,1,0,1,1,-0.0469158,0.0100942,-0.0575046,0.592453,0.516215,0.568476,0.537791,0.562761
6512,0,0,1,0,0,0,1,0,0,1,0,1,1,-0.0589708,0.0104851,-0.0560984,0.533479,0.512609,0.491866,0.503451,0.585763
6513,1,0,1,0,0,0,1,0,0,1,0,1,1,-0.0653498,0.0028181,-0.0682431,0.523982,0.513427,0.491866,0.516065,0.575783
6514,0,1,1,0,0,0,1,0,0,1,0,1,1,-0.0425382,0.0161691,-0.0420912,0.569545,0.515991,0.543748,0.511442,0.591168
6515,1,1,1,0,0,0,1,0,0,1,0,1,1,-0.0477254,0.00953173,-0.0554168,0.560048,0.515171,0.543748,0.531199,0.581929
6516,0,0,0,1,0,0,1,0,0,1,0,1,1,-0.0559856,0.0122941,-0.0576368,0.546694,0.512755,0.491866,0.542313,0.574674
6517,1,0,0,1,0,0,1,0,0,1,0,1,1,-0.062701,0.00355987,-0.0695689,0.537197,0.513976,0.491866,0.540249,0.566026
6518,0,1,0,1,0,0,1,0,0,1,0,1,1,-0.0382943,0.0195929,-0.0403362,0.60195,0.516263,0.568476,0.539687,0.582784
6519,1,1,0,1,0,0,1,0,0,1,0,1,1,-0.0436215,0.0120755,-0.0540167,0.592453,0.515531,0.568476,0.539687,0.573356
6520,0,0,1,1,0,0,1,0,0,1,0,1,1,-0.0565595,0.0112302,-0.0545002,0.533479,0.513976,0.491866,0.530851,0.582457
6521,1,0,1,1,0,0,1,0,0,1,0,1,1,-0.0629385,0.00361129,-0.0666451,0.523982,0.514424,0.491866,0.52659,0.582107
6522,0,1,1,1,0,0,1,0,0,1,0,1,1,-0.040028,0.0168159,-0.0391145,0.569545,0.515192,0.543748,0.526151,0.590703
6523,1,1,1,1,0,0,1,0,0,1,0,1,1,-0.0452153,0.0102195,-0.0524402,0.560048,0.51502,0.543748,0.530243,0.590307
6524,0,0,0,0,1,0,1,0,0,1,0,1,1,-0.0593005,0.00982939,-0.0643109,0.546694,0.511269,0.482124,0.521162,0.554959
6525,1,0,0,0,1,0,1,0,0,1,0,1,1,-0.0660159,0.00107992,-0.0762426,0.537197,0.513229,0.482124,0.527418,0.541847
6526,0,1,0,0,1,0,1,0,0,1,0,1,1,-0.0420799,0.0168475,-0.0473112,0.60195,0.515731,0.568476,0.536777,0.562209
6527,1,1,0,0,1,0,1,0,0,1,0,1,1,-0.0474071,0.00931334,-0.0609914,0.592453,0.51516,0.568476,0.560115,0.55213
6528,0,0,1,0,1,0,1,0,0,1,0,1,1,-0.0593489,0.00921565,-0.0597532,0.533479,0.513481,0.482124,0.531625,0.572205
6529,1,0,1,0,1,0,1,0,0,1,0,1,1,-0.0657279,0.00156411,-0.0718978,0.523982,0.51413,0.482124,0.535504,0.563985
6530,0,1,1,0,1,0,1,0,0,1,0,1,1,-0.0429164,0.0148963,-0.0457463,0.569545,0.515076,0.543748,0.538067,0.580037
6531,1,1,1,0,1,0,1,0,0,1,0,1,1,-0.0481036,0.00827072,-0.0590717,0.560048,0.514891,0.543748,0.555125,0.57149
6532,0,0,0,1,1,0,1,0,0,1,0,1,1,-0.0571497,0.0104877,-0.0605171,0.546694,0.513615,0.482124,0.522218,0.55895
6533,1,0,0,1,1,0,1,0,0,1,0,1,1,-0.0638652,0.00176657,-0.072449,0.537197,0.514356,0.482124,0.518106,0.552963
6534,0,1,0,1,1,0,1,0,0,1,0,1,1,-0.0394586,0.017776,-0.0432167,0.60195,0.515269,0.568476,0.539971,0.568496
6535,1,1,0,1,1,0,1,0,0,1,0,1,1,-0.0447858,0.0102698,-0.0568971,0.592453,0.515055,0.568476,0.538194,0.56142
6536,0,0,1,1,1,0,1,0,0,1,0,1,1,-0.0574052,0.0100566,-0.0573574,0.533479,0.51436,0.482124,0.528513,0.568398
6537,1,0,1,1,1,0,1,0,0,1,0,1,1,-0.0637842,0.00245308,-0.0695022,0.523982,0.514622,0.482124,0.526773,0.568076
6538,0,1,1,1,1,0,1,0,0,1,0,1,1,-0.0408739,0.0156381,-0.0419718,0.569545,0.514935,0.543748,0.538363,0.577015
6539,1,1,1,1,1,0,1,0,0,1,0,1,1,-0.0460611,0.00905389,-0.0552973,0.560048,0.514886,0.543748,0.537241,0.577113
6540,0,0,0,0,0,1,1,0,0,1,0,1,1,-0.0579325,0.0121851,-0.0592303,0.546694,0.514846,0.51874,0.530436,0.547255
6541,1,0,0,0,0,1,1,0,0,1,0,1,1,-0.0646478,0.00342447,-0.0711622,0.537197,0.514309,0.51874,0.527776,0.544165
6542,0,1,0,0,0,1,1,0,0,1,0,1,1,-0.0407118,0.0192201,-0.0422303,0.60195,0.516603,0.58135,0.524869,0.555117
6543,1,1,0,0,0,1,1,0,0,1,0,1,1,-0.0460389,0.0116749,-0.0559108,0.592453,0.515394,0.58135,0.524869,0.549599
6544,0,0,1,0,0,1,1,0,0,1,0,1,1,-0.0580939,0.0120641,-0.0545046,0.533479,0.514794,0.51874,0.522417,0.56714
6545,1,0,1,0,0,1,1,0,0,1,0,1,1,-0.0644729,0.00440228,-0.0666494,0.523982,0.514529,0.51874,0.520034,0.557143
6546,0,1,1,0,0,1,1,0,0,1,0,1,1,-0.0416613,0.0177547,-0.0404974,0.569545,0.515406,0.556622,0.515487,0.573512
6547,1,1,1,0,0,1,1,0,0,1,0,1,1,-0.0468485,0.0111206,-0.053823,0.560048,0.514981,0.556622,0.515303,0.564389
6548,0,0,0,1,0,1,1,0,0,1,0,1,1,-0.0551226,0.0140544,-0.0554421,0.546694,0.514669,0.51874,0.540378,0.556748
6549,1,0,0,1,0,1,1,0,0,1,0,1,1,-0.061838,0.0053253,-0.0673742,0.537197,0.514676,0.51874,0.538628,0.544209
6550,0,1,0,1,0,1,1,0,0,1,0,1,1,-0.0374313,0.0213653,-0.0381413,0.60195,0.515408,0.58135,0.536606,0.563992
6551,1,1,0,1,0,1,1,0,0,1,0,1,1,-0.0427584,0.0138505,-0.0518219,0.592453,0.515082,0.58135,0.53616,0.554522
6552,0,0,1,1,0,1,1,0,0,1,0,1,1,-0.0556964,0.0129943,-0.0523055,0.533479,0.514747,0.51874,0.535927,0.572833
6553,1,0,1,1,0,1,1,0,0,1,0,1,1,-0.0620755,0.00538088,-0.0644504,0.523982,0.51474,0.51874,0.534955,0.565453
6554,0,1,1,1,0,1,1,0,0,1,0,1,1,-0.0391649,0.0185879,-0.0369196,0.569545,0.514991,0.556622,0.527538,0.58081
6555,1,1,1,1,0,1,1,0,0,1,0,1,1,-0.0443522,0.0119948,-0.0502453,0.560048,0.514898,0.556622,0.527538,0.572876
6556,0,0,0,0,1,1,1,0,0,1,0,1,1,-0.0567327,0.0118593,-0.0616858,0.546694,0.514096,0.508998,0.533742,0.537767
6557,1,0,0,0,1,1,1,0,0,1,0,1,1,-0.0634481,0.00311684,-0.0736176,0.537197,0.514387,0.508998,0.515984,0.538295
6558,0,1,0,0,1,1,1,0,0,1,0,1,1,-0.0395118,0.0188833,-0.0446859,0.60195,0.515243,0.58135,0.532203,0.543823
6559,1,1,0,0,1,1,1,0,0,1,0,1,1,-0.0448389,0.0113531,-0.0583663,0.592453,0.514954,0.58135,0.530631,0.54471
6560,0,0,1,0,1,1,1,0,0,1,0,1,1,-0.056781,0.0112506,-0.0571282,0.533479,0.514546,0.508998,0.527257,0.553699
6561,1,0,1,0,1,1,1,0,0,1,0,1,1,-0.06316,0.0036047,-0.0692728,0.523982,0.514623,0.508998,0.524786,0.543437
6562,0,1,1,0,1,1,1,0,0,1,0,1,1,-0.0403482,0.0169361,-0.0431211,0.569545,0.514953,0.556622,0.524218,0.561538
6563,1,1,1,0,1,1,1,0,0,1,0,1,1,-0.0455354,0.0103139,-0.0564466,0.560048,0.514852,0.556622,0.524218,0.552027
6564,0,0,0,1,1,1,1,0,0,1,0,1,1,-0.0548161,0.0128075,-0.0570573,0.546694,0.514507,0.508998,0.535704,0.539371
6565,1,0,0,1,1,1,1,0,0,1,0,1,1,-0.0615315,0.00409134,-0.0689893,0.537197,0.514677,0.508998,0.519366,0.53664
6566,0,1,0,1,1,1,1,0,0,1,0,1,1,-0.0371246,0.0201053,-0.0397567,0.60195,0.514978,0.58135,0.538932,0.548965
6567,1,1,0,1,1,1,1,0,0,1,0,1,1,-0.0424517,0.0126006,-0.0534371,0.592453,0.514897,0.58135,0.532947,0.542794
6568,0,0,1,1,1,1,1,0,0,1,0,1,1,-0.0550714,0.0123778,-0.0538975,0.533479,0.514701,0.508998,0.536319,0.557131
6569,1,0,1,1,1,1,1,0,0,1,0,1,1,-0.0614504,0.00477681,-0.0660423,0.523982,0.514758,0.508998,0.528046,0.550067
6570,0,1,1,1,1,1,1,0,0,1,0,1,1,-0.0385398,0.0179653,-0.0385118,0.569545,0.514863,0.556622,0.531462,0.56615
6571,1,1,1,1,1,1,1,0,0,1,0,1,1,-0.043727,0.0113812,-0.0518374,0.560048,0.514842,0.556622,0.531462,0.560409
6572,0,0,0,0,0,0,0,1,0,1,0,1,1,-0.0542809,0.0147369,-0.0592933,0.565401,0.511572,0.53028,0.517684,0.584461
6573,1,0,0,0,0,0,0,1,0,1,0,1,1,-0.060996,0.0059682,-0.071225,0.555904,0.512867,0.53028,0.510566,0.576636
6574,0,1,0,0,0,0,0,1,0,1,0,1,1,-0.0370603,0.0217516,-0.0422936,0.612012,0.520288,0.604937,0.541164,0.59298
6575,1,1,0,0,0,0,0,1,0,1,0,1,1,-0.0423873,0.014199,-0.055974,0.602515,0.516908,0.604937,0.540898,0.583608
6576,0,0,1,0,0,0,0,1,0,1,0,1,1,-0.0544423,0.0145957,-0.0545677,0.552186,0.513448,0.53028,0.525823,0.592559
6577,1,0,1,0,0,0,0,1,0,1,0,1,1,-0.060821,0.00691949,-0.0667123,0.542689,0.513816,0.53028,0.525313,0.592321
6578,0,1,1,0,0,0,0,1,0,1,0,1,1,-0.0380097,0.0202707,-0.0405607,0.579607,0.516569,0.580209,0.542903,0.599215
6579,1,1,1,0,0,0,0,1,0,1,0,1,1,-0.0431968,0.0136235,-0.0538863,0.57011,0.515439,0.580209,0.546243,0.600041
6580,0,0,0,1,0,0,0,1,0,1,0,1,1,-0.051457,0.0164177,-0.0561062,0.565401,0.513481,0.53028,0.532673,0.579631
6581,1,0,0,1,0,0,0,1,0,1,0,1,1,-0.0581722,0.00768019,-0.068038,0.555904,0.514329,0.53028,0.519442,0.579212
6582,0,1,0,1,0,0,0,1,0,1,0,1,1,-0.0337659,0.0237049,-0.0388057,0.612012,0.516843,0.604937,0.539176,0.588859
6583,1,1,0,1,0,0,0,1,0,1,0,1,1,-0.039093,0.0161827,-0.0524862,0.602515,0.515815,0.604937,0.539888,0.588845
6584,0,0,1,1,0,0,0,1,0,1,0,1,1,-0.0520309,0.015336,-0.0529696,0.552186,0.514246,0.53028,0.524719,0.585814
6585,1,0,1,1,0,0,0,1,0,1,0,1,1,-0.0584098,0.00770797,-0.0651144,0.542689,0.514559,0.53028,0.519673,0.587117
6586,0,1,1,1,0,0,0,1,0,1,0,1,1,-0.0354995,0.0209126,-0.037584,0.579607,0.515402,0.580209,0.540467,0.591403
6587,1,1,1,1,0,0,0,1,0,1,0,1,1,-0.0406867,0.0143065,-0.0509097,0.57011,0.515127,0.580209,0.545731,0.595597
6588,0,0,0,0,1,0,0,1,0,1,0,1,1,-0.0543116,0.0144974,-0.0629844,0.565401,0.512638,0.520538,0.517632,0.570256
6589,1,0,0,0,1,0,0,1,0,1,0,1,1,-0.0610267,0.00574348,-0.074916,0.555904,0.513792,0.520538,0.518648,0.564765
6590,0,1,0,0,1,0,0,1,0,1,0,1,1,-0.037091,0.0215034,-0.0459848,0.612012,0.516481,0.604937,0.539641,0.579834
6591,1,1,0,0,1,0,0,1,0,1,0,1,1,-0.042418,0.0139637,-0.0596651,0.602515,0.515479,0.604937,0.54134,0.573163
6592,0,0,1,0,1,0,0,1,0,1,0,1,1,-0.0543599,0.0138667,-0.0584268,0.552186,0.513989,0.520538,0.531037,0.578461
6593,1,0,1,0,1,0,0,1,0,1,0,1,1,-0.0607387,0.0062051,-0.0705713,0.542689,0.514347,0.520538,0.530931,0.578242
6594,0,1,1,0,1,0,0,1,0,1,0,1,1,-0.0379274,0.0195388,-0.04442,0.579607,0.515352,0.580209,0.547676,0.58734
6595,1,1,1,0,1,0,0,1,0,1,0,1,1,-0.0431145,0.0129029,-0.0577454,0.57011,0.515013,0.580209,0.55048,0.587352
6596,0,0,0,1,1,0,0,1,0,1,0,1,1,-0.0521607,0.0151611,-0.0591908,0.565401,0.514022,0.520538,0.510278,0.56519
6597,1,0,0,1,1,0,0,1,0,1,0,1,1,-0.058876,0.00643567,-0.0711225,0.555904,0.514537,0.520538,0.510271,0.565504
6598,0,1,0,1,1,0,0,1,0,1,0,1,1,-0.0344696,0.0224379,-0.0418905,0.612012,0.515524,0.604937,0.524455,0.575086
6599,1,1,0,1,1,0,0,1,0,1,0,1,1,-0.0397967,0.0149263,-0.0555708,0.602515,0.515175,0.604937,0.529374,0.575193
6600,0,0,1,1,1,0,0,1,0,1,0,1,1,-0.0524161,0.0147104,-0.0560311,0.552186,0.514511,0.520538,0.517696,0.572212
6601,1,0,1,1,1,0,0,1,0,1,0,1,1,-0.0587949,0.00709694,-0.0681757,0.542689,0.514691,0.520538,0.518145,0.573188
6602,0,1,1,1,1,0,0,1,0,1,0,1,1,-0.0358848,0.0202832,-0.0406456,0.579607,0.515027,0.580209,0.527355,0.581348
6603,1,1,1,1,1,0,0,1,0,1,0,1,1,-0.0410719,0.0136888,-0.0539711,0.57011,0.514932,0.580209,0.532671,0.582228
6604,0,0,0,0,0,1,0,1,0,1,0,1,1,-0.0543252,0.0172233,-0.055781,0.565401,0.515718,0.557153,0.532656,0.568794
6605,1,0,0,0,0,1,0,1,0,1,0,1,1,-0.0610403,0.00846031,-0.0677129,0.555904,0.514699,0.557153,0.506541,0.558295
6606,0,1,0,0,0,1,0,1,0,1,0,1,1,-0.0371046,0.0242482,-0.0387811,0.612012,0.517115,0.617811,0.531869,0.575948
6607,1,1,0,0,0,1,0,1,0,1,0,1,1,-0.0424316,0.0166997,-0.0524616,0.602515,0.515629,0.617811,0.535637,0.566321
6608,0,0,1,0,0,1,0,1,0,1,0,1,1,-0.0544865,0.0170956,-0.0510554,0.552186,0.515119,0.557153,0.533577,0.584127
6609,1,0,1,0,0,1,0,1,0,1,0,1,1,-0.0608654,0.00942851,-0.0632001,0.542689,0.514681,0.557153,0.520132,0.577717
6610,0,1,1,0,0,1,0,1,0,1,0,1,1,-0.038054,0.022778,-0.0370482,0.579607,0.515596,0.593083,0.532952,0.59238
6611,1,1,1,0,0,1,0,1,0,1,0,1,1,-0.0432411,0.0161381,-0.050374,0.57011,0.515073,0.593083,0.54546,0.584778
6612,0,0,0,1,0,1,0,1,0,1,0,1,1,-0.0515153,0.0190981,-0.0519929,0.565401,0.51496,0.557153,0.539337,0.571626
6613,1,0,0,1,0,1,0,1,0,1,0,1,1,-0.0582305,0.0103667,-0.0639248,0.555904,0.514818,0.557153,0.5236,0.566888
6614,0,1,0,1,0,1,0,1,0,1,0,1,1,-0.033824,0.0263997,-0.0346921,0.612012,0.515592,0.617811,0.536781,0.580567
6615,1,1,0,1,0,1,0,1,0,1,0,1,1,-0.0391511,0.0188817,-0.0483728,0.602515,0.515177,0.617811,0.536781,0.575189
6616,0,0,1,1,0,1,0,1,0,1,0,1,1,-0.052089,0.0180267,-0.0488563,0.552186,0.514855,0.557153,0.535296,0.579019
6617,1,0,1,1,0,1,0,1,0,1,0,1,1,-0.0584679,0.0104081,-0.0610011,0.542689,0.514795,0.557153,0.532074,0.578986
6618,0,1,1,1,0,1,0,1,0,1,0,1,1,-0.0355576,0.0236126,-0.0334705,0.579607,0.515058,0.593083,0.533157,0.587261
6619,1,1,1,1,0,1,0,1,0,1,0,1,1,-0.0407448,0.0170138,-0.0467962,0.57011,0.514934,0.593083,0.53859,0.587283
6620,0,0,0,0,1,1,0,1,0,1,0,1,1,-0.0517306,0.0172219,-0.0586303,0.565401,0.514743,0.547411,0.523628,0.555644
6621,1,0,0,0,1,1,0,1,0,1,0,1,1,-0.0584458,0.00847637,-0.070562,0.555904,0.51465,0.547411,0.512425,0.543881
6622,0,1,0,0,1,1,0,1,0,1,0,1,1,-0.0345096,0.0242353,-0.0416305,0.612012,0.515547,0.617811,0.533905,0.563938
6623,1,1,0,0,1,1,0,1,0,1,0,1,1,-0.0398366,0.0167014,-0.0553109,0.602515,0.515083,0.617811,0.530279,0.555265
6624,0,0,1,0,1,1,0,1,0,1,0,1,1,-0.0517788,0.0166022,-0.0540727,0.552186,0.514786,0.547411,0.537143,0.570291
6625,1,0,1,0,1,1,0,1,0,1,0,1,1,-0.0581577,0.00895032,-0.0662172,0.542689,0.514723,0.547411,0.526779,0.565294
6626,0,1,1,0,1,1,0,1,0,1,0,1,1,-0.0353459,0.0222792,-0.0400657,0.579607,0.515066,0.593083,0.542539,0.57913
6627,1,1,1,0,1,1,0,1,0,1,0,1,1,-0.0405331,0.0156507,-0.0533912,0.57011,0.514901,0.593083,0.548636,0.573704
6628,0,0,0,1,1,1,0,1,0,1,0,1,1,-0.0498139,0.0181779,-0.0540019,0.565401,0.514712,0.547411,0.519009,0.556491
6629,1,0,0,1,1,1,0,1,0,1,0,1,1,-0.0565292,0.00945867,-0.0659337,0.555904,0.514765,0.547411,0.506507,0.552111
6630,0,1,0,1,1,1,0,1,0,1,0,1,1,-0.0321224,0.0254656,-0.0367013,0.612012,0.515081,0.617811,0.530067,0.566628
6631,1,1,0,1,1,1,0,1,0,1,0,1,1,-0.0374494,0.0179572,-0.0503818,0.602515,0.514944,0.617811,0.520331,0.562676
6632,0,0,1,1,1,1,0,1,0,1,0,1,1,-0.0500691,0.0177366,-0.0508422,0.552186,0.514777,0.547411,0.529916,0.565074
6633,1,0,1,1,1,1,0,1,0,1,0,1,1,-0.056448,0.0101297,-0.0629868,0.542689,0.514791,0.547411,0.521247,0.565679
6634,0,1,1,1,1,1,0,1,0,1,0,1,1,-0.0335375,0.023316,-0.0354565,0.579607,0.514901,0.593083,0.53978,0.57384
6635,1,1,1,1,1,1,0,1,0,1,0,1,1,-0.0387247,0.0167258,-0.0487821,0.57011,0.51486,0.593083,0.538494,0.574374
6636,1,0,0,0,0,0,1,1,0,1,0,1,1,-0.0632455,0.00375535,-0.0709096,0.537197,0.513788,0.491866,0.52909,0.57415
6637,0,1,0,0,0,0,1,1,0,1,0,1,1,-0.0393101,0.0195463,-0.0419779,0.60195,0.516343,0.573488,0.542893,0.589972
6638,1,1,0,0,0,0,1,1,0,1,0,1,1,-0.0446371,0.0119915,-0.0556583,0.592453,0.515379,0.573488,0.548204,0.580729
6639,0,0,1,0,0,0,1,1,0,1,0,1,1,-0.0566919,0.0123936,-0.054252,0.533479,0.514029,0.491866,0.529049,0.596856
6640,1,0,1,0,0,0,1,1,0,1,0,1,1,-0.0630707,0.0047157,-0.0663968,0.523982,0.514327,0.491866,0.5182,0.5919
6641,0,1,1,0,0,0,1,1,0,1,0,1,1,-0.0402595,0.018071,-0.040245,0.569545,0.515284,0.548761,0.528005,0.603786
6642,1,1,1,0,0,0,1,1,0,1,0,1,1,-0.0454467,0.0114235,-0.0535706,0.560048,0.514967,0.548761,0.538916,0.597814
6643,0,0,0,1,0,0,1,1,0,1,0,1,1,-0.0537066,0.0141964,-0.0557905,0.546694,0.514086,0.491866,0.550125,0.58472
6644,1,0,0,1,0,0,1,1,0,1,0,1,1,-0.0604218,0.00545544,-0.0677225,0.537197,0.514528,0.491866,0.543806,0.582865
6645,0,1,0,1,0,0,1,1,0,1,0,1,1,-0.0360157,0.0214878,-0.0384899,0.60195,0.515388,0.573488,0.549939,0.593497
6646,1,1,0,1,0,0,1,1,0,1,0,1,1,-0.0413428,0.0139634,-0.0521704,0.592453,0.515101,0.573488,0.549939,0.589751
6647,0,0,1,1,0,0,1,1,0,1,0,1,1,-0.0542806,0.013127,-0.0526539,0.533479,0.514519,0.491866,0.539328,0.591042
6648,1,0,1,1,0,0,1,1,0,1,0,1,1,-0.0606594,0.0054972,-0.0647988,0.523982,0.514681,0.491866,0.527224,0.591645
6649,0,1,1,1,0,0,1,1,0,1,0,1,1,-0.0377493,0.0187066,-0.0372682,0.569545,0.514971,0.548761,0.534917,0.598734
6650,1,1,1,1,0,0,1,1,0,1,0,1,1,-0.0429365,0.0121001,-0.0505939,0.560048,0.514901,0.548761,0.536783,0.599432
6651,0,0,0,0,1,0,1,1,0,1,0,1,1,-0.0570216,0.0117575,-0.0624646,0.546694,0.513535,0.482124,0.526164,0.572482
6652,1,0,0,0,1,0,1,1,0,1,0,1,1,-0.0637367,0.00300126,-0.0743963,0.537197,0.514253,0.482124,0.520833,0.563285
6653,0,1,0,0,1,0,1,1,0,1,0,1,1,-0.0398013,0.0187674,-0.0454649,0.60195,0.515185,0.573488,0.546607,0.579642
6654,1,1,0,0,1,0,1,1,0,1,0,1,1,-0.0451283,0.0112261,-0.0591452,0.592453,0.514961,0.573488,0.548559,0.571196
6655,0,0,1,0,1,0,1,1,0,1,0,1,1,-0.05707,0.0111392,-0.0579069,0.533479,0.514336,0.482124,0.524971,0.583514
6656,1,0,1,0,1,0,1,1,0,1,0,1,1,-0.0634489,0.00347674,-0.0700515,0.523982,0.514573,0.482124,0.520164,0.581178
6657,0,1,1,0,1,0,1,1,0,1,0,1,1,-0.0406377,0.0168133,-0.0439,0.569545,0.514925,0.548761,0.533617,0.59183
6658,1,1,1,0,1,0,1,1,0,1,0,1,1,-0.0458248,0.0101776,-0.0572255,0.560048,0.514852,0.548761,0.536693,0.58818
6659,0,0,0,1,1,0,1,1,0,1,0,1,1,-0.0548707,0.0124047,-0.0586709,0.546694,0.514386,0.482124,0.528951,0.571649
6660,1,0,0,1,1,0,1,1,0,1,0,1,1,-0.061586,0.00367684,-0.0706027,0.537197,0.514656,0.482124,0.525448,0.56947
6661,0,1,0,1,1,0,1,1,0,1,0,1,1,-0.03718,0.0196857,-0.0413704,0.60195,0.514997,0.573488,0.547594,0.58044
6662,1,1,0,1,1,0,1,1,0,1,0,1,1,-0.042507,0.0121724,-0.0550508,0.592453,0.514913,0.573488,0.547342,0.57887
6663,0,0,1,1,1,0,1,1,0,1,0,1,1,-0.0551262,0.0119686,-0.0555111,0.533479,0.514654,0.482124,0.532741,0.578045
6664,1,0,1,1,1,0,1,1,0,1,0,1,1,-0.0615051,0.00435417,-0.0676559,0.523982,0.51475,0.482124,0.530506,0.578785
6665,0,1,1,1,1,0,1,1,0,1,0,1,1,-0.0385952,0.0175441,-0.0401256,0.569545,0.514867,0.548761,0.544363,0.586175
6666,1,1,1,1,1,0,1,1,0,1,0,1,1,-0.0437823,0.0109497,-0.0534511,0.560048,0.514847,0.548761,0.544853,0.58682
6667,0,0,0,0,0,1,1,1,0,1,0,1,1,-0.0551363,0.0145364,-0.0562662,0.546694,0.514851,0.51874,0.539765,0.567019
6668,1,0,0,0,0,1,1,1,0,1,0,1,1,-0.0618514,0.00576975,-0.0681982,0.537197,0.514651,0.51874,0.5321,0.557146
6669,0,1,0,0,0,1,1,1,0,1,0,1,1,-0.0379158,0.0215655,-0.0392662,0.60195,0.515505,0.586362,0.536965,0.573731
6670,1,1,0,0,0,1,1,1,0,1,0,1,1,-0.0432428,0.0140142,-0.0529468,0.592453,0.515047,0.586362,0.536965,0.564824
6671,0,0,1,0,0,1,1,1,0,1,0,1,1,-0.0552977,0.0144137,-0.0515406,0.533479,0.514819,0.51874,0.527911,0.583935
6672,1,0,1,0,0,1,1,1,0,1,0,1,1,-0.0616766,0.00674308,-0.0636853,0.523982,0.51472,0.51874,0.524897,0.57554
6673,0,1,1,0,0,1,1,1,0,1,0,1,1,-0.0388653,0.0200992,-0.0375333,0.569545,0.515047,0.561634,0.525414,0.589899
6674,1,1,1,0,0,1,1,1,0,1,0,1,1,-0.0440524,0.0134571,-0.050859,0.560048,0.514885,0.561634,0.524826,0.58223
6675,0,0,0,1,0,1,1,1,0,1,0,1,1,-0.0523264,0.0163937,-0.0524781,0.546694,0.514773,0.51874,0.54938,0.574127
6676,1,0,0,1,0,1,1,1,0,1,0,1,1,-0.0590416,0.00765872,-0.0644101,0.537197,0.514774,0.51874,0.544427,0.565517
6677,0,1,0,1,0,1,1,1,0,1,0,1,1,-0.0346353,0.0236998,-0.0351772,0.60195,0.515048,0.586362,0.544655,0.581213
6678,1,1,0,1,0,1,1,1,0,1,0,1,1,-0.0399623,0.016179,-0.0488579,0.592453,0.514923,0.586362,0.544655,0.573357
6679,0,0,1,1,0,1,1,1,0,1,0,1,1,-0.0529002,0.015332,-0.0493415,0.533479,0.514796,0.51874,0.541112,0.583825
6680,1,0,1,1,0,1,1,1,0,1,0,1,1,-0.0592792,0.00770982,-0.0614863,0.523982,0.514793,0.51874,0.541112,0.582471
6681,0,1,1,1,0,1,1,1,0,1,0,1,1,-0.0363689,0.0209215,-0.0339555,0.569545,0.514887,0.561634,0.534208,0.59136
6682,1,1,1,1,0,1,1,1,0,1,0,1,1,-0.0415561,0.0143204,-0.0472813,0.560048,0.514851,0.561634,0.534208,0.589353
6683,0,0,0,0,1,1,1,1,0,1,0,1,1,-0.0539365,0.0142223,-0.0587218,0.546694,0.514561,0.508998,0.541507,0.554696
6684,1,0,0,0,1,1,1,1,0,1,0,1,1,-0.0606517,0.00547375,-0.0706536,0.537197,0.514667,0.508998,0.522047,0.546239
6685,0,1,0,0,1,1,1,1,0,1,0,1,1,-0.0367158,0.0212404,-0.0417219,0.60195,0.514986,0.586362,0.546359,0.562736
6686,1,1,0,0,1,1,1,1,0,1,0,1,1,-0.0420429,0.0137041,-0.0554023,0.592453,0.514875,0.586362,0.537741,0.553968
6687,0,0,1,0,1,1,1,1,0,1,0,1,1,-0.0539848,0.0136122,-0.0541641,0.533479,0.514722,0.508998,0.539924,0.571811
6688,1,0,1,0,1,1,1,1,0,1,0,1,1,-0.0603637,0.00595744,-0.0663088,0.523982,0.51475,0.508998,0.532789,0.564166
6689,0,1,1,0,1,1,1,1,0,1,0,1,1,-0.0375522,0.0192926,-0.040157,0.569545,0.514873,0.561634,0.538598,0.579125
6690,1,1,1,0,1,1,1,1,0,1,0,1,1,-0.0427394,0.0126623,-0.0534826,0.560048,0.514834,0.561634,0.547755,0.572119
6691,0,0,0,1,1,1,1,1,0,1,0,1,1,-0.0520198,0.0151585,-0.0540933,0.546694,0.514708,0.508998,0.541417,0.559827
6692,1,0,0,1,1,1,1,1,0,1,0,1,1,-0.0587351,0.00643622,-0.0660252,0.537197,0.51477,0.508998,0.525638,0.551429
6693,0,1,0,1,1,1,1,1,0,1,0,1,1,-0.0343286,0.0224513,-0.0367926,0.60195,0.514882,0.586362,0.548718,0.568936
6694,1,1,0,1,1,1,1,1,0,1,0,1,1,-0.0396557,0.0149405,-0.0504731,0.592453,0.51485,0.586362,0.538624,0.56189
6695,0,0,1,1,1,1,1,1,0,1,0,1,1,-0.0522752,0.0147281,-0.0509335,0.533479,0.514777,0.508998,0.55016,0.571219
6696,1,0,1,1,1,1,1,1,0,1,0,1,1,-0.0586541,0.0071183,-0.0630783,0.523982,0.514798,0.508998,0.539049,0.568684
6697,0,1,1,1,1,1,1,1,0,1,0,1,1,-0.0357438,0.0203115,-0.0355477,0.569545,0.514837,0.561634,0.547759,0.579018
6698,1,1,1,1,1,1,1,1,0,1,0,1,1,-0.0409309,0.0137194,-0.0488734,0.560048,0.514829,0.561634,0.548576,0.577565
6699,0,0,0,0,0,0,0,0,1,1,0,1,1,-0.0571502,0.0121549,-0.0587873,0.573558,0.511428,0.53028,0.486502,0.572687
6700,1,0,0,0,0,0,0,0,1,1,0,1,1,-0.0638652,0.0033913,-0.0707192,0.564061,0.512687,0.53028,0.516636,0.571342
6701,0,1,0,0,0,0,0,0,1,1,0,1,1,-0.0399295,0.0191787,-0.0417877,0.611204,0.520039,0.593604,0.532102,0.582352
6702,1,1,0,0,0,0,0,0,1,1,0,1,1,-0.0452566,0.0116301,-0.0554681,0.601707,0.516827,0.593604,0.571978,0.581276
6703,0,0,1,0,0,0,0,0,1,1,0,1,1,-0.0573115,0.0120194,-0.0540617,0.560343,0.51337,0.53028,0.515598,0.580774
6704,1,0,1,0,0,0,0,0,1,1,0,1,1,-0.0636903,0.00435187,-0.0662065,0.550846,0.513764,0.53028,0.550546,0.58075
6705,0,1,1,0,0,0,0,0,1,1,0,1,1,-0.040879,0.0177006,-0.0400548,0.578799,0.516422,0.568876,0.548785,0.589664
6706,1,1,1,0,0,0,0,0,1,1,0,1,1,-0.0460661,0.0110596,-0.0533804,0.569302,0.515403,0.568876,0.57044,0.589641
6707,0,0,0,1,0,0,0,0,1,1,0,1,1,-0.0543263,0.0138397,-0.0556002,0.573558,0.51316,0.53028,0.539437,0.56762
6708,1,0,0,1,0,0,0,0,1,1,0,1,1,-0.0610415,0.00510731,-0.0675322,0.564061,0.514194,0.53028,0.548812,0.567511
6709,0,1,0,1,0,0,0,0,1,1,0,1,1,-0.0366351,0.021138,-0.0382998,0.611204,0.516459,0.593604,0.541109,0.577579
6710,1,1,0,1,0,0,0,0,1,1,0,1,1,-0.0419622,0.0136197,-0.0519803,0.601707,0.51571,0.593604,0.554738,0.577422
6711,0,0,1,1,0,0,0,0,1,1,0,1,1,-0.0549001,0.012765,-0.0524637,0.560343,0.514112,0.53028,0.550828,0.572628
6712,1,0,1,1,0,0,0,0,1,1,0,1,1,-0.061279,0.00514564,-0.0646085,0.550846,0.514513,0.53028,0.559303,0.575618
6713,0,1,1,1,0,0,0,0,1,1,0,1,1,-0.0383688,0.0183484,-0.0370781,0.578799,0.515225,0.568876,0.55269,0.581265
6714,0,0,0,0,1,0,0,0,1,1,0,1,1,-0.0571808,0.0119198,-0.0624785,0.573558,0.512507,0.520538,0.51856,0.558243
6715,1,0,0,0,1,0,0,0,1,1,0,1,1,-0.063896,0.00317108,-0.0744102,0.564061,0.513697,0.520538,0.535407,0.556488
6716,0,1,0,0,1,0,0,0,1,1,0,1,1,-0.0399602,0.0189349,-0.0454791,0.611204,0.51631,0.593604,0.538851,0.568464
6717,1,1,0,0,1,0,0,0,1,1,0,1,1,-0.0452872,0.0113993,-0.0591593,0.601707,0.51542,0.593604,0.562336,0.567228
6718,0,0,1,0,1,0,0,0,1,1,0,1,1,-0.0572291,0.0112955,-0.0579209,0.560343,0.513932,0.520538,0.547345,0.566513
6719,1,0,1,0,1,0,0,0,1,1,0,1,1,-0.0636079,0.00364257,-0.0700655,0.550846,0.514317,0.520538,0.555625,0.566665
6720,0,1,1,0,1,0,0,0,1,1,0,1,1,-0.0407966,0.0169738,-0.0439142,0.578799,0.515269,0.568876,0.553986,0.576104
6721,1,1,1,0,1,0,0,0,1,1,0,1,1,-0.0459837,0.0103441,-0.0572396,0.569302,0.514989,0.568876,0.570245,0.576133
6722,0,0,0,1,1,0,0,0,1,1,0,1,1,-0.0550299,0.0125862,-0.0586848,0.573558,0.513926,0.520538,0.554655,0.552547
6723,1,0,0,1,1,0,0,0,1,1,0,1,1,-0.0617452,0.00386601,-0.0706167,0.564061,0.514495,0.520538,0.554528,0.553186
6724,0,1,0,1,1,0,0,0,1,1,0,1,1,-0.0373388,0.0198741,-0.0413846,0.611204,0.515376,0.593604,0.554532,0.562968
6725,1,1,0,1,1,0,0,0,1,1,0,1,1,-0.0426659,0.0123665,-0.0550649,0.601707,0.515134,0.593604,0.564353,0.5635
6726,0,0,1,1,1,0,0,0,1,1,0,1,1,-0.0552853,0.0121436,-0.0555251,0.560343,0.51447,0.520538,0.562789,0.559226
6727,1,0,1,1,1,0,0,0,1,1,0,1,1,-0.0616641,0.00453879,-0.0676698,0.550846,0.514677,0.520538,0.564313,0.560882
6728,0,1,1,1,1,0,0,0,1,1,0,1,1,-0.038754,0.0177231,-0.0401397,0.578799,0.51496,0.568876,0.561925,0.568964
6729,1,1,1,1,1,0,0,0,1,1,0,1,1,-0.0439411,0.0111347,-0.0534652,0.569302,0.514914,0.568876,0.57083,0.570543
6730,0,0,0,0,0,1,0,0,1,1,0,1,1,-0.0573133,0.0145531,-0.0565393,0.573558,0.515738,0.557153,0.528399,0.562654
6731,1,0,0,0,0,1,0,0,1,1,0,1,1,-0.0640284,0.00579408,-0.0684713,0.564061,0.51466,0.557153,0.544311,0.555057
6732,0,1,0,0,0,1,0,0,1,1,0,1,1,-0.0400927,0.0215856,-0.0395395,0.611204,0.517003,0.606478,0.553601,0.572334
6733,1,1,0,0,0,1,0,0,1,1,0,1,1,-0.0454197,0.0140398,-0.05322,0.601707,0.515592,0.606478,0.577444,0.563738
6734,0,0,1,0,0,1,0,0,1,1,0,1,1,-0.0574746,0.0144301,-0.0518137,0.560343,0.515118,0.557153,0.533831,0.572825
6735,1,0,1,0,0,1,0,0,1,1,0,1,1,-0.0638534,0.00677002,-0.0639585,0.550846,0.514672,0.557153,0.54749,0.572047
6736,0,1,1,0,0,1,0,0,1,1,0,1,1,-0.0410422,0.0201178,-0.0378067,0.578799,0.515536,0.58175,0.535562,0.58152
6737,1,1,1,0,0,1,0,0,1,1,0,1,1,-0.0462293,0.0134822,-0.0511323,0.569302,0.515057,0.58175,0.55834,0.580635
6738,0,0,0,1,0,1,0,0,1,1,0,1,1,-0.0545034,0.0164294,-0.0527512,0.573558,0.514872,0.557153,0.545514,0.559792
6739,1,0,0,1,0,1,0,0,1,1,0,1,1,-0.0612186,0.00770192,-0.0646833,0.564061,0.51478,0.557153,0.543142,0.558465
6740,0,1,0,1,0,1,0,0,1,1,0,1,1,-0.0368122,0.0237406,-0.0354506,0.611204,0.51545,0.606478,0.547033,0.569349
6741,1,1,0,1,0,1,0,0,1,1,0,1,1,-0.0421393,0.0162253,-0.0491311,0.601707,0.515138,0.606478,0.550337,0.568768
6742,0,0,1,1,0,1,0,0,1,1,0,1,1,-0.0550772,0.0153638,-0.0496146,0.560343,0.514818,0.557153,0.535851,0.567234
6743,1,0,1,1,0,1,0,0,1,1,0,1,1,-0.0614561,0.00775213,-0.0617595,0.550846,0.514782,0.557153,0.541333,0.567574
6744,0,1,1,1,0,1,0,0,1,1,0,1,1,-0.0385458,0.0209555,-0.0342289,0.578799,0.514993,0.58175,0.533364,0.576142
6745,1,1,1,1,0,1,0,0,1,1,0,1,1,-0.043733,0.0143609,-0.0475546,0.569302,0.514918,0.58175,0.544639,0.576375
6746,0,0,0,0,1,1,0,0,1,1,0,1,1,-0.0547187,0.0145659,-0.0593886,0.573558,0.514824,0.547411,0.55649,0.546996
6747,1,0,0,0,1,1,0,0,1,1,0,1,1,-0.0614339,0.00582444,-0.0713204,0.564061,0.514663,0.547411,0.560416,0.538771
6748,0,1,0,0,1,1,0,0,1,1,0,1,1,-0.0374978,0.0215869,-0.042389,0.611204,0.515521,0.606478,0.562706,0.557463
6749,1,1,0,0,1,1,0,0,1,1,0,1,1,-0.0428248,0.0140558,-0.0560693,0.601707,0.515075,0.606478,0.582483,0.551164
6750,0,0,1,0,1,1,0,0,1,1,0,1,1,-0.0547669,0.0139513,-0.0548311,0.560343,0.514813,0.547411,0.547528,0.558808
6751,1,0,1,0,1,1,0,0,1,1,0,1,1,-0.0611458,0.00630651,-0.0669757,0.550846,0.51473,0.547411,0.559428,0.557069
6752,0,1,1,0,1,1,0,0,1,1,0,1,1,-0.0383341,0.0196336,-0.0408242,0.578799,0.51505,0.58175,0.547188,0.568015
6753,1,1,1,0,1,1,0,0,1,1,0,1,1,-0.0435213,0.0130095,-0.0541496,0.569302,0.514897,0.58175,0.562847,0.567198
6754,0,0,0,1,1,1,0,0,1,1,0,1,1,-0.052802,0.0155231,-0.0547602,0.573558,0.514725,0.547411,0.545359,0.545422
6755,1,0,0,1,1,1,0,0,1,1,0,1,1,-0.0595174,0.00680804,-0.0666921,0.564061,0.514768,0.547411,0.549984,0.543596
6756,0,1,0,1,1,1,0,0,1,1,0,1,1,-0.0351105,0.0228205,-0.0374597,0.611204,0.515043,0.606478,0.553616,0.555478
6757,1,1,0,1,1,1,0,0,1,1,0,1,1,-0.0404376,0.015315,-0.0511401,0.601707,0.514935,0.606478,0.561166,0.553769
6758,0,0,1,1,1,1,0,0,1,1,0,1,1,-0.0530572,0.015088,-0.0516005,0.560343,0.51478,0.547411,0.54438,0.552694
6759,1,0,1,1,1,1,0,0,1,1,0,1,1,-0.0594362,0.00748815,-0.0637452,0.550846,0.514793,0.547411,0.550874,0.553606
6760,0,1,1,1,1,1,0,0,1,1,0,1,1,-0.0365257,0.0206731,-0.0362149,0.578799,0.514882,0.58175,0.539952,0.562018
6761,1,1,1,1,1,1,0,0,1,1,0,1,1,-0.0417129,0.0140872,-0.0495405,0.569302,0.514856,0.58175,0.550331,0.562863
6762,0,0,0,0,0,0,1,0,1,1,0,1,1,-0.0589893,0.0110961,-0.0587611,0.546694,0.512854,0.491866,0.525182,0.577966
6763,1,0,0,0,0,0,1,0,1,1,0,1,1,-0.0657045,0.00232676,-0.0706931,0.537197,0.513743,0.491866,0.55325,0.572001
6764,0,1,0,0,0,0,1,0,1,1,0,1,1,-0.0417689,0.0181233,-0.0417614,0.592985,0.516245,0.562156,0.54736,0.587071
6765,1,1,0,0,0,0,1,0,1,1,0,1,1,-0.047096,0.0105698,-0.0554418,0.583488,0.515345,0.562156,0.575326,0.579362
6766,0,0,1,0,0,0,1,0,1,1,0,1,1,-0.0591507,0.0109673,-0.0540355,0.533479,0.51402,0.491866,0.516711,0.585757
6767,1,0,1,0,0,0,1,0,1,1,0,1,1,-0.0655295,0.00329438,-0.0661803,0.523982,0.514316,0.491866,0.544554,0.585323
6768,0,1,1,0,0,0,1,0,1,1,0,1,1,-0.0427184,0.0166504,-0.0400284,0.56058,0.515228,0.537428,0.532224,0.593773
6769,1,1,1,0,0,0,1,0,1,1,0,1,1,-0.0479055,0.0100053,-0.053354,0.551083,0.514952,0.537428,0.555621,0.593631
6770,1,0,0,1,0,0,1,0,1,1,0,1,1,-0.0628808,0.00403023,-0.067506,0.537197,0.51449,0.491866,0.559259,0.573369
6771,0,1,0,1,0,0,1,0,1,1,0,1,1,-0.0384745,0.0200703,-0.0382734,0.592985,0.515251,0.562156,0.548736,0.582516
6772,1,1,0,1,0,0,1,0,1,1,0,1,1,-0.0438016,0.0125472,-0.0519539,0.583488,0.515063,0.562156,0.556877,0.582182
6773,0,0,1,1,0,0,1,0,1,1,0,1,1,-0.0567394,0.0117043,-0.0524373,0.533479,0.514479,0.491866,0.548455,0.580146
6774,1,0,1,1,0,0,1,0,1,1,0,1,1,-0.0631183,0.00407945,-0.0645823,0.523982,0.514669,0.491866,0.559041,0.580817
6775,0,1,1,1,0,0,1,0,1,1,0,1,1,-0.0402082,0.0172904,-0.0370516,0.56058,0.514908,0.537428,0.545224,0.588172
6776,1,1,1,1,0,0,1,0,1,1,0,1,1,-0.0453954,0.0106862,-0.0503773,0.551083,0.514885,0.537428,0.557324,0.588759
6777,0,0,0,0,1,0,1,0,1,1,0,1,1,-0.0594804,0.0103332,-0.062248,0.546694,0.513567,0.482124,0.544282,0.564766
6778,1,0,0,0,1,0,1,0,1,1,0,1,1,-0.0661957,0.00157967,-0.0741798,0.537197,0.514249,0.482124,0.562979,0.559553
6779,0,1,0,0,1,0,1,0,1,1,0,1,1,-0.0422601,0.0173513,-0.0452485,0.592985,0.515146,0.562156,0.552972,0.574036
6780,1,1,0,0,1,0,1,0,1,1,0,1,1,-0.0475872,0.00981141,-0.0589287,0.583488,0.514948,0.562156,0.576247,0.56859
6781,0,0,1,0,1,0,1,0,1,1,0,1,1,-0.0595288,0.00971948,-0.0576904,0.533479,0.514344,0.482124,0.548021,0.572469
6782,1,0,1,0,1,0,1,0,1,1,0,1,1,-0.0659077,0.00206202,-0.069835,0.523982,0.514574,0.482124,0.564741,0.572495
6783,0,1,1,0,1,0,1,0,1,1,0,1,1,-0.0430966,0.0153993,-0.0436835,0.56058,0.514904,0.537428,0.55728,0.581031
6784,1,1,1,0,1,0,1,0,1,1,0,1,1,-0.0482837,0.00876592,-0.0570089,0.551083,0.514846,0.537428,0.571626,0.580895
6785,0,0,0,1,1,0,1,0,1,1,0,1,1,-0.0573296,0.0109834,-0.0584542,0.546694,0.514381,0.482124,0.559547,0.559907
6786,1,0,0,1,1,0,1,0,1,1,0,1,1,-0.0640449,0.0022584,-0.0703862,0.537197,0.514653,0.482124,0.56359,0.560333
6787,1,1,0,1,1,0,1,0,1,1,0,1,1,-0.0449659,0.0107629,-0.0548342,0.583488,0.514902,0.562156,0.567033,0.569609
6788,0,0,1,1,1,0,1,0,1,1,0,1,1,-0.0575851,0.0105529,-0.0552945,0.533479,0.514651,0.482124,0.557883,0.566327
6789,1,0,1,1,1,0,1,0,1,1,0,1,1,-0.0639639,0.00294354,-0.0674393,0.523982,0.514749,0.482124,0.565717,0.567448
6790,0,1,1,1,1,0,1,0,1,1,0,1,1,-0.041054,0.0161349,-0.039909,0.56058,0.514846,0.537428,0.555497,0.575089
6791,1,1,1,1,1,0,1,0,1,1,0,1,1,-0.0462412,0.00954291,-0.0532345,0.551083,0.514842,0.537428,0.563627,0.576045
6792,0,0,0,0,0,1,1,0,1,1,0,1,1,-0.0581124,0.0126758,-0.0571674,0.546694,0.514899,0.51874,0.543947,0.564254
6793,1,0,0,0,0,1,1,0,1,1,0,1,1,-0.0648276,0.00391117,-0.0690994,0.537197,0.514652,0.51874,0.548621,0.554257
6794,0,1,0,0,0,1,1,0,1,1,0,1,1,-0.040892,0.0197109,-0.0401675,0.592985,0.515474,0.575029,0.565418,0.571689
6795,1,1,0,0,0,1,1,0,1,1,0,1,1,-0.046219,0.0121599,-0.053848,0.583488,0.515036,0.575029,0.57072,0.56248
6796,0,0,1,0,0,1,1,0,1,1,0,1,1,-0.0582738,0.0125555,-0.0524417,0.533479,0.514834,0.51874,0.535663,0.577826
6797,1,0,1,0,0,1,1,0,1,1,0,1,1,-0.0646527,0.00488779,-0.0645866,0.523982,0.514723,0.51874,0.543091,0.573302
6798,0,1,1,0,0,1,1,0,1,1,0,1,1,-0.0418414,0.0182453,-0.0384345,0.56058,0.515029,0.550302,0.526442,0.585662
6799,1,1,1,0,0,1,1,0,1,1,0,1,1,-0.0470286,0.0116034,-0.0517602,0.551083,0.514881,0.550302,0.544681,0.580741
6800,0,0,0,1,0,1,1,0,1,1,0,1,1,-0.0553025,0.0145382,-0.0533792,0.546694,0.514758,0.51874,0.55098,0.566162
6801,1,0,0,1,0,1,1,0,1,1,0,1,1,-0.0620178,0.00580517,-0.0653113,0.537197,0.514767,0.51874,0.550628,0.561434
6802,0,1,0,1,0,1,1,0,1,1,0,1,1,-0.0376114,0.0218522,-0.0360785,0.592985,0.515002,0.575029,0.548596,0.574701
6803,1,1,0,1,0,1,1,0,1,1,0,1,1,-0.0429385,0.0143317,-0.0497591,0.583488,0.51491,0.575029,0.549514,0.570785
6804,0,0,1,1,0,1,1,0,1,1,0,1,1,-0.0558764,0.0134778,-0.0502426,0.533479,0.514789,0.51874,0.548237,0.572929
6805,1,0,1,1,0,1,1,0,1,1,0,1,1,-0.0622553,0.0058585,-0.0623876,0.523982,0.514791,0.51874,0.551169,0.573165
6806,0,1,1,1,0,1,1,0,1,1,0,1,1,-0.0393451,0.0190718,-0.0348567,0.56058,0.514866,0.550302,0.539939,0.580875
6807,1,1,1,1,0,1,1,0,1,1,0,1,1,-0.0445323,0.012471,-0.0481825,0.551083,0.514846,0.550302,0.54997,0.580968
6808,0,0,0,0,1,1,1,0,1,1,0,1,1,-0.0569127,0.0123781,-0.0596229,0.546694,0.514655,0.508998,0.544821,0.549974
6809,1,0,0,0,1,1,1,0,1,1,0,1,1,-0.0636279,0.00363165,-0.0715548,0.537197,0.514696,0.508998,0.556046,0.54006
6810,0,1,0,0,1,1,1,0,1,1,0,1,1,-0.039692,0.0194022,-0.0426232,0.592985,0.514999,0.575029,0.560091,0.559628
6811,1,1,0,0,1,1,1,0,1,1,0,1,1,-0.045019,0.0118662,-0.0563035,0.583488,0.51488,0.575029,0.573446,0.549876
6812,0,0,1,0,1,1,1,0,1,1,0,1,1,-0.0569609,0.0117694,-0.0550653,0.533479,0.514755,0.508998,0.538368,0.564292
6813,1,0,1,0,1,1,1,0,1,1,0,1,1,-0.0633398,0.00411763,-0.06721,0.523982,0.514761,0.508998,0.554235,0.560139
6814,0,1,1,0,1,1,1,0,1,1,0,1,1,-0.0405284,0.0174541,-0.0410583,0.56058,0.514875,0.550302,0.537097,0.57331
6815,1,1,1,0,1,1,1,0,1,1,0,1,1,-0.0457155,0.0108241,-0.0543838,0.551083,0.514835,0.550302,0.553961,0.56947
6816,0,0,0,1,1,1,1,0,1,1,0,1,1,-0.054996,0.0133193,-0.0549943,0.546694,0.514737,0.508998,0.550327,0.551259
6817,1,0,0,1,1,1,1,0,1,1,0,1,1,-0.0617113,0.00459917,-0.0669264,0.537197,0.51478,0.508998,0.558738,0.546407
6818,0,1,0,1,1,1,1,0,1,1,0,1,1,-0.0373048,0.0206202,-0.0376938,0.592985,0.514877,0.575029,0.545889,0.560768
6819,1,1,0,1,1,1,1,0,1,1,0,1,1,-0.0426318,0.0131098,-0.0513743,0.583488,0.51485,0.575029,0.553375,0.557141
6820,0,0,1,1,1,1,1,0,1,1,0,1,1,-0.0552513,0.0128901,-0.0518346,0.533479,0.514787,0.508998,0.546153,0.559729
6821,1,0,1,1,1,1,1,0,1,1,0,1,1,-0.0616302,0.00528325,-0.0639795,0.523982,0.514802,0.508998,0.554881,0.560125
6822,0,1,1,1,1,1,1,0,1,1,0,1,1,-0.03872,0.018478,-0.0364489,0.56058,0.514834,0.550302,0.541146,0.568109
6823,1,1,1,1,1,1,1,0,1,1,0,1,1,-0.0439071,0.0118862,-0.0497746,0.551083,0.514829,0.550302,0.552026,0.568775
6824,0,0,0,0,0,0,0,1,1,1,0,1,1,-0.0535257,0.0146022,-0.0564406,0.565401,0.513643,0.53028,0.498146,0.582389
6825,1,0,0,0,0,0,0,1,1,1,0,1,1,-0.0602407,0.00583344,-0.0683725,0.555904,0.514084,0.53028,0.513168,0.581875
6826,0,1,0,0,0,0,0,1,1,1,0,1,1,-0.0363053,0.0216151,-0.039441,0.603047,0.516841,0.598616,0.538516,0.591411
6827,1,1,0,0,0,0,0,1,1,1,0,1,1,-0.0416323,0.0140613,-0.0531214,0.59355,0.515608,0.598616,0.561793,0.591296
6828,0,0,1,0,0,0,0,1,1,1,0,1,1,-0.0536871,0.014461,-0.051715,0.552186,0.514313,0.53028,0.523676,0.585225
6829,1,0,1,0,0,0,0,1,1,1,0,1,1,-0.0600657,0.00678392,-0.0638597,0.542689,0.51445,0.53028,0.544369,0.58973
6830,0,1,1,0,0,0,0,1,1,1,0,1,1,-0.0372547,0.020134,-0.0377081,0.570642,0.515447,0.573888,0.551723,0.5873
6831,1,1,1,0,0,0,0,1,1,1,0,1,1,-0.0424418,0.0134847,-0.0510338,0.561145,0.515054,0.573888,0.573957,0.594499
6832,0,0,0,1,0,0,0,1,1,1,0,1,1,-0.0507019,0.0162767,-0.0532535,0.565401,0.514239,0.53028,0.54494,0.576021
6833,1,0,0,1,0,0,0,1,1,1,0,1,1,-0.057417,0.00753914,-0.0651854,0.555904,0.514608,0.53028,0.554424,0.577502
6834,0,1,0,1,0,0,0,1,1,1,0,1,1,-0.0330109,0.0235642,-0.035953,0.603047,0.515465,0.598616,0.550599,0.585332
6835,1,1,0,1,0,0,0,1,1,1,0,1,1,-0.038338,0.0160409,-0.0496336,0.59355,0.515169,0.598616,0.556929,0.586696
6836,0,0,1,1,0,0,0,1,1,1,0,1,1,-0.0512757,0.0151946,-0.0501169,0.552186,0.514571,0.53028,0.556336,0.577153
6837,1,0,1,1,0,0,0,1,1,1,0,1,1,-0.0576544,0.00756572,-0.0622618,0.542689,0.514714,0.53028,0.557968,0.583186
6838,0,1,1,1,0,0,0,1,1,1,0,1,1,-0.0347445,0.0207701,-0.0347314,0.570642,0.514984,0.573888,0.555463,0.579831
6839,1,1,1,1,0,0,0,1,1,1,0,1,1,-0.0399316,0.0141618,-0.0480571,0.561145,0.514925,0.573888,0.565498,0.587506
6840,0,0,0,0,1,0,0,1,1,1,0,1,1,-0.0535565,0.0143767,-0.0601318,0.565401,0.513994,0.520538,0.524857,0.568731
6841,1,0,0,0,1,0,0,1,1,1,0,1,1,-0.0602715,0.00562271,-0.0720634,0.555904,0.514424,0.520538,0.53655,0.568836
6842,0,1,0,0,1,0,0,1,1,1,0,1,1,-0.0363361,0.0213809,-0.0431323,0.603047,0.515402,0.598616,0.564117,0.578533
6843,1,1,0,0,1,0,0,1,1,1,0,1,1,-0.041663,0.0138401,-0.0568126,0.59355,0.515058,0.598616,0.56639,0.578467
6844,0,0,1,0,1,0,0,1,1,1,0,1,1,-0.0536048,0.0137462,-0.0555741,0.552186,0.514503,0.520538,0.552799,0.575834
6845,1,0,1,0,1,0,0,1,1,1,0,1,1,-0.0599834,0.00608366,-0.0677187,0.542689,0.514642,0.520538,0.555676,0.576685
6846,0,1,1,0,1,0,0,1,1,1,0,1,1,-0.0371724,0.0194164,-0.0415674,0.570642,0.514998,0.573888,0.571341,0.584742
6847,1,1,1,0,1,0,0,1,1,1,0,1,1,-0.0423595,0.0127782,-0.0548929,0.561145,0.514889,0.573888,0.572996,0.585492
6848,0,0,0,1,1,0,0,1,1,1,0,1,1,-0.0514056,0.0150332,-0.0563381,0.565401,0.514502,0.520538,0.541277,0.562631
6849,1,0,0,1,1,0,0,1,1,1,0,1,1,-0.0581207,0.00630773,-0.0682699,0.555904,0.514707,0.520538,0.538882,0.563823
6850,0,1,0,1,1,0,0,1,1,1,0,1,1,-0.0337147,0.0223104,-0.0390378,0.603047,0.515038,0.598616,0.555243,0.572596
6851,1,1,0,1,1,0,0,1,1,1,0,1,1,-0.0390417,0.0147977,-0.0527182,0.59355,0.514943,0.598616,0.559702,0.573658
6852,0,0,1,1,1,0,0,1,1,1,0,1,1,-0.0516609,0.0145829,-0.0531784,0.552186,0.514695,0.520538,0.551374,0.567461
6853,1,0,1,1,1,0,0,1,1,1,0,1,1,-0.0580396,0.00696854,-0.0653231,0.542689,0.51477,0.520538,0.549884,0.570485
6854,0,1,1,1,1,0,0,1,1,1,0,1,1,-0.0351299,0.0201546,-0.037793,0.570642,0.514877,0.573888,0.561532,0.576434
6855,1,1,1,1,1,0,0,1,1,1,0,1,1,-0.0403169,0.0135579,-0.0511185,0.561145,0.514857,0.573888,0.564499,0.579436
6856,0,0,0,0,0,1,0,1,1,1,0,1,1,-0.0535701,0.0170811,-0.0529283,0.565401,0.515182,0.557153,0.538559,0.574829
6857,1,0,0,0,0,1,0,1,1,1,0,1,1,-0.0602851,0.00831792,-0.0648603,0.555904,0.514778,0.557153,0.535989,0.572367
6858,1,1,0,0,0,1,0,1,1,1,0,1,1,-0.0416766,0.0165544,-0.0496091,0.59355,0.515121,0.61149,0.563411,0.581877
6859,0,0,1,0,0,1,0,1,1,1,0,1,1,-0.0537314,0.0169533,-0.0482027,0.552186,0.514939,0.557153,0.542626,0.582324
6860,1,0,1,0,0,1,0,1,1,1,0,1,1,-0.06011,0.00928529,-0.0603475,0.542689,0.514772,0.557153,0.554564,0.582216
6861,0,1,1,0,0,1,0,1,1,1,0,1,1,-0.037299,0.0226338,-0.0341956,0.570642,0.515096,0.586762,0.545531,0.590322
6862,1,1,1,0,0,1,0,1,1,1,0,1,1,-0.0424861,0.0159916,-0.0475214,0.561145,0.514914,0.586762,0.561064,0.590242
6863,0,0,0,1,0,1,0,1,1,1,0,1,1,-0.0507601,0.0189494,-0.0491402,0.565401,0.51485,0.557153,0.551696,0.569972
6864,1,0,0,1,0,1,0,1,1,1,0,1,1,-0.0574753,0.0102178,-0.0610723,0.555904,0.514812,0.557153,0.55188,0.570209
6865,0,1,0,1,0,1,0,1,1,1,0,1,1,-0.0330691,0.0262513,-0.0318395,0.603047,0.515065,0.61149,0.54389,0.579097
6866,1,1,0,1,0,1,0,1,1,1,0,1,1,-0.0383961,0.0187321,-0.0455202,0.59355,0.514944,0.61149,0.547493,0.579205
6867,0,0,1,1,0,1,0,1,1,1,0,1,1,-0.0513339,0.0178776,-0.0460036,0.552186,0.514823,0.557153,0.544005,0.576279
6868,1,0,1,1,0,1,0,1,1,1,0,1,1,-0.0577126,0.010258,-0.0581486,0.542689,0.514808,0.557153,0.549144,0.577281
6869,0,1,1,1,0,1,0,1,1,1,0,1,1,-0.0348027,0.0234624,-0.0306178,0.570642,0.514889,0.586762,0.540045,0.584508
6870,1,1,1,1,0,1,0,1,1,1,0,1,1,-0.0399898,0.0168613,-0.0439436,0.561145,0.514859,0.586762,0.551634,0.585435
6871,0,0,0,0,1,1,0,1,1,1,0,1,1,-0.0509755,0.0171012,-0.0557776,0.565401,0.51483,0.547411,0.545219,0.561837
6872,1,0,0,0,1,1,0,1,1,1,0,1,1,-0.0576906,0.00835558,-0.0677095,0.555904,0.514768,0.547411,0.541766,0.558347
6873,0,1,0,0,1,1,0,1,1,1,0,1,1,-0.0337547,0.0241129,-0.0387779,0.603047,0.515089,0.61149,0.549259,0.571199
6874,1,1,0,0,1,1,0,1,1,1,0,1,1,-0.0390817,0.0165777,-0.0524583,0.59355,0.51492,0.61149,0.556907,0.568792
6875,0,0,1,0,1,1,0,1,1,1,0,1,1,-0.0510237,0.0164817,-0.05122,0.552186,0.514821,0.547411,0.553346,0.569037
6876,1,0,1,0,1,1,0,1,1,1,0,1,1,-0.0574024,0.00882888,-0.0633647,0.542689,0.514789,0.547411,0.55335,0.56953
6877,0,1,1,0,1,1,0,1,1,1,0,1,1,-0.034591,0.0221568,-0.037213,0.570642,0.514909,0.586762,0.551788,0.577795
6878,1,1,1,0,1,1,0,1,1,1,0,1,1,-0.0397781,0.015526,-0.0505387,0.561145,0.514851,0.586762,0.567119,0.578089
6879,0,0,0,1,1,1,0,1,1,1,0,1,1,-0.0490588,0.0180507,-0.0511492,0.565401,0.514789,0.547411,0.545085,0.556472
6880,1,0,0,1,1,1,0,1,1,1,0,1,1,-0.055774,0.00933135,-0.0630811,0.555904,0.514803,0.547411,0.540426,0.557292
6881,0,1,0,1,1,1,0,1,1,1,0,1,1,-0.0313675,0.0253387,-0.0338486,0.603047,0.514907,0.61149,0.54321,0.565965
6882,1,1,0,1,1,1,0,1,1,1,0,1,1,-0.0366945,0.0178292,-0.0475291,0.59355,0.514865,0.61149,0.554233,0.566701
6883,0,0,1,1,1,1,0,1,1,1,0,1,1,-0.049314,0.0176097,-0.0479894,0.552186,0.514806,0.547411,0.549308,0.562563
6884,1,0,1,1,1,1,0,1,1,1,0,1,1,-0.0556928,0.010002,-0.0601342,0.542689,0.514811,0.547411,0.555234,0.564065
6885,0,1,1,1,1,1,0,1,1,1,0,1,1,-0.0327826,0.0231881,-0.0326038,0.570642,0.514844,0.586762,0.545546,0.571439
6886,1,1,1,1,1,1,0,1,1,1,0,1,1,-0.0379697,0.0165955,-0.0459295,0.561145,0.514834,0.586762,0.555732,0.572724
6887,0,0,0,0,0,0,1,1,1,1,0,1,1,-0.0562636,0.0125712,-0.0561644,0.546694,0.514121,0.491866,0.53227,0.587353
6888,0,1,0,0,0,0,1,1,1,1,0,1,1,-0.0390434,0.0195886,-0.0391646,0.592985,0.515379,0.567168,0.549229,0.595841
6889,1,1,0,0,0,0,1,1,1,1,0,1,1,-0.0443704,0.0120308,-0.0528451,0.583488,0.515031,0.567168,0.568744,0.595464
6890,0,0,1,0,0,0,1,1,1,1,0,1,1,-0.0564251,0.0124375,-0.0514387,0.533479,0.514535,0.491866,0.531853,0.593428
6891,1,0,1,0,0,0,1,1,1,1,0,1,1,-0.0628038,0.00475619,-0.0635836,0.523982,0.514642,0.491866,0.555296,0.594055
6892,0,1,1,0,0,0,1,1,1,1,0,1,1,-0.0399928,0.0181133,-0.0374317,0.56058,0.514983,0.54244,0.548462,0.594736
6893,1,1,1,0,0,0,1,1,1,1,0,1,1,-0.0451799,0.0114612,-0.0507574,0.551083,0.514875,0.54244,0.563176,0.600644
6894,0,0,0,1,0,0,1,1,1,1,0,1,1,-0.0534398,0.0142326,-0.0529771,0.546694,0.514525,0.491866,0.554644,0.582443
6895,0,1,0,1,0,0,1,1,1,1,0,1,1,-0.035749,0.0215252,-0.0356766,0.592985,0.514993,0.567168,0.553101,0.590668
6896,1,1,0,1,0,0,1,1,1,1,0,1,1,-0.0410761,0.0139978,-0.0493572,0.583488,0.514917,0.567168,0.558577,0.591116
6897,0,0,1,1,0,0,1,1,1,1,0,1,1,-0.0540137,0.0131627,-0.0498405,0.533479,0.514698,0.491866,0.549037,0.58669
6898,1,0,1,1,0,0,1,1,1,1,0,1,1,-0.0603925,0.00552952,-0.0619856,0.523982,0.514767,0.491866,0.557954,0.588941
6899,0,1,1,1,0,0,1,1,1,1,0,1,1,-0.0374826,0.0187418,-0.0344549,0.56058,0.514857,0.54244,0.549052,0.58862
6900,1,1,1,1,0,0,1,1,1,1,0,1,1,-0.0426698,0.0121307,-0.0477806,0.551083,0.514847,0.54244,0.559729,0.595
6901,0,0,0,0,1,0,1,1,1,1,0,1,1,-0.0567547,0.0118163,-0.0596512,0.546694,0.514368,0.482124,0.553054,0.574989
6902,1,0,0,0,1,0,1,1,1,1,0,1,1,-0.0634699,0.00305804,-0.0715831,0.537197,0.514617,0.482124,0.55015,0.574951
6903,0,1,0,0,1,0,1,1,1,1,0,1,1,-0.0395346,0.0188248,-0.0426516,0.592985,0.514952,0.567168,0.562996,0.583721
6904,1,1,0,0,1,0,1,1,1,1,0,1,1,-0.0448616,0.0112805,-0.056332,0.583488,0.514873,0.567168,0.576449,0.583529
6905,0,0,1,0,1,0,1,1,1,1,0,1,1,-0.0568032,0.0111978,-0.0550936,0.533479,0.514648,0.482124,0.563014,0.58146
6906,1,0,1,0,1,0,1,1,1,1,0,1,1,-0.0631819,0.00353197,-0.0672383,0.523982,0.514732,0.482124,0.560856,0.582117
6907,0,1,1,0,1,0,1,1,1,1,0,1,1,-0.040371,0.0168704,-0.0410867,0.56058,0.514855,0.54244,0.568146,0.58934
6908,1,1,1,0,1,0,1,1,1,1,0,1,1,-0.0455581,0.01023,-0.0544122,0.551083,0.514832,0.54244,0.576179,0.589896
6909,0,0,0,1,1,0,1,1,1,1,0,1,1,-0.0546039,0.0124553,-0.0558575,0.546694,0.514662,0.482124,0.558374,0.569563
6910,1,0,0,1,1,0,1,1,1,1,0,1,1,-0.0613191,0.00372554,-0.0677895,0.537197,0.514761,0.482124,0.553667,0.570587
6911,1,1,0,1,1,0,1,1,1,1,0,1,1,-0.0422403,0.0122211,-0.0522375,0.583488,0.514853,0.567168,0.5681,0.579355
6912,0,0,1,1,1,0,1,1,1,1,0,1,1,-0.0548594,0.0120189,-0.0526977,0.533479,0.514759,0.482124,0.563671,0.574912
6913,1,0,1,1,1,0,1,1,1,1,0,1,1,-0.0612381,0.00440119,-0.0648426,0.523982,0.514795,0.482124,0.560516,0.576629
6914,0,1,1,1,1,0,1,1,1,1,0,1,1,-0.0383285,0.017594,-0.0373122,0.56058,0.514831,0.54244,0.563885,0.583008
6915,1,1,1,1,1,0,1,1,1,1,0,1,1,-0.0435156,0.010995,-0.0506378,0.551083,0.514829,0.54244,0.571151,0.584584
6916,0,0,0,0,0,1,1,1,1,1,0,1,1,-0.0548695,0.0145757,-0.0534529,0.546694,0.514858,0.51874,0.554237,0.579962
6917,1,0,0,0,0,1,1,1,1,1,0,1,1,-0.0615846,0.00580713,-0.065385,0.537197,0.514765,0.51874,0.554522,0.573236
6918,0,1,0,0,0,1,1,1,1,1,0,1,1,-0.0376491,0.0216035,-0.0364529,0.592985,0.515072,0.580042,0.550192,0.588221
6919,1,1,0,0,0,1,1,1,1,1,0,1,1,-0.0429761,0.0140492,-0.0501335,0.583488,0.514906,0.580042,0.553062,0.580985
6920,0,0,1,0,0,1,1,1,1,1,0,1,1,-0.0550309,0.0144532,-0.0487272,0.533479,0.514828,0.51874,0.540159,0.586978
6921,1,0,1,0,0,1,1,1,1,1,0,1,1,-0.0614096,0.00677916,-0.0608721,0.523982,0.514787,0.51874,0.545504,0.586844
6922,0,1,1,0,0,1,1,1,1,1,0,1,1,-0.0385986,0.0201371,-0.03472,0.56058,0.514901,0.555314,0.535829,0.594161
6923,1,1,1,0,0,1,1,1,1,1,0,1,1,-0.0437857,0.0134904,-0.0480458,0.551083,0.514845,0.555314,0.547505,0.594363
6924,0,0,0,1,0,1,1,1,1,1,0,1,1,-0.0520595,0.0164254,-0.0496647,0.546694,0.514801,0.51874,0.552105,0.57594
6925,1,0,0,1,0,1,1,1,1,1,0,1,1,-0.0587747,0.00768839,-0.0615969,0.537197,0.514803,0.51874,0.552249,0.576056
6926,0,1,0,1,0,1,1,1,1,1,0,1,1,-0.0343686,0.0237325,-0.0323638,0.592985,0.514892,0.580042,0.545369,0.584057
6927,1,1,0,1,0,1,1,1,1,1,0,1,1,-0.0396957,0.0162087,-0.0460446,0.583488,0.514856,0.580042,0.546493,0.584064
6928,0,0,1,1,0,1,1,1,1,1,0,1,1,-0.0526334,0.015363,-0.0465281,0.533479,0.51481,0.51874,0.550368,0.581632
6929,1,0,1,1,0,1,1,1,1,1,0,1,1,-0.0590122,0.00773741,-0.0586731,0.523982,0.51481,0.51874,0.555149,0.582467
6930,0,1,1,1,0,1,1,1,1,1,0,1,1,-0.0361022,0.020952,-0.0311421,0.56058,0.514839,0.555314,0.54356,0.588903
6931,1,1,1,1,0,1,1,1,1,1,0,1,1,-0.0412894,0.0143463,-0.044468,0.551083,0.51483,0.555314,0.552129,0.589659
6932,0,0,0,0,1,1,1,1,1,1,0,1,1,-0.0536697,0.0142836,-0.0559084,0.546694,0.514762,0.508998,0.551963,0.566428
6933,1,0,0,0,1,1,1,1,1,1,0,1,1,-0.0603849,0.00553303,-0.0678403,0.537197,0.514777,0.508998,0.554393,0.561833
6934,0,1,0,0,1,1,1,1,1,1,0,1,1,-0.0364492,0.0213004,-0.0389086,0.592985,0.51489,0.580042,0.547851,0.575757
6935,1,1,0,0,1,1,1,1,1,1,0,1,1,-0.0417762,0.013761,-0.052589,0.583488,0.514844,0.580042,0.563159,0.570683
6936,0,0,1,0,1,1,1,1,1,1,0,1,1,-0.053718,0.0136733,-0.0513507,0.533479,0.514797,0.508998,0.553623,0.574981
6937,1,0,1,0,1,1,1,1,1,1,0,1,1,-0.0600968,0.00601517,-0.0634955,0.523982,0.514799,0.508998,0.567451,0.575339
6938,0,1,1,0,1,1,1,1,1,1,0,1,1,-0.0372856,0.0193521,-0.0373437,0.56058,0.514842,0.555314,0.553152,0.582757
6939,1,1,1,0,1,1,1,1,1,1,0,1,1,-0.0424727,0.0127172,-0.0506693,0.551083,0.514826,0.555314,0.567866,0.582951
6940,0,0,0,1,1,1,1,1,1,1,0,1,1,-0.051753,0.0152122,-0.0512799,0.546694,0.514791,0.508998,0.551752,0.563681
6941,1,0,0,1,1,1,1,1,1,1,0,1,1,-0.0584683,0.00648801,-0.063212,0.537197,0.514806,0.508998,0.554718,0.562792
6942,0,1,0,1,1,1,1,1,1,1,0,1,1,-0.034062,0.0225062,-0.0339792,0.592985,0.514843,0.580042,0.546663,0.572188
6943,1,1,0,1,1,1,1,1,1,1,0,1,1,-0.039389,0.0149924,-0.0476598,0.583488,0.514832,0.580042,0.557069,0.572525
6944,0,0,1,1,1,1,1,1,1,1,0,1,1,-0.0520083,0.0147816,-0.0481201,0.533479,0.514808,0.508998,0.552839,0.569184
6945,1,0,1,1,1,1,1,1,1,1,0,1,1,-0.0583872,0.00716838,-0.060265,0.523982,0.514814,0.508998,0.563401,0.570506
6946,0,1,1,1,1,1,1,1,1,1,0,1,1,-0.0354771,0.0203645,-0.0327343,0.56058,0.514826,0.555314,0.549134,0.577094
6947,1,1,1,1,1,1,1,1,1,1,0,1,1,-0.0406642,0.0137678,-0.0460601,0.551083,0.514823,0.555314,0.560247,0.578206
6948,0,0,0,0,0,0,0,0,0,0,1,1,1,-0.0496052,0.0149861,-0.0508729,0.523693,0.513615,0.540479,0.48063,0.558409
6949,1,0,0,0,0,0,0,0,0,0,1,1,1,-0.0563205,0.00622534,-0.0628048,0.523693,0.512626,0.540479,0.482667,0.544612
6950,0,1,0,0,0,0,0,0,0,0,1,1,1,-0.0323842,0.0220154,-0.0338725,0.594332,0.527656,0.615756,0.530987,0.564877
6951,1,1,0,0,0,0,0,0,0,0,1,1,1,-0.0377114,0.0144713,-0.0475534,0.594332,0.519835,0.615756,0.543417,0.552945
6952,0,0,1,0,0,0,0,0,0,0,1,1,1,-0.0497666,0.0148496,-0.0461472,0.510478,0.513749,0.540479,0.503721,0.578174
6953,1,0,1,0,0,0,0,0,0,0,1,1,1,-0.0561457,0.00718852,-0.0582921,0.510478,0.513105,0.540479,0.525002,0.56714
6954,1,1,1,0,0,0,0,0,0,0,1,1,1,-0.038521,0.013903,-0.0454656,0.561927,0.516085,0.591028,0.549433,0.5738
6955,0,0,0,1,0,0,0,0,0,0,1,1,1,-0.0467813,0.0166771,-0.0476856,0.523693,0.51449,0.540479,0.521563,0.567663
6956,1,0,0,1,0,0,0,0,0,0,1,1,1,-0.0534967,0.00794749,-0.0596177,0.523693,0.514246,0.540479,0.516572,0.556541
6957,1,1,0,1,0,0,0,0,0,0,1,1,1,-0.0344169,0.0164639,-0.0440655,0.594332,0.517134,0.615756,0.529732,0.564318
6958,0,0,1,1,0,0,0,0,0,0,1,1,1,-0.0473552,0.0156041,-0.044549,0.510478,0.514356,0.540479,0.538444,0.579158
6959,1,0,1,1,0,0,0,0,0,0,1,1,1,-0.0537343,0.00799106,-0.0566939,0.510478,0.514333,0.540479,0.535475,0.576322
6960,1,1,1,1,0,0,0,0,0,0,1,1,1,-0.0360107,0.0146,-0.0424889,0.561927,0.515396,0.591028,0.551978,0.58335
6961,0,0,0,0,1,0,0,0,0,0,1,1,1,-0.049636,0.0147262,-0.0545642,0.523693,0.51786,0.530737,0.475213,0.543119
6962,1,0,0,0,1,0,0,0,0,0,1,1,1,-0.0563514,0.00598028,-0.066496,0.523693,0.515441,0.530737,0.481666,0.536948
6963,1,1,0,0,1,0,0,0,0,0,1,1,1,-0.0377421,0.0142157,-0.0512446,0.594332,0.517159,0.615756,0.51435,0.543656
6964,0,0,1,0,1,0,0,0,0,0,1,1,1,-0.0496843,0.0141016,-0.0500065,0.510478,0.515765,0.530737,0.509382,0.5643
6965,1,0,1,0,1,0,0,0,0,0,1,1,1,-0.0560634,0.00645511,-0.0621512,0.510478,0.514725,0.530737,0.516875,0.55421
6966,0,1,1,0,1,0,0,0,0,0,1,1,1,-0.0332515,0.0197852,-0.0359989,0.561927,0.516624,0.591028,0.535968,0.571603
6967,1,1,1,0,1,0,0,0,0,0,1,1,1,-0.0384387,0.0131634,-0.0493248,0.561927,0.515475,0.591028,0.54775,0.562175
6968,0,0,0,1,1,0,0,0,0,0,1,1,1,-0.047485,0.0154001,-0.0507704,0.523693,0.516139,0.530737,0.503515,0.550655
6969,1,0,0,1,1,0,0,0,0,0,1,1,1,-0.0542005,0.00668261,-0.0627023,0.523693,0.515166,0.530737,0.503309,0.539199
6970,0,1,0,1,1,0,0,0,0,0,1,1,1,-0.0297936,0.0226902,-0.0334694,0.594332,0.517358,0.615756,0.518634,0.560674
6971,1,1,0,1,1,0,0,0,0,0,1,1,1,-0.0351207,0.0151871,-0.0471501,0.594332,0.515945,0.615756,0.525694,0.550378
6972,0,0,1,1,1,0,0,0,0,0,1,1,1,-0.0477405,0.0149566,-0.0476105,0.510478,0.515205,0.530737,0.526106,0.563906
6973,1,0,1,1,1,0,0,0,0,0,1,1,1,-0.0541196,0.00735811,-0.0597553,0.510478,0.514854,0.530737,0.525655,0.560462
6974,0,1,1,1,1,0,0,0,0,0,1,1,1,-0.0312089,0.0205407,-0.0322245,0.561927,0.515502,0.591028,0.537376,0.57329
6975,1,1,1,1,1,0,0,0,0,0,1,1,1,-0.0363961,0.0139603,-0.0455504,0.561927,0.515139,0.591028,0.541467,0.570181
6976,1,0,0,0,0,1,0,0,0,0,1,1,1,-0.0564837,0.00863268,-0.0605568,0.523693,0.514919,0.554479,0.546724,0.5413
6977,0,1,0,0,0,1,0,0,0,0,1,1,1,-0.0325474,0.0244267,-0.0316242,0.594332,0.519713,0.615756,0.573606,0.546869
6978,1,1,0,0,0,1,0,0,0,0,1,1,1,-0.0378745,0.0168856,-0.0453052,0.594332,0.5166,0.615756,0.574793,0.547264
6979,0,0,1,0,0,1,0,0,0,0,1,1,1,-0.0499297,0.0172648,-0.0438991,0.510478,0.515748,0.554479,0.527886,0.557679
6980,1,0,1,0,0,1,0,0,0,0,1,1,1,-0.0563088,0.00961122,-0.056044,0.510478,0.514543,0.554479,0.525621,0.546587
6981,0,1,1,0,0,1,0,0,0,0,1,1,1,-0.0334969,0.0229577,-0.0298914,0.561927,0.516313,0.591028,0.544889,0.564433
6982,1,1,1,0,0,1,0,0,0,0,1,1,1,-0.0386842,0.0163302,-0.0432175,0.561927,0.515296,0.591028,0.552621,0.55433
6983,0,0,0,1,0,1,0,0,0,0,1,1,1,-0.0469583,0.019271,-0.0448365,0.523693,0.51587,0.554479,0.555628,0.544587
6984,1,0,0,1,0,1,0,0,0,0,1,1,1,-0.0536738,0.0105464,-0.0567686,0.523693,0.514919,0.554479,0.551173,0.539531
6985,0,1,0,1,0,1,0,0,0,0,1,1,1,-0.0292668,0.0265845,-0.0275352,0.594332,0.516608,0.615756,0.57034,0.554157
6986,1,1,0,1,0,1,0,0,0,0,1,1,1,-0.0345939,0.0190738,-0.0412162,0.594332,0.515615,0.615756,0.568628,0.545807
6987,0,0,1,1,0,1,0,0,0,0,1,1,1,-0.0475322,0.0182071,-0.0416998,0.510478,0.515113,0.554479,0.531765,0.565108
6988,1,0,1,1,0,1,0,0,0,0,1,1,1,-0.0539113,0.0106019,-0.0538448,0.510478,0.514766,0.554479,0.53145,0.555644
6989,0,1,1,1,0,1,0,0,0,0,1,1,1,-0.0310005,0.0238034,-0.0263135,0.561927,0.51526,0.591028,0.539376,0.57232
6990,1,1,1,1,0,1,0,0,0,0,1,1,1,-0.0361878,0.0172168,-0.0396397,0.561927,0.51503,0.591028,0.543102,0.56352
6991,0,0,0,0,1,1,0,0,0,0,1,1,1,-0.0471738,0.0173675,-0.0514742,0.523693,0.51636,0.544737,0.574152,0.533273
6992,1,0,0,0,1,1,0,0,0,0,1,1,1,-0.0538892,0.00862898,-0.0634061,0.523693,0.515088,0.544737,0.556259,0.53998
6993,0,1,0,0,1,1,0,0,0,0,1,1,1,-0.0299524,0.024394,-0.0344737,0.594332,0.516807,0.615756,0.594618,0.541002
6994,1,1,0,0,1,1,0,0,0,0,1,1,1,-0.0352796,0.0168675,-0.0481545,0.594332,0.515568,0.615756,0.588253,0.540809
6995,0,0,1,0,1,1,0,0,0,0,1,1,1,-0.047222,0.0167527,-0.0469165,0.510478,0.515338,0.544737,0.562677,0.541261
6996,1,0,1,0,1,1,0,0,0,0,1,1,1,-0.0536012,0.00911438,-0.0590612,0.510478,0.514803,0.544737,0.547366,0.54057
6997,0,1,1,0,1,1,0,0,0,0,1,1,1,-0.0307889,0.0224402,-0.0329089,0.561927,0.515444,0.591028,0.566439,0.549835
6998,0,0,0,1,1,1,0,0,0,0,1,1,1,-0.0452569,0.0183314,-0.0468456,0.523693,0.515412,0.544737,0.564005,0.53054
6999,1,0,0,1,1,1,0,0,0,0,1,1,1,-0.0519725,0.00961914,-0.0587775,0.523693,0.514945,0.544737,0.550081,0.533254
7000,0,1,0,1,1,1,0,0,0,0,1,1,1,-0.0275652,0.025631,-0.0295444,0.594332,0.515636,0.615756,0.588844,0.538453
7001,1,1,0,1,1,1,0,0,0,0,1,1,1,-0.0328923,0.0181301,-0.0432252,0.594332,0.515175,0.615756,0.578699,0.539208
7002,0,0,1,1,1,1,0,0,0,0,1,1,1,-0.0455123,0.0178954,-0.0436857,0.510478,0.515009,0.544737,0.549863,0.54692
7003,1,0,1,1,1,1,0,0,0,0,1,1,1,-0.0518915,0.0103019,-0.0558306,0.510478,0.514834,0.544737,0.538322,0.539202
7004,0,1,1,1,1,1,0,0,0,0,1,1,1,-0.0289804,0.0234852,-0.0282996,0.561927,0.515045,0.591028,0.556769,0.557721
7005,1,1,1,1,1,1,0,0,0,0,1,1,1,-0.0341676,0.0169072,-0.0416255,0.561927,0.514922,0.591028,0.556769,0.547465
7006,0,0,0,0,0,0,1,0,0,0,1,1,1,-0.0511479,0.0136653,-0.0510482,0.496828,0.512842,0.463855,0.493082,0.554633
7007,1,0,0,0,0,0,1,0,0,0,1,1,1,-0.0578632,0.00490098,-0.0629803,0.496828,0.51321,0.463855,0.504471,0.548922
7008,1,1,0,0,0,0,1,0,0,0,1,1,1,-0.0392542,0.0131518,-0.0477286,0.576113,0.516133,0.546097,0.511506,0.55422
7009,0,0,1,0,0,0,1,0,0,0,1,1,1,-0.0513094,0.013536,-0.0463225,0.483613,0.513856,0.463855,0.502806,0.573668
7010,1,0,1,0,0,0,1,0,0,0,1,1,1,-0.0576884,0.00587237,-0.0584675,0.483613,0.513868,0.463855,0.51463,0.563052
7011,1,1,1,0,0,0,1,0,0,0,1,1,1,-0.0400639,0.0125903,-0.0456408,0.543708,0.515074,0.521369,0.52006,0.569395
7012,1,0,0,1,0,0,1,0,0,0,1,1,1,-0.0550394,0.006608,-0.0597931,0.496828,0.514305,0.463855,0.521863,0.553071
7013,0,1,0,1,0,0,1,0,0,0,1,1,1,-0.0306326,0.0226459,-0.0305597,0.576113,0.516191,0.546097,0.519779,0.570543
7014,1,1,0,1,0,0,1,0,0,0,1,1,1,-0.0359598,0.0151294,-0.0442406,0.576113,0.515436,0.546097,0.519779,0.560504
7015,0,0,1,1,0,0,1,0,0,0,1,1,1,-0.0488979,0.0142799,-0.0447242,0.483613,0.514451,0.463855,0.527982,0.5812
7016,1,0,1,1,0,0,1,0,0,0,1,1,1,-0.0552771,0.00666428,-0.0568693,0.483613,0.514524,0.463855,0.527982,0.572188
7017,0,1,1,1,0,0,1,0,0,0,1,1,1,-0.0323663,0.0198712,-0.0293379,0.543708,0.515055,0.521369,0.5183,0.587052
7018,1,1,1,1,0,0,1,0,0,0,1,1,1,-0.0375536,0.0132777,-0.042664,0.543708,0.514942,0.521369,0.519536,0.578785
7019,0,0,0,0,1,0,1,0,0,0,1,1,1,-0.0516391,0.0128749,-0.0545352,0.496828,0.514773,0.454113,0.513149,0.542561
7020,1,0,0,0,1,0,1,0,0,0,1,1,1,-0.0583545,0.00412651,-0.0664671,0.496828,0.514532,0.454113,0.520069,0.543573
7021,0,1,0,0,1,0,1,0,0,0,1,1,1,-0.0344185,0.0198991,-0.0375348,0.576113,0.516422,0.546097,0.521714,0.548625
7022,1,1,0,0,1,0,1,0,0,0,1,1,1,-0.0397456,0.0123659,-0.0512155,0.576113,0.515419,0.546097,0.536583,0.54941
7023,0,0,1,0,1,0,1,0,0,0,1,1,1,-0.0516876,0.0122622,-0.0499775,0.483613,0.514737,0.454113,0.531911,0.560802
7024,1,0,1,0,1,0,1,0,0,0,1,1,1,-0.0580667,0.00461399,-0.0621223,0.483613,0.514586,0.454113,0.536704,0.54958
7025,0,1,1,0,1,0,1,0,0,0,1,1,1,-0.035255,0.0179476,-0.0359699,0.543708,0.51527,0.521369,0.531871,0.567612
7026,1,1,1,0,1,0,1,0,0,0,1,1,1,-0.0404422,0.0113249,-0.0492957,0.543708,0.51496,0.521369,0.547015,0.558628
7027,0,0,0,1,1,0,1,0,0,0,1,1,1,-0.0494882,0.0135301,-0.0507413,0.496828,0.514893,0.454113,0.515516,0.548148
7028,1,0,0,1,1,0,1,0,0,0,1,1,1,-0.0562037,0.00481009,-0.0626734,0.496828,0.514757,0.454113,0.50438,0.541484
7029,0,1,0,1,1,0,1,0,0,0,1,1,1,-0.0317971,0.0208243,-0.0334402,0.576113,0.515524,0.546097,0.528202,0.557506
7030,1,1,0,1,1,0,1,0,0,0,1,1,1,-0.0371242,0.0133191,-0.047121,0.576113,0.515124,0.546097,0.527291,0.547627
7031,0,0,1,1,1,0,1,0,0,0,1,1,1,-0.0497438,0.0131001,-0.0475814,0.483613,0.51481,0.454113,0.530373,0.566309
7032,1,0,1,1,1,0,1,0,0,0,1,1,1,-0.0561229,0.00549991,-0.0597264,0.483613,0.51476,0.454113,0.521649,0.558746
7033,0,1,1,1,1,0,1,0,0,0,1,1,1,-0.0332124,0.0186872,-0.0321953,0.543708,0.514987,0.521369,0.530517,0.574199
7034,1,1,1,1,1,0,1,0,0,0,1,1,1,-0.0383996,0.0121059,-0.0455212,0.543708,0.514896,0.521369,0.535207,0.566595
7035,0,0,0,0,0,1,1,0,0,0,1,1,1,-0.050271,0.0152419,-0.0494544,0.496828,0.515168,0.477855,0.558682,0.546745
7036,1,0,0,0,0,1,1,0,0,0,1,1,1,-0.0569863,0.00648236,-0.0613865,0.496828,0.514485,0.477855,0.557062,0.547102
7037,1,1,0,0,0,1,1,0,0,0,1,1,1,-0.0383773,0.0147388,-0.0461347,0.576113,0.515279,0.546097,0.58597,0.552242
7038,0,0,1,0,0,1,1,0,0,0,1,1,1,-0.0504324,0.0151212,-0.0447287,0.483613,0.514886,0.477855,0.549585,0.554237
7039,1,0,1,0,0,1,1,0,0,0,1,1,1,-0.0568115,0.00746276,-0.0568737,0.483613,0.514572,0.477855,0.547383,0.551943
7040,0,1,1,0,0,1,1,0,0,0,1,1,1,-0.0339997,0.0208165,-0.0307209,0.543708,0.515223,0.521369,0.547592,0.560774
7041,1,1,1,0,0,1,1,0,0,0,1,1,1,-0.0391869,0.0141854,-0.0440469,0.543708,0.514917,0.521369,0.547592,0.556634
7042,0,0,0,1,0,1,1,0,0,0,1,1,1,-0.0474609,0.0171076,-0.0456661,0.496828,0.514947,0.477855,0.549882,0.544824
7043,1,0,0,1,0,1,1,0,0,0,1,1,1,-0.0541764,0.00837961,-0.0575983,0.496828,0.514718,0.477855,0.548385,0.545893
7044,1,1,0,1,0,1,1,0,0,0,1,1,1,-0.0350967,0.0169106,-0.0420458,0.576113,0.51503,0.546097,0.559815,0.551346
7045,0,0,1,1,0,1,1,0,0,0,1,1,1,-0.0480349,0.0160501,-0.0425294,0.483613,0.514832,0.477855,0.549356,0.561726
7046,1,0,1,1,0,1,1,0,0,0,1,1,1,-0.054414,0.00844,-0.0546745,0.483613,0.514748,0.477855,0.549356,0.551091
7047,0,1,1,1,0,1,1,0,0,0,1,1,1,-0.0315032,0.0216492,-0.027143,0.543708,0.514927,0.521369,0.544084,0.56849
7048,1,1,1,1,0,1,1,0,0,0,1,1,1,-0.0366905,0.0150591,-0.0404691,0.543708,0.514866,0.521369,0.544084,0.560153
7049,0,0,0,0,1,1,1,0,0,0,1,1,1,-0.0490712,0.0149104,-0.0519101,0.496828,0.514653,0.468113,0.557756,0.540064
7050,1,0,0,0,1,1,1,0,0,0,1,1,1,-0.0557866,0.00616901,-0.0638421,0.496828,0.514613,0.468113,0.550811,0.547241
7051,0,1,0,0,1,1,1,0,0,0,1,1,1,-0.0318502,0.0219405,-0.0349095,0.576113,0.515251,0.546097,0.580833,0.547091
7052,1,1,0,0,1,1,1,0,0,0,1,1,1,-0.0371773,0.0144113,-0.0485904,0.576113,0.514965,0.546097,0.580833,0.546628
7053,0,0,1,0,1,1,1,0,0,0,1,1,1,-0.0491195,0.0143027,-0.0473523,0.483613,0.51474,0.468113,0.549248,0.545705
7054,1,0,1,0,1,1,1,0,0,0,1,1,1,-0.0554987,0.00666012,-0.0594972,0.483613,0.514697,0.468113,0.549248,0.546835
7055,0,1,1,0,1,1,1,0,0,0,1,1,1,-0.0326867,0.0199929,-0.0333447,0.543708,0.514938,0.521369,0.549248,0.551073
7056,1,1,1,0,1,1,1,0,0,0,1,1,1,-0.0378739,0.0133736,-0.0466706,0.543708,0.514847,0.521369,0.549248,0.55202
7057,0,0,0,1,1,1,1,0,0,0,1,1,1,-0.0471545,0.0158557,-0.0472814,0.496828,0.514775,0.468113,0.549422,0.538004
7058,1,0,0,1,1,1,1,0,0,0,1,1,1,-0.05387,0.00714055,-0.0592135,0.496828,0.514753,0.468113,0.534827,0.541964
7059,1,1,0,1,1,1,1,0,0,0,1,1,1,-0.0347901,0.0156556,-0.043661,0.576113,0.514899,0.546097,0.554154,0.545432
7060,0,0,1,1,1,1,1,0,0,0,1,1,1,-0.0474098,0.015427,-0.0441215,0.483613,0.514793,0.468113,0.548675,0.545212
7061,1,0,1,1,1,1,1,0,0,0,1,1,1,-0.053789,0.0078293,-0.0562665,0.483613,0.514783,0.468113,0.547965,0.544563
7062,0,1,1,1,1,1,1,0,0,0,1,1,1,-0.0308782,0.02102,-0.0287352,0.543708,0.514861,0.521369,0.548403,0.553107
7063,1,1,1,1,1,1,1,0,0,0,1,1,1,-0.0360654,0.0144389,-0.0420612,0.543708,0.514838,0.521369,0.548403,0.54999
7064,0,0,0,0,0,0,0,1,0,0,1,1,1,-0.0468448,0.0170084,-0.0493997,0.515536,0.514562,0.540479,0.499359,0.575294
7065,1,0,0,0,0,0,0,1,0,0,1,1,1,-0.05356,0.00824172,-0.0613316,0.515536,0.514171,0.540479,0.488964,0.564133
7066,0,1,0,0,0,0,0,1,0,0,1,1,1,-0.029624,0.0240314,-0.0323993,0.586175,0.519794,0.620768,0.526986,0.581448
7067,1,1,0,0,0,0,0,1,0,0,1,1,1,-0.0349511,0.0164806,-0.0460802,0.586175,0.516801,0.620768,0.525878,0.571269
7068,0,0,1,0,0,0,0,1,0,0,1,1,1,-0.0470062,0.0168687,-0.044674,0.502321,0.514497,0.540479,0.521724,0.592692
7069,1,0,1,0,0,0,0,1,0,0,1,1,1,-0.0533851,0.00919739,-0.0568189,0.502321,0.51425,0.540479,0.524085,0.583458
7070,0,1,1,0,0,0,0,1,0,0,1,1,1,-0.0305735,0.0225499,-0.0306665,0.55377,0.516247,0.59604,0.539898,0.598283
7071,1,1,1,0,0,0,0,1,0,0,1,1,1,-0.0357606,0.015907,-0.0439925,0.55377,0.515338,0.59604,0.54659,0.589741
7072,0,0,0,1,0,0,0,1,0,0,1,1,1,-0.0440208,0.0186867,-0.0462124,0.515536,0.514776,0.540479,0.526515,0.581008
7073,1,0,0,1,0,0,0,1,0,0,1,1,1,-0.0507361,0.00995124,-0.0581445,0.515536,0.514664,0.540479,0.513284,0.573572
7074,0,1,0,1,0,0,0,1,0,0,1,1,1,-0.0263295,0.0259823,-0.0289113,0.586175,0.516746,0.620768,0.539575,0.589734
7075,1,1,0,1,0,0,0,1,0,0,1,1,1,-0.0316566,0.0184619,-0.0425923,0.586175,0.515728,0.620768,0.5377,0.581034
7076,0,0,1,1,0,0,0,1,0,0,1,1,1,-0.0445947,0.0176091,-0.0430757,0.502321,0.514678,0.540479,0.529442,0.588439
7077,1,0,1,1,0,0,0,1,0,0,1,1,1,-0.0509737,0.00998593,-0.0552207,0.502321,0.514662,0.540479,0.523184,0.588765
7078,0,1,1,1,0,0,0,1,0,0,1,1,1,-0.0280632,0.0231929,-0.0276897,0.55377,0.515258,0.59604,0.544598,0.597118
7079,1,1,1,1,0,0,0,1,0,0,1,1,1,-0.0332504,0.016591,-0.0410158,0.55377,0.515053,0.59604,0.550739,0.596783
7080,0,0,0,0,1,0,0,1,0,0,1,1,1,-0.0468756,0.0167645,-0.053091,0.515536,0.516004,0.530737,0.507813,0.562291
7081,1,0,0,0,1,0,0,1,0,0,1,1,1,-0.0535909,0.0080126,-0.0650227,0.515536,0.515106,0.530737,0.509714,0.551821
7082,0,1,0,0,1,0,0,1,0,0,1,1,1,-0.0296549,0.0237788,-0.0360907,0.586175,0.517082,0.620768,0.532413,0.569986
7083,1,1,0,0,1,0,0,1,0,0,1,1,1,-0.0349819,0.016241,-0.0497714,0.586175,0.515728,0.620768,0.534455,0.560536
7084,0,0,1,0,1,0,0,1,0,0,1,1,1,-0.046924,0.0161362,-0.0485332,0.502321,0.515193,0.530737,0.530089,0.579339
7085,1,0,1,0,1,0,0,1,0,0,1,1,1,-0.0533029,0.00847938,-0.060678,0.502321,0.514807,0.530737,0.531408,0.571541
7086,0,1,1,0,1,0,0,1,0,0,1,1,1,-0.0304913,0.0218145,-0.0345258,0.55377,0.515515,0.59604,0.549642,0.58705
7087,1,1,1,0,1,0,0,1,0,0,1,1,1,-0.0356784,0.0151828,-0.0478517,0.55377,0.515079,0.59604,0.552877,0.579225
7088,0,0,0,1,1,0,0,1,0,0,1,1,1,-0.0447246,0.0174264,-0.0492972,0.515536,0.515333,0.530737,0.508146,0.565586
7089,1,0,0,1,1,0,0,1,0,0,1,1,1,-0.05144,0.00870294,-0.061229,0.515536,0.514967,0.530737,0.507725,0.560078
7090,0,1,0,1,1,0,0,1,0,0,1,1,1,-0.0270335,0.0247115,-0.0319962,0.586175,0.515788,0.620768,0.524939,0.575551
7091,1,1,0,1,1,0,0,1,0,0,1,1,1,-0.0323605,0.0172017,-0.045677,0.586175,0.515253,0.620768,0.530137,0.568865
7092,0,0,1,1,1,0,0,1,0,0,1,1,1,-0.0449801,0.0169784,-0.0461373,0.502321,0.514972,0.530737,0.521319,0.574116
7093,1,0,1,1,1,0,0,1,0,0,1,1,1,-0.0513591,0.00936981,-0.0582821,0.502321,0.51484,0.530737,0.522316,0.57458
7094,0,1,1,1,1,0,0,1,0,0,1,1,1,-0.0284487,0.0225584,-0.0307513,0.55377,0.515083,0.59604,0.53411,0.583042
7095,1,1,1,1,1,0,0,1,0,0,1,1,1,-0.0336358,0.0159682,-0.0440773,0.55377,0.514945,0.59604,0.540402,0.583299
7096,0,0,0,0,0,1,0,1,0,0,1,1,1,-0.0468891,0.0195008,-0.0458873,0.515536,0.515975,0.554479,0.538986,0.556229
7097,1,0,0,0,0,1,0,1,0,0,1,1,1,-0.0536043,0.0107399,-0.0578193,0.515536,0.514914,0.554479,0.513506,0.548794
7098,0,1,0,0,0,1,0,1,0,0,1,1,1,-0.0296683,0.026534,-0.0288867,0.586175,0.516705,0.620768,0.549661,0.563448
7099,1,1,0,0,0,1,0,1,0,0,1,1,1,-0.0349953,0.0189873,-0.0425677,0.586175,0.515522,0.620768,0.555069,0.554991
7100,0,0,1,0,0,1,0,1,0,0,1,1,1,-0.0470504,0.0193746,-0.0411615,0.502321,0.515186,0.554479,0.540763,0.574791
7101,1,0,1,0,0,1,0,1,0,0,1,1,1,-0.0534294,0.0117124,-0.0533065,0.502321,0.51474,0.554479,0.529055,0.565289
7102,0,1,1,0,0,1,0,1,0,0,1,1,1,-0.0306178,0.0250633,-0.0271539,0.55377,0.515402,0.59604,0.539374,0.581139
7103,1,1,1,0,0,1,0,1,0,0,1,1,1,-0.0358049,0.0184276,-0.04048,0.55377,0.515014,0.59604,0.550858,0.572596
7104,0,0,0,1,0,1,0,1,0,0,1,1,1,-0.044079,0.0213731,-0.042099,0.515536,0.515233,0.554479,0.547296,0.563954
7105,1,0,0,1,0,1,0,1,0,0,1,1,1,-0.0507943,0.0126437,-0.0540311,0.515536,0.514876,0.554479,0.529629,0.553992
7106,0,1,0,1,0,1,0,1,0,0,1,1,1,-0.0263877,0.028683,-0.0247976,0.586175,0.515513,0.620768,0.543751,0.571571
7107,1,1,0,1,0,1,0,1,0,0,1,1,1,-0.0317147,0.0211668,-0.0384787,0.586175,0.515132,0.620768,0.543751,0.562701
7108,0,0,1,1,0,1,0,1,0,0,1,1,1,-0.0446528,0.0203058,-0.0389623,0.502321,0.514938,0.554479,0.543881,0.579874
7109,1,0,1,1,0,1,0,1,0,0,1,1,1,-0.0510319,0.0126921,-0.0511073,0.502321,0.514808,0.554479,0.538103,0.572829
7110,1,1,1,1,0,1,0,1,0,0,1,1,1,-0.0333085,0.0193042,-0.0369022,0.55377,0.514905,0.59604,0.545048,0.580385
7111,0,0,0,0,1,1,0,1,0,0,1,1,1,-0.0442944,0.0194938,-0.0487367,0.515536,0.51541,0.544737,0.542793,0.54216
7112,1,0,0,0,1,1,0,1,0,0,1,1,1,-0.0510098,0.0107503,-0.0606686,0.515536,0.51494,0.544737,0.529574,0.543372
7113,0,1,0,0,1,1,0,1,0,0,1,1,1,-0.0270734,0.0265154,-0.0317362,0.586175,0.51558,0.620768,0.571763,0.549623
7114,1,1,0,0,1,1,0,1,0,0,1,1,1,-0.0324004,0.0189834,-0.045417,0.586175,0.515112,0.620768,0.564855,0.549317
7115,0,0,1,0,1,1,0,1,0,0,1,1,1,-0.0443427,0.0188763,-0.0441789,0.502321,0.515019,0.544737,0.538886,0.561302
7116,1,0,1,0,1,1,0,1,0,0,1,1,1,-0.0507217,0.0112294,-0.0563237,0.502321,0.514822,0.544737,0.527431,0.551126
7117,0,1,1,0,1,1,0,1,0,0,1,1,1,-0.0279097,0.0245596,-0.0301714,0.55377,0.51506,0.59604,0.54533,0.569077
7118,1,1,1,0,1,1,0,1,0,0,1,1,1,-0.0330969,0.0179354,-0.0434973,0.55377,0.514904,0.59604,0.550812,0.561212
7119,0,0,0,1,1,1,0,1,0,0,1,1,1,-0.0423776,0.0204482,-0.0441081,0.515536,0.515047,0.544737,0.524605,0.546907
7120,1,0,0,1,1,1,0,1,0,0,1,1,1,-0.0490931,0.011731,-0.0560401,0.515536,0.514873,0.544737,0.511393,0.541044
7121,0,1,0,1,1,1,0,1,0,0,1,1,1,-0.0246861,0.0277442,-0.0268068,0.586175,0.515132,0.620768,0.552299,0.557948
7122,1,1,0,1,1,1,0,1,0,0,1,1,1,-0.0300131,0.0202377,-0.0404878,0.586175,0.514957,0.620768,0.541854,0.548536
7123,0,0,1,1,1,1,0,1,0,0,1,1,1,-0.042633,0.0200096,-0.0409482,0.502321,0.514893,0.544737,0.532828,0.56374
7124,1,0,1,1,1,1,0,1,0,0,1,1,1,-0.0490121,0.0124077,-0.0530931,0.502321,0.514828,0.544737,0.523293,0.558745
7125,0,1,1,1,1,1,0,1,0,0,1,1,1,-0.0261012,0.0255962,-0.025562,0.55377,0.514907,0.59604,0.543102,0.573097
7126,1,1,1,1,1,1,0,1,0,0,1,1,1,-0.0312884,0.0190102,-0.038888,0.55377,0.51486,0.59604,0.540601,0.567595
7127,0,0,0,0,0,0,1,1,0,0,1,1,1,-0.0490944,0.0147994,-0.049084,0.496828,0.514161,0.463855,0.549922,0.572214
7128,0,1,0,0,0,0,1,1,0,0,1,1,1,-0.0318739,0.0218265,-0.0320835,0.576113,0.516247,0.551109,0.549307,0.57801
7129,1,1,0,0,0,0,1,1,0,0,1,1,1,-0.0372009,0.0142735,-0.0457644,0.576113,0.515353,0.551109,0.549307,0.568231
7130,0,0,1,0,0,0,1,1,0,0,1,1,1,-0.0492559,0.0146672,-0.0443582,0.483613,0.514492,0.463855,0.54965,0.588925
7131,1,0,1,0,0,0,1,1,0,0,1,1,1,-0.0556349,0.00699407,-0.0565032,0.483613,0.514494,0.463855,0.544379,0.580044
7132,0,1,1,0,0,0,1,1,0,0,1,1,1,-0.0328234,0.0203508,-0.0303506,0.543708,0.515194,0.526381,0.54965,0.593917
7133,1,1,1,0,0,0,1,1,0,0,1,1,1,-0.0380105,0.0137075,-0.0436766,0.543708,0.514933,0.526381,0.554182,0.585403
7134,0,0,0,1,0,0,1,1,0,0,1,1,1,-0.0462704,0.0164659,-0.0458966,0.496828,0.514606,0.463855,0.548621,0.579995
7135,1,0,0,1,0,0,1,1,0,0,1,1,1,-0.0529858,0.00772689,-0.0578288,0.496828,0.514652,0.463855,0.545607,0.570892
7136,0,1,0,1,0,0,1,1,0,0,1,1,1,-0.0285794,0.0237656,-0.0285954,0.576113,0.515361,0.551109,0.547433,0.586235
7137,1,1,0,1,0,0,1,1,0,0,1,1,1,-0.0339065,0.016243,-0.0422764,0.576113,0.515067,0.551109,0.547433,0.577871
7138,0,0,1,1,0,0,1,1,0,0,1,1,1,-0.0468445,0.0154006,-0.0427599,0.483613,0.514695,0.463855,0.549282,0.592911
7139,1,0,1,1,0,0,1,1,0,0,1,1,1,-0.0532235,0.00777561,-0.054905,0.483613,0.51472,0.463855,0.539723,0.587668
7140,0,1,1,1,0,0,1,1,0,0,1,1,1,-0.0303131,0.0209873,-0.0273737,0.543708,0.51492,0.526381,0.549083,0.599848
7141,1,1,1,1,0,0,1,1,0,0,1,1,1,-0.0355003,0.014385,-0.0406998,0.543708,0.514872,0.526381,0.549083,0.593877
7142,0,0,0,0,1,0,1,1,0,0,1,1,1,-0.0495856,0.014025,-0.052571,0.496828,0.514827,0.454113,0.536631,0.560231
7143,1,0,0,0,1,0,1,1,0,0,1,1,1,-0.0563009,0.00527066,-0.0645029,0.496828,0.514738,0.454113,0.527176,0.550683
7144,0,1,0,0,1,0,1,1,0,0,1,1,1,-0.0323653,0.0210431,-0.0355706,0.576113,0.515439,0.551109,0.549479,0.567467
7145,1,1,0,0,1,0,1,1,0,0,1,1,1,-0.0376923,0.0135036,-0.0492513,0.576113,0.515058,0.551109,0.554399,0.558586
7146,0,0,1,0,1,0,1,1,0,0,1,1,1,-0.0496341,0.013409,-0.0480132,0.483613,0.514799,0.454113,0.546059,0.577346
7147,1,0,1,0,1,0,1,1,0,0,1,1,1,-0.0560131,0.00575133,-0.0601581,0.483613,0.514743,0.454113,0.537061,0.569085
7148,0,1,1,0,1,0,1,1,0,0,1,1,1,-0.0332017,0.0190894,-0.0340057,0.543708,0.514997,0.526381,0.549683,0.583765
7149,1,1,1,0,1,0,1,1,0,0,1,1,1,-0.0383888,0.0124578,-0.0473315,0.543708,0.514878,0.526381,0.554038,0.576289
7150,0,0,0,1,1,0,1,1,0,0,1,1,1,-0.0474347,0.0146702,-0.0487771,0.496828,0.514857,0.454113,0.535277,0.56665
7151,1,0,0,1,1,0,1,1,0,0,1,1,1,-0.0541501,0.00594434,-0.0607091,0.496828,0.514804,0.454113,0.529154,0.558446
7152,0,1,0,1,1,0,1,1,0,0,1,1,1,-0.0297439,0.0219595,-0.031476,0.576113,0.515091,0.551109,0.550099,0.57434
7153,1,1,0,1,1,0,1,1,0,0,1,1,1,-0.0350709,0.014448,-0.0451568,0.576113,0.514938,0.551109,0.550959,0.566694
7154,0,0,1,1,1,0,1,1,0,0,1,1,1,-0.0476903,0.0142369,-0.0456172,0.483613,0.51482,0.454113,0.535239,0.57936
7155,1,0,1,1,1,0,1,1,0,0,1,1,1,-0.0540693,0.00662732,-0.0577621,0.483613,0.514801,0.454113,0.532176,0.575352
7156,0,1,1,1,1,0,1,1,0,0,1,1,1,-0.0311591,0.0198195,-0.0302311,0.543708,0.514886,0.526381,0.547874,0.587359
7157,1,1,1,1,1,0,1,1,0,0,1,1,1,-0.0363462,0.0132294,-0.043557,0.543708,0.51485,0.526381,0.548375,0.582885
7158,0,0,0,0,0,1,1,1,0,0,1,1,1,-0.0477002,0.0168168,-0.0463724,0.496828,0.514973,0.477855,0.550125,0.554584
7159,1,0,0,0,0,1,1,1,0,0,1,1,1,-0.0544155,0.00805225,-0.0583045,0.496828,0.51472,0.477855,0.544068,0.554042
7160,0,1,0,0,0,1,1,1,0,0,1,1,1,-0.0304796,0.0238542,-0.0293717,0.576113,0.51537,0.551109,0.557339,0.561379
7161,1,1,0,0,0,1,1,1,0,0,1,1,1,-0.0358066,0.0163048,-0.0430527,0.576113,0.515006,0.551109,0.557339,0.558675
7162,0,0,1,0,0,1,1,1,0,0,1,1,1,-0.0478617,0.0166957,-0.0416466,0.483613,0.514854,0.477855,0.549731,0.57207
7163,1,0,1,0,0,1,1,1,0,0,1,1,1,-0.0542407,0.00902996,-0.0537917,0.483613,0.514738,0.477855,0.547275,0.563204
7164,0,1,1,0,0,1,1,1,0,0,1,1,1,-0.0314291,0.0223874,-0.0276388,0.543708,0.51498,0.526381,0.550227,0.578069
7165,1,1,1,0,0,1,1,1,0,0,1,1,1,-0.0366163,0.0157496,-0.0409649,0.543708,0.514863,0.526381,0.550227,0.570113
7166,0,0,0,1,0,1,1,1,0,0,1,1,1,-0.0448901,0.0186718,-0.042584,0.496828,0.514877,0.477855,0.550125,0.561992
7167,1,0,0,1,0,1,1,1,0,0,1,1,1,-0.0516055,0.00993875,-0.0545163,0.496828,0.51479,0.477855,0.545157,0.552731
7168,0,1,0,1,0,1,1,1,0,0,1,1,1,-0.027199,0.0259861,-0.0252826,0.576113,0.515019,0.551109,0.550125,0.569184
7169,1,1,0,1,0,1,1,1,0,0,1,1,1,-0.032526,0.0184671,-0.0389637,0.576113,0.514904,0.551109,0.550125,0.560895
7170,0,0,1,1,0,1,1,1,0,0,1,1,1,-0.0454641,0.0176141,-0.0394473,0.483613,0.514828,0.477855,0.550043,0.578136
7171,1,0,1,1,0,1,1,1,0,0,1,1,1,-0.0518432,0.00999678,-0.0515924,0.483613,0.514796,0.477855,0.550043,0.570507
7172,0,1,1,1,0,1,1,1,0,0,1,1,1,-0.0289326,0.0232107,-0.0240609,0.543708,0.514864,0.526381,0.548266,0.584477
7173,1,1,1,1,0,1,1,1,0,0,1,1,1,-0.0341199,0.0166138,-0.0373871,0.543708,0.514839,0.526381,0.548266,0.577604
7174,0,0,0,0,1,1,1,1,0,0,1,1,1,-0.0465005,0.0164978,-0.048828,0.496828,0.514767,0.468113,0.549426,0.548535
7175,1,0,0,0,1,1,1,1,0,0,1,1,1,-0.0532158,0.0077512,-0.0607601,0.496828,0.514752,0.468113,0.529658,0.549482
7176,0,1,0,0,1,1,1,1,0,0,1,1,1,-0.0292797,0.0235242,-0.0318275,0.576113,0.514988,0.551109,0.564105,0.553851
7177,1,1,0,0,1,1,1,1,0,0,1,1,1,-0.0346067,0.0159896,-0.0455084,0.576113,0.514879,0.551109,0.558938,0.554605
7178,0,0,1,0,1,1,1,1,0,0,1,1,1,-0.0465488,0.01589,-0.0442703,0.483613,0.514794,0.468113,0.550108,0.559617
7179,1,0,1,0,1,1,1,1,0,0,1,1,1,-0.0529279,0.00824008,-0.0564152,0.483613,0.514778,0.468113,0.545778,0.553605
7180,0,1,1,0,1,1,1,1,0,0,1,1,1,-0.0301161,0.0215766,-0.0302626,0.543708,0.514867,0.526381,0.550108,0.566978
7181,1,1,1,0,1,1,1,1,0,0,1,1,1,-0.0353032,0.0149506,-0.0435886,0.543708,0.514832,0.526381,0.556447,0.559665
7182,0,0,0,1,1,1,1,1,0,0,1,1,1,-0.0445837,0.0174324,-0.0441994,0.496828,0.514807,0.468113,0.541718,0.547073
7183,1,0,0,1,1,1,1,1,0,0,1,1,1,-0.0512991,0.0087121,-0.0561315,0.496828,0.514798,0.468113,0.525051,0.547708
7184,0,1,0,1,1,1,1,1,0,0,1,1,1,-0.0268924,0.0247335,-0.026898,0.576113,0.514893,0.551109,0.550413,0.555279
7185,1,1,0,1,1,1,1,1,0,0,1,1,1,-0.0322195,0.0172245,-0.040579,0.576113,0.514851,0.551109,0.539738,0.553095
7186,0,0,1,1,1,1,1,1,0,0,1,1,1,-0.0448391,0.0170048,-0.0410394,0.483613,0.514811,0.468113,0.549818,0.564387
7187,1,0,1,1,1,1,1,1,0,0,1,1,1,-0.0512182,0.00939978,-0.0531845,0.483613,0.514807,0.468113,0.538625,0.556156
7188,0,1,1,1,1,1,1,1,0,0,1,1,1,-0.0283076,0.0225953,-0.0256532,0.543708,0.514837,0.526381,0.549818,0.572051
7189,1,1,1,1,1,1,1,1,0,0,1,1,1,-0.0334948,0.0160074,-0.0389792,0.543708,0.514827,0.526381,0.549818,0.565854
7190,1,0,0,0,0,0,0,0,1,0,1,1,1,-0.0565754,0.00802504,-0.0607779,0.523693,0.513677,0.540479,0.486889,0.561828
7191,0,1,0,0,0,0,0,0,1,0,1,1,1,-0.0326392,0.0238237,-0.0318455,0.585367,0.519044,0.609436,0.515327,0.580245
7192,1,1,0,0,0,0,0,0,1,0,1,1,1,-0.0379664,0.0162711,-0.0455264,0.585367,0.516552,0.609436,0.554903,0.56985
7193,0,0,1,0,0,0,0,0,1,0,1,1,1,-0.0500214,0.0166565,-0.0441202,0.510478,0.514049,0.540479,0.492367,0.582885
7194,1,0,1,0,0,0,0,0,1,0,1,1,1,-0.0564005,0.00898647,-0.0562652,0.510478,0.514076,0.540479,0.52683,0.581843
7195,0,1,1,0,0,0,0,0,1,0,1,1,1,-0.0335887,0.0223439,-0.0301127,0.552963,0.5159,0.584708,0.523586,0.591943
7196,0,0,0,1,0,0,0,0,1,0,1,1,1,-0.0470361,0.0184754,-0.0456586,0.523693,0.514086,0.540479,0.538449,0.569615
7197,1,0,0,1,0,0,0,0,1,0,1,1,1,-0.0537516,0.00973955,-0.0575907,0.523693,0.514398,0.540479,0.543854,0.568201
7198,0,1,0,1,0,0,0,0,1,0,1,1,1,-0.0293447,0.0257814,-0.0283576,0.585367,0.516097,0.609436,0.545294,0.579292
7199,1,1,0,1,0,0,0,0,1,0,1,1,1,-0.034672,0.0182591,-0.0420385,0.585367,0.515527,0.609436,0.554132,0.578249
7200,0,0,1,1,0,0,0,0,1,0,1,1,1,-0.04761,0.017403,-0.0425219,0.510478,0.514399,0.540479,0.551482,0.577369
7201,1,0,1,1,0,0,0,0,1,0,1,1,1,-0.0539891,0.0097811,-0.054667,0.510478,0.514564,0.540479,0.562182,0.577533
7202,1,1,1,1,0,0,0,0,1,0,1,1,1,-0.0362657,0.0163904,-0.0404619,0.552963,0.514967,0.584708,0.561132,0.586296
7203,0,0,0,0,1,0,0,0,1,0,1,1,1,-0.0498908,0.016554,-0.0525372,0.523693,0.514493,0.530737,0.494707,0.556409
7204,1,0,0,0,1,0,0,0,1,0,1,1,1,-0.0566063,0.00780193,-0.064469,0.523693,0.514518,0.530737,0.521663,0.547904
7205,0,1,0,0,1,0,0,0,1,0,1,1,1,-0.03267,0.0235771,-0.035537,0.585367,0.516363,0.609436,0.521764,0.566703
7206,1,1,0,0,1,0,0,0,1,0,1,1,1,-0.0379972,0.0160375,-0.0492176,0.585367,0.515473,0.609436,0.546139,0.557883
7207,0,0,1,0,1,0,0,0,1,0,1,1,1,-0.0499391,0.0159305,-0.0479795,0.510478,0.514623,0.530737,0.530519,0.568421
7208,1,0,1,0,1,0,0,0,1,0,1,1,1,-0.0563182,0.00827513,-0.0601243,0.510478,0.514594,0.530737,0.549442,0.566411
7209,0,1,1,0,1,0,0,0,1,0,1,1,1,-0.0335064,0.0216151,-0.033972,0.552963,0.515225,0.584708,0.541982,0.577662
7210,1,1,1,0,1,0,0,0,1,0,1,1,1,-0.0386937,0.0149824,-0.0472979,0.552963,0.514981,0.584708,0.561583,0.576307
7211,0,0,0,1,1,0,0,0,1,0,1,1,1,-0.0477399,0.0172181,-0.0487433,0.523693,0.514702,0.530737,0.55009,0.554725
7212,1,0,0,1,1,0,0,0,1,0,1,1,1,-0.0544554,0.00849452,-0.0606753,0.523693,0.514731,0.530737,0.559547,0.55201
7213,1,1,0,1,1,0,0,0,1,0,1,1,1,-0.0353758,0.0170023,-0.0451232,0.585367,0.515126,0.609436,0.577688,0.562914
7214,0,0,1,1,1,0,0,0,1,0,1,1,1,-0.0479953,0.0167777,-0.0455835,0.510478,0.514731,0.530737,0.561954,0.562267
7215,1,0,1,1,1,0,0,0,1,0,1,1,1,-0.0543744,0.00917035,-0.0577284,0.510478,0.514753,0.530737,0.570937,0.563034
7216,0,1,1,1,1,0,0,0,1,0,1,1,1,-0.0314638,0.0223644,-0.0301975,0.552963,0.514924,0.584708,0.559122,0.571767
7217,1,1,1,1,1,0,0,0,1,0,1,1,1,-0.0366511,0.015773,-0.0435234,0.552963,0.514894,0.584708,0.569456,0.572364
7218,0,0,0,0,0,1,0,0,1,0,1,1,1,-0.0500233,0.0192004,-0.0465978,0.523693,0.515734,0.554479,0.559114,0.553417
7219,0,1,0,0,0,1,0,0,1,0,1,1,1,-0.0328024,0.0262408,-0.0295973,0.585367,0.516487,0.609436,0.579848,0.561279
7220,1,1,0,0,0,1,0,0,1,0,1,1,1,-0.0381296,0.0186911,-0.0432783,0.585367,0.515452,0.609436,0.592328,0.550287
7221,0,0,1,0,0,1,0,0,1,0,1,1,1,-0.0501846,0.0190774,-0.0418721,0.510478,0.515085,0.554479,0.541585,0.571938
7222,1,0,1,0,0,1,0,0,1,0,1,1,1,-0.0565637,0.0114148,-0.0540171,0.510478,0.5147,0.554479,0.55856,0.562958
7223,0,1,1,0,0,1,0,0,1,0,1,1,1,-0.0337519,0.0247713,-0.0278645,0.552963,0.5153,0.584708,0.560696,0.579837
7224,1,1,1,0,0,1,0,0,1,0,1,1,1,-0.0389392,0.0181327,-0.0411906,0.552963,0.514985,0.584708,0.581758,0.571035
7225,0,0,0,1,0,1,0,0,1,0,1,1,1,-0.0472132,0.0210752,-0.0428095,0.523693,0.515049,0.554479,0.566932,0.558081
7226,1,0,0,1,0,1,0,0,1,0,1,1,1,-0.0539287,0.0123444,-0.0547417,0.523693,0.514804,0.554479,0.565133,0.550121
7227,0,1,0,1,0,1,0,0,1,0,1,1,1,-0.0295218,0.0283943,-0.0255082,0.585367,0.515313,0.609436,0.57609,0.567943
7228,1,1,0,1,0,1,0,0,1,0,1,1,1,-0.034849,0.0208751,-0.0391893,0.585367,0.515072,0.609436,0.576768,0.560085
7229,0,0,1,1,0,1,0,0,1,0,1,1,1,-0.0477871,0.020012,-0.0396728,0.510478,0.514862,0.554479,0.54529,0.569152
7230,1,0,1,1,0,1,0,0,1,0,1,1,1,-0.0541662,0.0123978,-0.0518179,0.510478,0.514782,0.554479,0.549801,0.5675
7231,0,1,1,1,0,1,0,0,1,0,1,1,1,-0.0312555,0.0256108,-0.0242866,0.552963,0.514905,0.584708,0.555137,0.577726
7232,1,1,1,1,0,1,0,0,1,0,1,1,1,-0.0364428,0.0190132,-0.0376127,0.552963,0.514879,0.584708,0.565817,0.576929
7233,0,0,0,0,1,1,0,0,1,0,1,1,1,-0.0474286,0.0192071,-0.0494472,0.523693,0.515106,0.544737,0.59089,0.536945
7234,0,1,0,0,1,1,0,0,1,0,1,1,1,-0.0302074,0.0262361,-0.0324468,0.585367,0.515411,0.609436,0.592719,0.545784
7235,1,1,0,0,1,1,0,0,1,0,1,1,1,-0.0355346,0.0187011,-0.0461276,0.585367,0.515053,0.609436,0.602724,0.541724
7236,0,0,1,0,1,1,0,0,1,0,1,1,1,-0.0474768,0.0185934,-0.0448895,0.510478,0.514903,0.544737,0.56905,0.555859
7237,1,0,1,0,1,1,0,0,1,0,1,1,1,-0.053856,0.0109461,-0.0570343,0.510478,0.514778,0.544737,0.57894,0.547129
7238,0,1,1,0,1,1,0,0,1,0,1,1,1,-0.0310438,0.0242819,-0.030882,0.552963,0.514991,0.584708,0.575058,0.565599
7239,1,1,1,0,1,1,0,0,1,0,1,1,1,-0.0362311,0.0176548,-0.0442079,0.552963,0.514881,0.584708,0.590235,0.558485
7240,0,0,0,1,1,1,0,0,1,0,1,1,1,-0.0455119,0.0201617,-0.0448185,0.523693,0.514911,0.544737,0.584543,0.539498
7241,1,0,0,1,1,1,0,0,1,0,1,1,1,-0.0522275,0.0114433,-0.0567506,0.523693,0.514821,0.544737,0.587384,0.535167
7242,0,1,0,1,1,1,0,0,1,0,1,1,1,-0.0278202,0.027467,-0.0275174,0.585367,0.515032,0.609436,0.591102,0.551938
7243,1,1,0,1,1,1,0,0,1,0,1,1,1,-0.0331474,0.0199575,-0.0411983,0.585367,0.514926,0.609436,0.594737,0.543926
7244,0,0,1,1,1,1,0,0,1,0,1,1,1,-0.0457672,0.0197288,-0.0416587,0.510478,0.51484,0.544737,0.565931,0.55463
7245,1,0,1,1,1,1,0,0,1,0,1,1,1,-0.0521464,0.0121264,-0.0538036,0.510478,0.514809,0.544737,0.571654,0.551269
7246,0,1,1,1,1,1,0,0,1,0,1,1,1,-0.0292354,0.0253211,-0.0262726,0.552963,0.514864,0.584708,0.570976,0.563829
7247,1,1,1,1,1,1,0,0,1,0,1,1,1,-0.0344227,0.0187322,-0.0395985,0.552963,0.514847,0.584708,0.579939,0.561502
7248,0,0,0,0,0,0,1,0,1,0,1,1,1,-0.0516993,0.0157372,-0.0488195,0.496828,0.513881,0.463855,0.49912,0.570515
7249,1,1,0,0,0,0,1,0,1,0,1,1,1,-0.0398058,0.0152148,-0.0455,0.567149,0.515267,0.539776,0.562276,0.567247
7250,0,0,1,0,0,0,1,0,1,0,1,1,1,-0.0518607,0.0156084,-0.0440938,0.483613,0.514374,0.463855,0.506258,0.587379
7251,1,0,1,0,0,0,1,0,1,0,1,1,1,-0.0582398,0.00793292,-0.0562389,0.483613,0.51445,0.463855,0.529559,0.578996
7252,0,1,1,0,0,0,1,0,1,0,1,1,1,-0.0354281,0.0212977,-0.0300862,0.534744,0.515072,0.515049,0.51852,0.593883
7253,1,1,1,0,0,0,1,0,1,0,1,1,1,-0.0406154,0.0146496,-0.0434122,0.534744,0.514896,0.515049,0.546914,0.585578
7254,0,0,0,1,0,0,1,0,1,0,1,1,1,-0.0488754,0.017408,-0.0456322,0.496828,0.514403,0.463855,0.537266,0.575059
7255,1,0,0,1,0,0,1,0,1,0,1,1,1,-0.0555909,0.00866634,-0.0575644,0.496828,0.514577,0.463855,0.536652,0.568652
7256,1,1,0,1,0,0,1,0,1,0,1,1,1,-0.0365114,0.0171905,-0.042012,0.567149,0.514997,0.539776,0.536969,0.576507
7257,0,0,1,1,0,0,1,0,1,0,1,1,1,-0.0494493,0.0163463,-0.0424955,0.483613,0.514611,0.463855,0.543126,0.582147
7258,1,0,1,1,0,0,1,0,1,0,1,1,1,-0.0558285,0.00871886,-0.0546406,0.483613,0.514692,0.463855,0.551966,0.582115
7259,0,1,1,1,0,0,1,0,1,0,1,1,1,-0.0329178,0.0219395,-0.0271093,0.534744,0.514817,0.515049,0.532693,0.589939
7260,1,1,1,1,0,0,1,0,1,0,1,1,1,-0.0381052,0.0153322,-0.0404354,0.534744,0.514842,0.515049,0.545616,0.590222
7261,0,0,0,0,1,0,1,0,1,0,1,1,1,-0.0521906,0.0149709,-0.0523065,0.496828,0.514435,0.454113,0.520962,0.55742
7262,1,0,0,0,1,0,1,0,1,0,1,1,1,-0.058906,0.00621397,-0.0642385,0.496828,0.514584,0.454113,0.543002,0.545554
7263,0,1,0,0,1,0,1,0,1,0,1,1,1,-0.03497,0.0219971,-0.0353062,0.567149,0.515229,0.539776,0.532243,0.565279
7264,1,1,0,0,1,0,1,0,1,0,1,1,1,-0.0402972,0.0144531,-0.0489869,0.567149,0.514984,0.539776,0.560784,0.556213
7265,0,0,1,0,1,0,1,0,1,0,1,1,1,-0.052239,0.0143581,-0.0477488,0.483613,0.51465,0.454113,0.541681,0.572953
7266,1,0,1,0,1,0,1,0,1,0,1,1,1,-0.0586181,0.00669808,-0.0598937,0.483613,0.514688,0.454113,0.561761,0.566738
7267,0,1,1,0,1,0,1,0,1,0,1,1,1,-0.0358065,0.0200442,-0.0337413,0.534744,0.51491,0.515049,0.553462,0.581585
7268,1,1,1,0,1,0,1,0,1,0,1,1,1,-0.0409937,0.0134078,-0.0470671,0.534744,0.514849,0.515049,0.57637,0.574707
7269,0,0,0,1,1,0,1,0,1,0,1,1,1,-0.0500397,0.0156188,-0.0485126,0.496828,0.514686,0.454113,0.550522,0.559492
7270,1,0,0,1,1,0,1,0,1,0,1,1,1,-0.0567552,0.0068903,-0.0604447,0.496828,0.514741,0.454113,0.560643,0.554705
7271,1,1,0,1,1,0,1,0,1,0,1,1,1,-0.0376759,0.0154021,-0.0448924,0.567149,0.5149,0.539776,0.561045,0.564085
7272,0,0,1,1,1,0,1,0,1,0,1,1,1,-0.0502952,0.0151906,-0.0453527,0.483613,0.514754,0.454113,0.559,0.568454
7273,1,0,1,1,1,0,1,0,1,0,1,1,1,-0.0566743,0.00757858,-0.0574977,0.483613,0.514778,0.454113,0.566297,0.568656
7274,0,1,1,1,1,0,1,0,1,0,1,1,1,-0.0337639,0.0207797,-0.0299666,0.534744,0.514835,0.515049,0.555938,0.576879
7275,1,1,1,1,1,0,1,0,1,0,1,1,1,-0.0389512,0.0141846,-0.0432926,0.534744,0.514834,0.515049,0.563977,0.577324
7276,0,0,0,0,0,1,1,0,1,0,1,1,1,-0.0508224,0.0173306,-0.0472257,0.496828,0.514973,0.477855,0.570567,0.551192
7277,1,0,0,0,0,1,1,0,1,0,1,1,1,-0.0575378,0.00856253,-0.0591579,0.496828,0.514711,0.477855,0.57332,0.547249
7278,0,1,0,0,0,1,1,0,1,0,1,1,1,-0.0336017,0.0243737,-0.0302251,0.567149,0.515314,0.539776,0.594122,0.559375
7279,1,1,0,0,0,1,1,0,1,0,1,1,1,-0.0389288,0.0168186,-0.0439061,0.567149,0.514989,0.539776,0.593744,0.552447
7280,0,0,1,0,0,1,1,0,1,0,1,1,1,-0.0509838,0.0172103,-0.0425,0.483613,0.514849,0.477855,0.549439,0.570217
7281,1,0,1,0,0,1,1,0,1,0,1,1,1,-0.0573629,0.00954003,-0.0546451,0.483613,0.514736,0.477855,0.549912,0.561096
7282,0,1,1,0,0,1,1,0,1,0,1,1,1,-0.0345512,0.0229063,-0.0284922,0.534744,0.514951,0.515049,0.564706,0.577021
7283,1,1,1,0,0,1,1,0,1,0,1,1,1,-0.0397385,0.0162614,-0.0418183,0.534744,0.514855,0.515049,0.576043,0.568757
7284,0,0,0,1,0,1,1,0,1,0,1,1,1,-0.0480124,0.0191916,-0.0434374,0.496828,0.514843,0.477855,0.550058,0.559241
7285,1,0,0,1,0,1,1,0,1,0,1,1,1,-0.0547279,0.0104551,-0.0553697,0.496828,0.514778,0.477855,0.550058,0.548073
7286,1,1,0,1,0,1,1,0,1,0,1,1,1,-0.0356483,0.0189889,-0.0398171,0.567149,0.514886,0.539776,0.571217,0.558531
7287,0,0,1,1,0,1,1,0,1,0,1,1,1,-0.0485863,0.0181336,-0.0403007,0.483613,0.514813,0.477855,0.549415,0.573515
7288,1,0,1,1,0,1,1,0,1,0,1,1,1,-0.0549654,0.0105117,-0.0524458,0.483613,0.514792,0.477855,0.549415,0.56818
7289,0,1,1,1,0,1,1,0,1,0,1,1,1,-0.0320548,0.0237348,-0.0249143,0.534744,0.514835,0.515049,0.541314,0.581766
7290,1,1,1,1,0,1,1,0,1,0,1,1,1,-0.0372421,0.0171308,-0.0382405,0.534744,0.514831,0.515049,0.545708,0.57599
7291,0,0,0,0,1,1,1,0,1,0,1,1,1,-0.0496227,0.0170272,-0.0496814,0.496828,0.51478,0.468113,0.575516,0.540911
7292,1,0,0,0,1,1,1,0,1,0,1,1,1,-0.0563381,0.00827725,-0.0616134,0.496828,0.514754,0.468113,0.581354,0.541553
7293,0,1,0,0,1,1,1,0,1,0,1,1,1,-0.0324018,0.0240593,-0.0326809,0.567149,0.514971,0.539776,0.59446,0.546725
7294,1,1,0,0,1,1,1,0,1,0,1,1,1,-0.0377289,0.0165192,-0.0463618,0.567149,0.514874,0.539776,0.60202,0.54778
7295,0,0,1,0,1,1,1,0,1,0,1,1,1,-0.0496709,0.0164193,-0.0451237,0.483613,0.514797,0.468113,0.551159,0.556262
7296,1,0,1,0,1,1,1,0,1,0,1,1,1,-0.0560501,0.00876497,-0.0572686,0.483613,0.514779,0.468113,0.563164,0.547319
7297,0,1,1,0,1,1,1,0,1,0,1,1,1,-0.0332382,0.0221103,-0.031116,0.534744,0.514858,0.515049,0.568042,0.564656
7298,1,1,1,0,1,1,1,0,1,0,1,1,1,-0.0384254,0.0154772,-0.044442,0.534744,0.51483,0.515049,0.583757,0.556277
7299,0,0,0,1,1,1,1,0,1,0,1,1,1,-0.0477059,0.0179656,-0.0450527,0.496828,0.514803,0.468113,0.554513,0.54291
7300,1,0,0,1,1,1,1,0,1,0,1,1,1,-0.0544215,0.00924208,-0.0569849,0.496828,0.514797,0.468113,0.559095,0.540629
7301,0,1,0,1,1,1,1,0,1,0,1,1,1,-0.0300145,0.0252744,-0.0277514,0.567149,0.514873,0.539776,0.571071,0.551426
7302,1,1,0,1,1,1,1,0,1,0,1,1,1,-0.0353417,0.0177599,-0.0414324,0.567149,0.514846,0.539776,0.574192,0.545716
7303,0,0,1,1,1,1,1,0,1,0,1,1,1,-0.0479613,0.0175387,-0.0418928,0.483613,0.514809,0.468113,0.549051,0.557781
7304,1,0,1,1,1,1,1,0,1,0,1,1,1,-0.0543405,0.00992926,-0.0540378,0.483613,0.514807,0.468113,0.552648,0.552197
7305,0,1,1,1,1,1,1,0,1,0,1,1,1,-0.0314297,0.0231338,-0.0265065,0.534744,0.514827,0.515049,0.54543,0.566946
7306,1,1,1,1,1,1,1,0,1,0,1,1,1,-0.036617,0.0165389,-0.0398326,0.534744,0.514825,0.515049,0.551194,0.563204
7307,0,0,0,0,0,0,0,1,1,0,1,1,1,-0.0466345,0.0189294,-0.0463753,0.515536,0.514383,0.540479,0.490218,0.584073
7308,1,0,0,0,0,0,0,1,1,0,1,1,1,-0.0533498,0.0101585,-0.0583073,0.515536,0.514454,0.540479,0.507913,0.579225
7309,0,1,0,0,0,0,0,1,1,0,1,1,1,-0.0294137,0.0259515,-0.029375,0.577211,0.516472,0.614448,0.5211,0.593503
7310,1,1,0,0,0,0,0,1,1,0,1,1,1,-0.0347409,0.0183948,-0.0430559,0.577211,0.515509,0.614448,0.551512,0.586717
7311,0,0,1,0,0,0,0,1,1,0,1,1,1,-0.0467958,0.0187891,-0.0416496,0.502321,0.514561,0.540479,0.509932,0.591475
7312,1,0,1,0,0,0,0,1,1,0,1,1,1,-0.0531747,0.0111112,-0.0537946,0.502321,0.514567,0.540479,0.543979,0.591676
7313,0,1,1,0,0,0,0,1,1,0,1,1,1,-0.0303632,0.0244692,-0.0276421,0.544806,0.515255,0.58972,0.541242,0.599
7314,1,1,1,0,0,0,0,1,1,0,1,1,1,-0.0355504,0.0178182,-0.0409682,0.544806,0.514992,0.58972,0.569863,0.600005
7315,0,0,0,1,0,0,0,1,1,0,1,1,1,-0.0438105,0.0206023,-0.043188,0.515536,0.514578,0.540479,0.54753,0.579206
7316,1,0,0,1,0,0,0,1,1,0,1,1,1,-0.0505259,0.0118626,-0.0551202,0.515536,0.514684,0.540479,0.550278,0.579198
7317,0,1,0,1,0,0,0,1,1,0,1,1,1,-0.0261193,0.0278991,-0.0258869,0.577211,0.51533,0.614448,0.550489,0.588229
7318,1,1,0,1,0,0,0,1,1,0,1,1,1,-0.0314465,0.0203728,-0.039568,0.577211,0.515102,0.614448,0.554379,0.588279
7319,0,0,1,1,0,0,0,1,1,0,1,1,1,-0.0443844,0.0195237,-0.0400513,0.502321,0.514675,0.540479,0.554048,0.585474
7320,1,0,1,1,0,0,0,1,1,0,1,1,1,-0.0507634,0.0118939,-0.0521964,0.502321,0.514733,0.540479,0.562905,0.58645
7321,0,1,1,1,0,0,0,1,1,0,1,1,1,-0.0278529,0.0251072,-0.0246653,0.544806,0.514888,0.58972,0.556035,0.59233
7322,1,1,1,1,0,0,0,1,1,0,1,1,1,-0.0330401,0.0184972,-0.0379914,0.544806,0.514882,0.58972,0.566728,0.594428
7323,0,0,0,0,1,0,0,1,1,0,1,1,1,-0.0466653,0.0187015,-0.0500666,0.515536,0.514723,0.530737,0.527687,0.570501
7324,1,0,0,0,1,0,0,1,1,0,1,1,1,-0.0533807,0.00994538,-0.0619985,0.515536,0.514728,0.530737,0.541083,0.566372
7325,0,1,0,0,1,0,0,1,1,0,1,1,1,-0.0294446,0.025715,-0.0330663,0.577211,0.51542,0.614448,0.55367,0.579907
7326,1,1,0,0,1,0,0,1,1,0,1,1,1,-0.0347717,0.0181712,-0.0467471,0.577211,0.515078,0.614448,0.575027,0.57578
7327,0,0,1,0,1,0,0,1,1,0,1,1,1,-0.0467136,0.0180729,-0.0455088,0.502321,0.514756,0.530737,0.558535,0.578096
7328,1,0,1,0,1,0,0,1,1,0,1,1,1,-0.0530926,0.0104095,-0.0576537,0.502321,0.514745,0.530737,0.567753,0.578254
7329,0,1,1,0,1,0,0,1,1,0,1,1,1,-0.030281,0.0237502,-0.0315014,0.544806,0.514981,0.58972,0.570672,0.586781
7330,1,1,1,0,1,0,0,1,1,0,1,1,1,-0.0354681,0.0171104,-0.0448274,0.544806,0.514886,0.58972,0.581036,0.586892
7331,0,0,0,1,1,0,0,1,1,0,1,1,1,-0.0445144,0.0193557,-0.0462727,0.515536,0.514786,0.530737,0.548493,0.565153
7332,1,0,0,1,1,0,0,1,1,0,1,1,1,-0.0512298,0.0106282,-0.0582048,0.515536,0.514794,0.530737,0.548486,0.565782
7333,0,1,0,1,1,0,0,1,1,0,1,1,1,-0.0268232,0.0266422,-0.0289718,0.577211,0.515048,0.614448,0.555554,0.574811
7334,1,1,0,1,1,0,0,1,1,0,1,1,1,-0.0321504,0.0191266,-0.0426527,0.577211,0.51494,0.614448,0.565853,0.575274
7335,0,0,1,1,1,0,0,1,1,0,1,1,1,-0.0447698,0.0189089,-0.0431129,0.502321,0.514791,0.530737,0.561669,0.571591
7336,1,0,1,1,1,0,0,1,1,0,1,1,1,-0.0511488,0.0112937,-0.0552578,0.502321,0.514798,0.530737,0.562319,0.572871
7337,0,1,1,1,1,0,0,1,1,0,1,1,1,-0.0282384,0.0244886,-0.0277269,0.544806,0.514863,0.58972,0.563908,0.580487
7338,1,1,1,1,1,0,0,1,1,0,1,1,1,-0.0334256,0.0178903,-0.0410529,0.544806,0.51485,0.58972,0.574255,0.581683
7339,0,0,0,0,0,1,0,1,1,0,1,1,1,-0.0466788,0.0214206,-0.0428629,0.515536,0.51518,0.554479,0.554305,0.571202
7340,1,0,0,0,0,1,0,1,1,0,1,1,1,-0.0533941,0.0126554,-0.0547951,0.515536,0.51483,0.554479,0.551862,0.561606
7341,0,1,0,0,0,1,0,1,1,0,1,1,1,-0.029458,0.028453,-0.0258623,0.577211,0.515466,0.614448,0.580955,0.578879
7342,1,1,0,0,0,1,0,1,1,0,1,1,1,-0.0347851,0.0209004,-0.0395435,0.577211,0.51507,0.614448,0.589654,0.570135
7343,0,0,1,0,0,1,0,1,1,0,1,1,1,-0.0468401,0.0212938,-0.0381372,0.502321,0.514926,0.554479,0.540296,0.583762
7344,1,0,1,0,0,1,0,1,1,0,1,1,1,-0.0532191,0.013625,-0.0502823,0.502321,0.514783,0.554479,0.550483,0.580335
7345,0,1,1,0,0,1,0,1,1,0,1,1,1,-0.0304075,0.0269814,-0.0241295,0.544806,0.515009,0.58972,0.552868,0.592013
7346,1,1,1,0,0,1,0,1,1,0,1,1,1,-0.0355947,0.0203377,-0.0374558,0.544806,0.514888,0.58972,0.568589,0.587774
7347,0,0,0,1,0,1,0,1,1,0,1,1,1,-0.0438687,0.0232876,-0.0390746,0.515536,0.514914,0.554479,0.555638,0.571742
7348,1,0,0,1,0,1,0,1,1,0,1,1,1,-0.0505842,0.014554,-0.0510068,0.515536,0.514821,0.554479,0.554021,0.568153
7349,0,1,0,1,0,1,0,1,1,0,1,1,1,-0.0261774,0.0305989,-0.0217732,0.577211,0.515014,0.614448,0.57419,0.580507
7350,1,1,0,1,0,1,0,1,1,0,1,1,1,-0.0315046,0.0230768,-0.0354544,0.577211,0.51492,0.614448,0.576077,0.577735
7351,0,0,1,1,0,1,0,1,1,0,1,1,1,-0.0444425,0.0222193,-0.0359379,0.502321,0.514839,0.554479,0.548035,0.578529
7352,1,0,1,1,0,1,0,1,1,0,1,1,1,-0.0508216,0.0145989,-0.0480831,0.502321,0.514808,0.554479,0.550588,0.578865
7353,0,1,1,1,0,1,0,1,1,0,1,1,1,-0.027911,0.0278121,-0.0205515,0.544806,0.514856,0.58972,0.557149,0.586569
7354,1,1,1,1,0,1,0,1,1,0,1,1,1,-0.0330983,0.0212094,-0.0338779,0.544806,0.514845,0.58972,0.568038,0.586881
7355,0,0,0,0,1,1,0,1,1,0,1,1,1,-0.0440842,0.0214353,-0.0457123,0.515536,0.514933,0.544737,0.564046,0.557118
7356,1,0,0,0,1,1,0,1,1,0,1,1,1,-0.0507996,0.0126876,-0.0576443,0.515536,0.514826,0.544737,0.560004,0.546671
7357,0,1,0,0,1,1,0,1,1,0,1,1,1,-0.0268631,0.0284562,-0.0287118,0.577211,0.515048,0.614448,0.577799,0.566429
7358,1,1,0,0,1,1,0,1,1,0,1,1,1,-0.0321902,0.0209182,-0.0423928,0.577211,0.514912,0.614448,0.588977,0.558558
7359,0,0,1,0,1,1,0,1,1,0,1,1,1,-0.0441324,0.0208177,-0.0411546,0.502321,0.514854,0.544737,0.550645,0.570661
7360,1,0,1,0,1,1,0,1,1,0,1,1,1,-0.0505115,0.013164,-0.0532995,0.502321,0.514807,0.544737,0.560473,0.566798
7361,0,1,1,0,1,1,0,1,1,0,1,1,1,-0.0276994,0.0264999,-0.027147,0.544806,0.514887,0.58972,0.549312,0.579105
7362,1,1,1,0,1,1,0,1,1,0,1,1,1,-0.0328866,0.0198675,-0.0404731,0.544806,0.514845,0.58972,0.56519,0.576357
7363,0,0,0,1,1,1,0,1,1,0,1,1,1,-0.0421674,0.0223823,-0.0410836,0.515536,0.514857,0.544737,0.561118,0.556721
7364,1,0,0,1,1,1,0,1,1,0,1,1,1,-0.048883,0.013661,-0.0530158,0.515536,0.514823,0.544737,0.556582,0.552715
7365,0,1,0,1,1,1,0,1,1,0,1,1,1,-0.0244758,0.0296797,-0.0237824,0.577211,0.514902,0.614448,0.5744,0.567013
7366,1,1,0,1,1,1,0,1,1,0,1,1,1,-0.029803,0.0221673,-0.0374634,0.577211,0.514861,0.614448,0.58168,0.563648
7367,0,0,1,1,1,1,0,1,1,0,1,1,1,-0.0424227,0.0219449,-0.0379237,0.502321,0.514828,0.544737,0.54775,0.564979
7368,1,0,1,1,1,1,0,1,1,0,1,1,1,-0.0488018,0.0143362,-0.0500688,0.502321,0.514817,0.544737,0.557929,0.565869
7369,0,1,1,1,1,1,0,1,1,0,1,1,1,-0.025891,0.0275313,-0.0225376,0.544806,0.514838,0.58972,0.552638,0.573526
7370,1,1,1,1,1,1,0,1,1,0,1,1,1,-0.0310782,0.0209371,-0.0358637,0.544806,0.514831,0.58972,0.563501,0.574351
7371,0,0,0,0,0,0,1,1,1,0,1,1,1,-0.0493724,0.0169048,-0.0460989,0.496828,0.514499,0.463855,0.531021,0.586614
7372,1,0,0,0,0,0,1,1,1,0,1,1,1,-0.0560877,0.00812858,-0.0580311,0.496828,0.514601,0.463855,0.547176,0.577573
7373,0,1,0,0,0,0,1,1,1,0,1,1,1,-0.0321519,0.0239316,-0.0290984,0.567149,0.515284,0.544789,0.546578,0.592914
7374,1,1,0,0,0,0,1,1,1,0,1,1,1,-0.037479,0.0163707,-0.0427794,0.567149,0.515003,0.544789,0.559791,0.584588
7375,0,0,1,0,0,0,1,1,1,0,1,1,1,-0.0495339,0.0167721,-0.0413732,0.483613,0.514665,0.463855,0.540122,0.595721
7376,1,0,1,0,0,0,1,1,1,0,1,1,1,-0.0559129,0.00908994,-0.0535183,0.483613,0.514692,0.463855,0.558486,0.594521
7377,0,1,1,0,0,0,1,1,1,0,1,1,1,-0.0331013,0.022455,-0.0273655,0.534744,0.514925,0.520061,0.55074,0.603044
7378,1,1,1,0,0,0,1,1,1,0,1,1,1,-0.0382885,0.0158012,-0.0406917,0.534744,0.514855,0.520061,0.568522,0.600771
7379,0,0,0,1,0,0,1,1,1,0,1,1,1,-0.0465484,0.0185648,-0.0429115,0.496828,0.514677,0.463855,0.553577,0.584269
7380,1,0,0,1,0,0,1,1,1,0,1,1,1,-0.0532639,0.00981971,-0.0548439,0.496828,0.514738,0.463855,0.553101,0.583913
7381,1,1,0,1,0,0,1,1,1,0,1,1,1,-0.0341846,0.0183361,-0.0392914,0.567149,0.514892,0.544789,0.551436,0.592305
7382,0,0,1,1,0,0,1,1,1,0,1,1,1,-0.0471224,0.0174983,-0.0397748,0.483613,0.514747,0.463855,0.549517,0.589952
7383,1,0,1,1,0,0,1,1,1,0,1,1,1,-0.0535015,0.00986421,-0.0519201,0.483613,0.514776,0.463855,0.552469,0.59071
7384,0,1,1,1,0,0,1,1,1,0,1,1,1,-0.0305911,0.0230855,-0.0243886,0.534744,0.514824,0.520061,0.549517,0.597039
7385,1,1,1,1,0,0,1,1,1,0,1,1,1,-0.0357783,0.0164726,-0.0377149,0.534744,0.514831,0.520061,0.55727,0.598099
7386,0,0,0,0,1,0,1,1,1,0,1,1,1,-0.0498637,0.016147,-0.0495859,0.496828,0.514687,0.454113,0.550232,0.573877
7387,1,0,0,0,1,0,1,1,1,0,1,1,1,-0.0565791,0.00738657,-0.0615179,0.496828,0.514741,0.454113,0.563119,0.566263
7388,0,1,0,0,1,0,1,1,1,0,1,1,1,-0.0326433,0.0231648,-0.0325855,0.567149,0.514982,0.544789,0.557138,0.582202
7389,1,1,0,0,1,0,1,1,1,0,1,1,1,-0.0379704,0.0156174,-0.0462664,0.567149,0.514887,0.544789,0.572304,0.57464
7390,0,0,1,0,1,0,1,1,1,0,1,1,1,-0.0499121,0.0155305,-0.0450281,0.483613,0.514761,0.454113,0.558029,0.583122
7391,1,0,1,0,1,0,1,1,1,0,1,1,1,-0.0562912,0.00786375,-0.0571731,0.483613,0.514774,0.454113,0.570884,0.582497
7392,0,1,1,0,1,0,1,1,1,0,1,1,1,-0.0334797,0.0212102,-0.0310206,0.534744,0.514857,0.520061,0.564348,0.590848
7393,1,1,1,0,1,0,1,1,1,0,1,1,1,-0.0386669,0.0145681,-0.0443466,0.534744,0.514833,0.520061,0.578039,0.590786
7394,0,0,0,1,1,0,1,1,1,0,1,1,1,-0.0477128,0.0167837,-0.045792,0.496828,0.514774,0.454113,0.555093,0.571535
7395,1,0,0,1,1,0,1,1,1,0,1,1,1,-0.0544283,0.00805178,-0.0577242,0.496828,0.514794,0.454113,0.563494,0.570102
7396,0,1,0,1,1,0,1,1,1,0,1,1,1,-0.0300219,0.0240752,-0.0284909,0.567149,0.51488,0.544789,0.554844,0.580131
7397,1,1,0,1,1,0,1,1,1,0,1,1,1,-0.0353491,0.0165558,-0.0421718,0.567149,0.514852,0.544789,0.564847,0.579687
7398,0,0,1,1,1,0,1,1,1,0,1,1,1,-0.0479683,0.0163509,-0.0426321,0.483613,0.514797,0.454113,0.558337,0.577348
7399,1,0,1,1,1,0,1,1,1,0,1,1,1,-0.0543474,0.0087322,-0.0547772,0.483613,0.514805,0.454113,0.566763,0.578424
7400,0,1,1,1,1,0,1,1,1,0,1,1,1,-0.0314371,0.021934,-0.027246,0.534744,0.514827,0.520061,0.560386,0.585263
7401,1,1,1,1,1,0,1,1,1,0,1,1,1,-0.0366243,0.0153333,-0.040572,0.534744,0.514826,0.520061,0.56959,0.586244
7402,0,0,0,0,0,1,1,1,1,0,1,1,1,-0.0479782,0.0189247,-0.0433873,0.496828,0.514885,0.477855,0.552728,0.570267
7403,1,0,0,0,0,1,1,1,1,0,1,1,1,-0.0546936,0.0101539,-0.0553196,0.496828,0.514788,0.477855,0.553109,0.561257
7404,0,1,0,0,0,1,1,1,1,0,1,1,1,-0.0307576,0.0259617,-0.0263867,0.567149,0.515013,0.544789,0.57396,0.577405
7405,1,1,0,0,0,1,1,1,1,0,1,1,1,-0.0360847,0.0184044,-0.0400678,0.567149,0.514889,0.544789,0.572396,0.5693
7406,0,0,1,0,0,1,1,1,1,0,1,1,1,-0.0481396,0.0188031,-0.0386616,0.483613,0.514834,0.477855,0.549891,0.586436
7407,1,0,1,0,0,1,1,1,1,0,1,1,1,-0.0545187,0.0111282,-0.0508067,0.483613,0.514792,0.477855,0.549891,0.57892
7408,0,1,1,0,0,1,1,1,1,0,1,1,1,-0.031707,0.0244941,-0.0246538,0.534744,0.514873,0.520061,0.548955,0.592753
7409,1,1,1,0,0,1,1,1,1,0,1,1,1,-0.0368943,0.0178457,-0.03798,0.534744,0.514835,0.520061,0.554461,0.585908
7410,0,0,0,1,0,1,1,1,1,0,1,1,1,-0.0451682,0.020773,-0.0395989,0.496828,0.514832,0.477855,0.550892,0.57515
7411,1,0,0,1,0,1,1,1,1,0,1,1,1,-0.0518837,0.0120338,-0.0515313,0.496828,0.514807,0.477855,0.55054,0.56846
7412,0,1,0,1,0,1,1,1,1,0,1,1,1,-0.027477,0.0280895,-0.0222975,0.567149,0.514875,0.544789,0.549778,0.583654
7413,1,1,0,1,0,1,1,1,1,0,1,1,1,-0.0328042,0.0205626,-0.0359787,0.567149,0.514847,0.544789,0.549778,0.576684
7414,0,0,1,1,0,1,1,1,1,0,1,1,1,-0.0457421,0.0197141,-0.0364622,0.483613,0.514819,0.477855,0.549969,0.5833
7415,1,0,1,1,0,1,1,1,1,0,1,1,1,-0.0521212,0.0120876,-0.0486075,0.483613,0.514811,0.477855,0.549969,0.583213
7416,0,1,1,1,0,1,1,1,1,0,1,1,1,-0.0292106,0.0253112,-0.0210758,0.534744,0.514827,0.520061,0.544361,0.590398
7417,1,1,1,1,0,1,1,1,1,0,1,1,1,-0.0343979,0.0187037,-0.0344021,0.534744,0.514825,0.520061,0.548092,0.590832
7418,0,0,0,0,1,1,1,1,1,0,1,1,1,-0.0467785,0.0186273,-0.0458429,0.496828,0.514808,0.468113,0.550817,0.557546
7419,1,0,0,0,1,1,1,1,1,0,1,1,1,-0.053494,0.00987458,-0.0577751,0.496828,0.514798,0.468113,0.555872,0.548954
7420,0,1,0,0,1,1,1,1,1,0,1,1,1,-0.0295577,0.0256534,-0.0288424,0.567149,0.514879,0.544789,0.570509,0.566041
7421,1,1,0,0,1,1,1,1,1,0,1,1,1,-0.0348848,0.018111,-0.0425234,0.567149,0.514842,0.544789,0.578765,0.558484
7422,0,0,1,0,1,1,1,1,1,0,1,1,1,-0.0468268,0.018019,-0.0412852,0.483613,0.514813,0.468113,0.549945,0.573286
7423,1,0,1,0,1,1,1,1,1,0,1,1,1,-0.0532059,0.01036,-0.0534303,0.483613,0.514806,0.468113,0.56183,0.567185
7424,0,1,1,0,1,1,1,1,1,0,1,1,1,-0.0303941,0.023705,-0.0272775,0.534744,0.514835,0.520061,0.547983,0.581742
7425,1,1,1,0,1,1,1,1,1,0,1,1,1,-0.0355813,0.0170684,-0.0406037,0.534744,0.514824,0.520061,0.563056,0.575466
7426,0,0,0,1,1,1,1,1,1,0,1,1,1,-0.0448618,0.0195535,-0.0412142,0.496828,0.514815,0.468113,0.550268,0.560493
7427,1,0,0,1,1,1,1,1,1,0,1,1,1,-0.0515773,0.0108271,-0.0531465,0.496828,0.514812,0.468113,0.555465,0.553874
7428,0,1,0,1,1,1,1,1,1,0,1,1,1,-0.0271705,0.0268568,-0.0239129,0.567149,0.514841,0.544789,0.549615,0.569962
7429,1,1,0,1,1,1,1,1,1,0,1,1,1,-0.0324976,0.01934,-0.037594,0.567149,0.51483,0.544789,0.554518,0.564829
7430,0,0,1,1,1,1,1,1,1,0,1,1,1,-0.0451171,0.0191264,-0.0380543,0.483613,0.514816,0.468113,0.549829,0.571044
7431,1,0,1,1,1,1,1,1,1,0,1,1,1,-0.0514963,0.0115123,-0.0501995,0.483613,0.514815,0.468113,0.558632,0.56932
7432,0,1,1,1,1,1,1,1,1,0,1,1,1,-0.0285856,0.0247174,-0.0226681,0.534744,0.514823,0.520061,0.547828,0.57864
7433,1,1,1,1,1,1,1,1,1,0,1,1,1,-0.0337729,0.0181189,-0.0359943,0.534744,0.514822,0.520061,0.557352,0.578245
7434,0,0,0,0,0,0,0,0,0,1,1,1,1,-0.0569108,0.012438,-0.0588356,0.523693,0.506789,0.53028,0.472242,0.551358
7435,1,0,0,0,0,0,0,0,0,1,1,1,1,-0.0636261,0.00367596,-0.0707674,0.523693,0.510545,0.53028,0.476944,0.537765
7436,0,1,0,0,0,0,0,0,0,1,1,1,1,-0.0396899,0.0194617,-0.0418357,0.594332,0.517294,0.599925,0.499578,0.558721
7437,1,1,0,0,0,0,0,0,0,1,1,1,1,-0.045017,0.0119162,-0.0555163,0.594332,0.515589,0.599925,0.52222,0.546993
7438,0,0,1,0,0,0,0,0,0,1,1,1,1,-0.0570722,0.0123025,-0.0541099,0.510478,0.511725,0.53028,0.486491,0.567956
7439,1,0,1,0,0,0,0,0,0,1,1,1,1,-0.0634513,0.00463809,-0.0662547,0.510478,0.512946,0.53028,0.50943,0.560541
7440,0,1,1,0,0,0,0,0,0,1,1,1,1,-0.0406394,0.0179845,-0.0401028,0.561927,0.515467,0.575197,0.50788,0.576804
7441,1,1,1,0,0,0,0,0,0,1,1,1,1,-0.0458266,0.0113484,-0.0534285,0.561927,0.514942,0.575197,0.531462,0.568111
7442,0,0,0,1,0,0,0,0,0,1,1,1,1,-0.0540869,0.0141292,-0.0556484,0.523693,0.511826,0.53028,0.521688,0.553816
7443,1,0,0,1,0,0,0,0,0,1,1,1,1,-0.0608023,0.0053983,-0.0675804,0.523693,0.513557,0.53028,0.521688,0.547871
7444,0,1,0,1,0,0,0,0,0,1,1,1,1,-0.0363955,0.0214243,-0.0383478,0.594332,0.51578,0.599925,0.520193,0.563802
7445,1,1,0,1,0,0,0,0,0,1,1,1,1,-0.0417227,0.0139092,-0.0520284,0.594332,0.515356,0.599925,0.520493,0.557547
7446,0,0,1,1,0,0,0,0,0,1,1,1,1,-0.0546608,0.0130561,-0.0525118,0.510478,0.51365,0.53028,0.527001,0.56316
7447,1,0,1,1,0,0,0,0,0,1,1,1,1,-0.06104,0.00543971,-0.0646567,0.510478,0.514275,0.53028,0.530604,0.56325
7448,0,1,1,1,0,0,0,0,0,1,1,1,1,-0.0381292,0.0186392,-0.037126,0.561927,0.515011,0.575197,0.52818,0.572262
7449,1,1,1,1,0,0,0,0,0,1,1,1,1,-0.0433164,0.012044,-0.0504519,0.561927,0.514956,0.575197,0.539954,0.57226
7450,0,0,0,0,1,0,0,0,0,1,1,1,1,-0.0569415,0.0121814,-0.0625268,0.523693,0.511447,0.520538,0.480103,0.533466
7451,1,0,0,0,1,0,0,0,0,1,1,1,1,-0.0636568,0.00343422,-0.0744585,0.523693,0.513147,0.520538,0.490891,0.52813
7452,0,1,0,0,1,0,0,0,0,1,1,1,1,-0.0397207,0.0191963,-0.045527,0.594332,0.515586,0.599925,0.502684,0.543388
7453,1,1,0,0,1,0,0,0,0,1,1,1,1,-0.0450477,0.0116639,-0.0592074,0.594332,0.51507,0.599925,0.520178,0.536643
7454,0,0,1,0,1,0,0,0,0,1,1,1,1,-0.0569898,0.0115579,-0.0579691,0.510478,0.513545,0.520538,0.513574,0.551331
7455,1,0,1,0,1,0,0,0,0,1,1,1,1,-0.0633689,0.0039081,-0.0701137,0.510478,0.514097,0.520538,0.521448,0.544499
7456,0,1,1,0,1,0,0,0,0,1,1,1,1,-0.040557,0.017237,-0.043962,0.561927,0.515015,0.575197,0.531801,0.561168
7457,1,1,1,0,1,0,0,0,0,1,1,1,1,-0.0457442,0.0106122,-0.0572876,0.561927,0.514855,0.575197,0.547028,0.555492
7458,0,0,0,1,1,0,0,0,0,1,1,1,1,-0.0547906,0.012855,-0.058733,0.523693,0.513609,0.520538,0.508327,0.536101
7459,0,1,0,1,1,0,0,0,0,1,1,1,1,-0.0370992,0.0201397,-0.0414325,0.594332,0.515194,0.599925,0.519738,0.547202
7460,1,1,0,1,1,0,0,0,0,1,1,1,1,-0.0424263,0.0126352,-0.055113,0.594332,0.515029,0.599925,0.52625,0.539955
7461,0,0,1,1,1,0,0,0,0,1,1,1,1,-0.055046,0.0124131,-0.0555733,0.510478,0.514357,0.520538,0.527241,0.547713
7462,1,0,1,1,1,0,0,0,0,1,1,1,1,-0.0614251,0.0048113,-0.067718,0.510478,0.51461,0.520538,0.526284,0.546421
7463,0,1,1,1,1,0,0,0,0,1,1,1,1,-0.0385145,0.0179923,-0.0401876,0.561927,0.514903,0.575197,0.538526,0.557518
7464,1,1,1,1,1,0,0,0,0,1,1,1,1,-0.0437016,0.0114088,-0.0535133,0.561927,0.514876,0.575197,0.541993,0.556802
7465,0,0,0,0,0,1,0,0,0,1,1,1,1,-0.0570739,0.0148345,-0.0565875,0.523693,0.513641,0.557153,0.518378,0.533678
7466,1,0,0,0,0,1,0,0,0,1,1,1,1,-0.0637892,0.0060771,-0.0685195,0.523693,0.513704,0.557153,0.522243,0.532631
7467,0,1,0,0,0,1,0,0,0,1,1,1,1,-0.0398532,0.0218668,-0.0395875,0.594332,0.515959,0.612798,0.522515,0.540026
7468,1,1,0,0,0,1,0,0,0,1,1,1,1,-0.0451802,0.0143243,-0.0532681,0.594332,0.515115,0.612798,0.533887,0.540969
7469,0,0,1,0,0,1,0,0,0,1,1,1,1,-0.0572353,0.0147116,-0.0518619,0.510478,0.514354,0.557153,0.521804,0.550272
7470,1,0,1,0,0,1,0,0,0,1,1,1,1,-0.0636144,0.00705462,-0.0640067,0.510478,0.514304,0.557153,0.522045,0.539784
7471,0,1,1,0,0,1,0,0,0,1,1,1,1,-0.0408026,0.0204,-0.0378546,0.561927,0.515165,0.588071,0.520373,0.558307
7472,1,1,1,0,0,1,0,0,0,1,1,1,1,-0.0459898,0.0137694,-0.0511804,0.561927,0.514877,0.588071,0.534351,0.547489
7473,0,0,0,1,0,1,0,0,0,1,1,1,1,-0.054264,0.0167167,-0.0527993,0.523693,0.514203,0.557153,0.530829,0.535532
7474,1,0,0,1,0,1,0,0,0,1,1,1,1,-0.0609794,0.00799081,-0.0647314,0.523693,0.514473,0.557153,0.529573,0.530633
7475,0,1,0,1,0,1,0,0,0,1,1,1,1,-0.0365726,0.0240248,-0.0354985,0.594332,0.515169,0.612798,0.529416,0.544879
7476,1,1,0,1,0,1,0,0,0,1,1,1,1,-0.0418997,0.0165126,-0.0491792,0.594332,0.514993,0.612798,0.528029,0.538732
7477,0,0,1,1,0,1,0,0,0,1,1,1,1,-0.0548378,0.0156528,-0.0496628,0.510478,0.514576,0.557153,0.525211,0.552142
7478,1,0,1,1,0,1,0,0,0,1,1,1,1,-0.061217,0.00804415,-0.0618077,0.510478,0.514665,0.557153,0.524917,0.545432
7479,0,1,1,1,0,1,0,0,0,1,1,1,1,-0.0383063,0.0212441,-0.0342768,0.561927,0.5149,0.588071,0.526774,0.561509
7480,1,1,1,1,0,1,0,0,0,1,1,1,1,-0.0434935,0.0146545,-0.0476027,0.561927,0.514865,0.588071,0.531399,0.556884
7481,0,0,0,0,1,1,0,0,0,1,1,1,1,-0.0544793,0.0148178,-0.0594368,0.523693,0.514076,0.547411,0.541226,0.530347
7482,1,0,0,0,1,1,0,0,0,1,1,1,1,-0.0611947,0.0060779,-0.0713686,0.523693,0.51432,0.547411,0.525263,0.539883
7483,0,1,0,0,1,1,0,0,0,1,1,1,1,-0.0372582,0.0218386,-0.0424369,0.594332,0.515154,0.612798,0.542096,0.531726
7484,1,1,0,0,1,1,0,0,0,1,1,1,1,-0.0425853,0.0143107,-0.0561174,0.594332,0.514906,0.612798,0.549835,0.537469
7485,0,0,1,0,1,1,0,0,0,1,1,1,1,-0.0545276,0.0142041,-0.0548792,0.510478,0.514537,0.547411,0.544629,0.534173
7486,1,0,1,0,1,1,0,0,0,1,1,1,1,-0.0609068,0.00656237,-0.0670239,0.510478,0.514596,0.547411,0.536747,0.532031
7487,0,1,1,0,1,1,0,0,0,1,1,1,1,-0.0380945,0.0198871,-0.040872,0.561927,0.514917,0.588071,0.539619,0.542374
7488,1,1,1,0,1,1,0,0,0,1,1,1,1,-0.0432818,0.0132679,-0.0541977,0.561927,0.514833,0.588071,0.548925,0.539309
7489,0,0,0,1,1,1,0,0,0,1,1,1,1,-0.0525626,0.0157811,-0.0548083,0.523693,0.514455,0.547411,0.538112,0.526803
7490,1,0,0,1,1,1,0,0,0,1,1,1,1,-0.0592781,0.00706752,-0.0667402,0.523693,0.514646,0.547411,0.524463,0.536788
7491,0,1,0,1,1,1,0,0,0,1,1,1,1,-0.0348709,0.0230752,-0.0375076,0.594332,0.514929,0.612798,0.538819,0.532749
7492,1,1,0,1,1,1,0,0,0,1,1,1,1,-0.040198,0.0155729,-0.0511882,0.594332,0.514878,0.612798,0.538819,0.535196
7493,0,0,1,1,1,1,0,0,0,1,1,1,1,-0.0528179,0.0153467,-0.0516486,0.510478,0.514681,0.547411,0.539858,0.537575
7494,1,0,1,1,1,1,0,0,0,1,1,1,1,-0.0591971,0.00774987,-0.0637933,0.510478,0.514746,0.547411,0.537126,0.534271
7495,0,1,1,1,1,1,0,0,0,1,1,1,1,-0.0362861,0.0209315,-0.0362628,0.561927,0.514843,0.588071,0.534002,0.545249
7496,1,1,1,1,1,1,0,0,0,1,1,1,1,-0.0414733,0.0143505,-0.0495885,0.561927,0.514835,0.588071,0.534451,0.542264
7497,0,0,0,0,0,0,1,0,0,1,1,1,1,-0.0584534,0.0111243,-0.059011,0.496828,0.510975,0.453656,0.503129,0.548021
7498,1,0,0,0,0,0,1,0,0,1,1,1,1,-0.0651687,0.00235873,-0.070943,0.496828,0.512878,0.453656,0.515723,0.542417
7499,0,1,0,0,0,0,1,0,0,1,1,1,1,-0.0412328,0.0181518,-0.042011,0.576113,0.51523,0.530265,0.514539,0.555708
7500,1,1,0,0,0,0,1,0,0,1,1,1,1,-0.0465599,0.0106038,-0.0556916,0.576113,0.514887,0.530265,0.527269,0.547966
7501,0,0,1,0,0,0,1,0,0,1,1,1,1,-0.0586149,0.010996,-0.0542853,0.483613,0.51335,0.453656,0.501052,0.567243
7502,1,0,1,0,0,0,1,0,0,1,1,1,1,-0.064994,0.00332903,-0.0664302,0.483613,0.513985,0.453656,0.513311,0.557584
7503,0,1,1,0,0,0,1,0,0,1,1,1,1,-0.0421823,0.0166802,-0.040278,0.543708,0.514874,0.505538,0.508289,0.573645
7504,1,1,1,0,0,0,1,0,0,1,1,1,1,-0.0473695,0.0100428,-0.0536038,0.543708,0.514781,0.505538,0.527632,0.564736
7505,1,0,0,1,0,0,1,0,0,1,1,1,1,-0.062345,0.00406593,-0.0677558,0.496828,0.514232,0.453656,0.542205,0.544468
7506,0,1,0,1,0,0,1,0,0,1,1,1,1,-0.0379384,0.0200996,-0.038523,0.576113,0.515004,0.530265,0.537262,0.563917
7507,1,1,0,1,0,0,1,0,0,1,1,1,1,-0.0432655,0.0125818,-0.0522036,0.576113,0.514934,0.530265,0.537262,0.554777
7508,0,0,1,1,0,0,1,0,0,1,1,1,1,-0.0562035,0.0117389,-0.0526871,0.483613,0.514292,0.453656,0.540909,0.568349
7509,1,0,1,1,0,0,1,0,0,1,1,1,1,-0.0625827,0.00412001,-0.0648321,0.483613,0.514572,0.453656,0.540909,0.564444
7510,0,1,1,1,0,0,1,0,0,1,1,1,1,-0.039672,0.0173252,-0.0373013,0.543708,0.514829,0.505538,0.532045,0.5764
7511,1,1,1,1,0,0,1,0,0,1,1,1,1,-0.0448593,0.0107287,-0.0506271,0.543708,0.514838,0.505538,0.536363,0.572586
7512,0,0,0,0,1,0,1,0,0,1,1,1,1,-0.0589446,0.0103374,-0.0624979,0.496828,0.512922,0.443913,0.529236,0.535313
7513,1,0,0,0,1,0,1,0,0,1,1,1,1,-0.0656599,0.00158774,-0.0744297,0.496828,0.513948,0.443913,0.542531,0.535237
7514,0,1,0,0,1,0,1,0,0,1,1,1,1,-0.041724,0.0173559,-0.0454981,0.576113,0.514803,0.530265,0.538881,0.542323
7515,1,1,0,0,1,0,1,0,0,1,1,1,1,-0.0470511,0.00982143,-0.0591784,0.576113,0.51479,0.530265,0.567559,0.542898
7516,0,0,1,0,1,0,1,0,0,1,1,1,1,-0.058993,0.00972569,-0.0579402,0.483613,0.514108,0.443913,0.536867,0.552942
7517,1,0,1,0,1,0,1,0,0,1,1,1,1,-0.0653721,0.0020742,-0.0700849,0.483613,0.514456,0.443913,0.554853,0.543358
7518,0,1,1,0,1,0,1,0,0,1,1,1,1,-0.0425605,0.0154066,-0.0439331,0.543708,0.514782,0.505538,0.545295,0.561115
7519,1,1,1,0,1,0,1,0,0,1,1,1,1,-0.0477476,0.00878095,-0.0572587,0.543708,0.514786,0.505538,0.561749,0.551676
7520,0,0,0,1,1,0,1,0,0,1,1,1,1,-0.0567937,0.0109923,-0.058704,0.496828,0.514186,0.443913,0.536912,0.537818
7521,1,0,0,1,1,0,1,0,0,1,1,1,1,-0.0635092,0.00227106,-0.070636,0.496828,0.514559,0.443913,0.53421,0.534118
7522,0,1,0,1,1,0,1,0,0,1,1,1,1,-0.0391027,0.0182811,-0.0414035,0.576113,0.514864,0.530265,0.544571,0.547607
7523,1,1,0,1,1,0,1,0,0,1,1,1,1,-0.0444298,0.0107745,-0.055084,0.576113,0.514854,0.530265,0.553707,0.541228
7524,0,0,1,1,1,0,1,0,0,1,1,1,1,-0.0570492,0.0105638,-0.0555443,0.483613,0.51458,0.443913,0.546848,0.552412
7525,0,1,1,1,1,0,1,0,0,1,1,1,1,-0.0405179,0.016146,-0.0401586,0.543708,0.514816,0.505538,0.542054,0.561734
7526,1,1,1,1,1,0,1,0,0,1,1,1,1,-0.0457051,0.00956169,-0.0534843,0.543708,0.514824,0.505538,0.549658,0.558417
7527,0,0,0,0,0,1,1,0,0,1,1,1,1,-0.0575765,0.0126917,-0.0574172,0.496828,0.514005,0.480529,0.544727,0.540197
7528,1,0,0,0,0,1,1,0,0,1,1,1,1,-0.0642918,0.00393088,-0.0693493,0.496828,0.51425,0.480529,0.542988,0.539321
7529,0,1,0,0,0,1,1,0,0,1,1,1,1,-0.0403559,0.0197271,-0.0404171,0.576113,0.515059,0.543139,0.537131,0.545713
7530,1,1,0,0,0,1,1,0,0,1,1,1,1,-0.0456829,0.0121816,-0.0540977,0.576113,0.514849,0.543139,0.537131,0.546426
7531,0,0,1,0,0,1,1,0,0,1,1,1,1,-0.057738,0.012572,-0.0526916,0.483613,0.514507,0.480529,0.536058,0.546943
7532,1,0,1,0,0,1,1,0,0,1,1,1,1,-0.0641171,0.00491022,-0.0648364,0.483613,0.514568,0.480529,0.533674,0.545412
7533,0,1,1,0,0,1,1,0,0,1,1,1,1,-0.0413054,0.0182629,-0.0386842,0.543708,0.514881,0.518411,0.527925,0.55548
7534,1,1,1,0,0,1,1,0,0,1,1,1,1,-0.0464926,0.0116287,-0.05201,0.543708,0.51481,0.518411,0.528378,0.550288
7535,0,0,0,1,0,1,1,0,0,1,1,1,1,-0.0547666,0.0145573,-0.053629,0.496828,0.514473,0.480529,0.549329,0.537552
7536,1,0,0,1,0,1,1,0,0,1,1,1,1,-0.061482,0.00582804,-0.0655611,0.496828,0.514637,0.480529,0.547525,0.53749
7537,1,1,0,1,0,1,1,0,0,1,1,1,1,-0.0424024,0.0143535,-0.0500088,0.576113,0.514854,0.543139,0.543128,0.544767
7538,0,0,1,1,0,1,1,0,0,1,1,1,1,-0.0553405,0.0134997,-0.0504924,0.483613,0.514686,0.480529,0.546198,0.553256
7539,1,0,1,1,0,1,1,0,0,1,1,1,1,-0.0617197,0.00588628,-0.0626374,0.483613,0.514742,0.480529,0.545933,0.54514
7540,0,1,1,1,0,1,1,0,0,1,1,1,1,-0.038809,0.0190939,-0.0351063,0.543708,0.514828,0.518411,0.538176,0.561945
7541,0,0,0,0,1,1,1,0,0,1,1,1,1,-0.0563768,0.0123644,-0.0598728,0.496828,0.514197,0.470787,0.548836,0.539378
7542,1,0,0,0,1,1,1,0,0,1,1,1,1,-0.0630921,0.00362172,-0.0718047,0.496828,0.5145,0.470787,0.544235,0.547187
7543,0,1,0,0,1,1,1,0,0,1,1,1,1,-0.0391559,0.0193888,-0.0428728,0.576113,0.5148,0.543139,0.545771,0.538303
7544,1,1,0,0,1,1,1,0,0,1,1,1,1,-0.044483,0.0118582,-0.0565533,0.576113,0.514794,0.543139,0.545771,0.543542
7545,0,0,1,0,1,1,1,0,0,1,1,1,1,-0.0564251,0.0117577,-0.0553151,0.483613,0.514587,0.470787,0.54233,0.538897
7546,1,0,1,0,1,1,1,0,0,1,1,1,1,-0.0628042,0.00411184,-0.0674599,0.483613,0.514686,0.470787,0.54233,0.539092
7547,0,1,1,0,1,1,1,0,0,1,1,1,1,-0.0399923,0.0174435,-0.0413079,0.543708,0.514803,0.518411,0.537681,0.544039
7548,1,1,1,0,1,1,1,0,0,1,1,1,1,-0.0451795,0.0108212,-0.0546335,0.543708,0.514803,0.518411,0.541921,0.545134
7549,0,0,0,1,1,1,1,0,0,1,1,1,1,-0.05446,0.013309,-0.0552442,0.496828,0.514576,0.470787,0.549501,0.537568
7550,1,0,0,1,1,1,1,0,0,1,1,1,1,-0.0611755,0.00459266,-0.0671762,0.496828,0.514711,0.470787,0.540583,0.545989
7551,0,1,0,1,1,1,1,0,0,1,1,1,1,-0.0367686,0.0206071,-0.0379434,0.576113,0.514814,0.543139,0.545507,0.539646
7552,1,1,0,1,1,1,1,0,0,1,1,1,1,-0.0420957,0.0131021,-0.0516241,0.576113,0.514821,0.543139,0.545507,0.543227
7553,0,0,1,1,1,1,1,0,0,1,1,1,1,-0.0547154,0.0128819,-0.0520844,0.483613,0.514728,0.470787,0.547681,0.542316
7554,1,0,1,1,1,1,1,0,0,1,1,1,1,-0.0610946,0.00528091,-0.0642293,0.483613,0.514776,0.470787,0.547681,0.540459
7555,0,1,1,1,1,1,1,0,0,1,1,1,1,-0.0381838,0.01847,-0.0366985,0.543708,0.514812,0.518411,0.54247,0.548012
7556,1,1,1,1,1,1,1,0,0,1,1,1,1,-0.043371,0.0118858,-0.0500243,0.543708,0.514818,0.518411,0.54247,0.545374
7557,0,0,0,0,0,0,0,1,0,1,1,1,1,-0.0539249,0.0152292,-0.0574803,0.515536,0.511961,0.53028,0.50836,0.567237
7558,1,0,0,0,0,0,0,1,0,1,1,1,1,-0.06064,0.00646035,-0.0694121,0.515536,0.513311,0.53028,0.507884,0.557971
7559,0,1,0,0,0,0,0,1,0,1,1,1,1,-0.0367044,0.0222443,-0.0404805,0.586175,0.515827,0.604937,0.526529,0.575446
7560,1,1,0,0,0,0,0,1,0,1,1,1,1,-0.0420314,0.0146914,-0.054161,0.586175,0.515153,0.604937,0.539747,0.566034
7561,0,0,1,0,0,0,0,1,0,1,1,1,1,-0.0540863,0.0150893,-0.0527547,0.502321,0.513717,0.53028,0.524289,0.578157
7562,1,0,1,0,0,0,0,1,0,1,1,1,1,-0.0604652,0.00741318,-0.0648994,0.502321,0.514155,0.53028,0.539124,0.576349
7563,0,1,1,0,0,0,0,1,0,1,1,1,1,-0.0376538,0.0207645,-0.0387476,0.55377,0.515094,0.580209,0.53696,0.586582
7564,1,1,1,0,0,0,0,1,0,1,1,1,1,-0.0428409,0.0141174,-0.0520733,0.55377,0.514884,0.580209,0.550153,0.584093
7565,0,0,0,1,0,0,0,1,0,1,1,1,1,-0.051101,0.0169067,-0.0542931,0.515536,0.513757,0.53028,0.535686,0.565393
7566,1,0,0,1,0,0,0,1,0,1,1,1,1,-0.0578162,0.00816904,-0.066225,0.515536,0.514379,0.53028,0.529837,0.563055
7567,0,1,0,1,0,0,0,1,0,1,1,1,1,-0.0334099,0.0241943,-0.0369925,0.586175,0.515214,0.604937,0.533485,0.574708
7568,1,1,0,1,0,0,0,1,0,1,1,1,1,-0.038737,0.0166718,-0.0506732,0.586175,0.515039,0.604937,0.535625,0.572968
7569,0,0,1,1,0,0,0,1,0,1,1,1,1,-0.051675,0.0158274,-0.0511566,0.502321,0.514404,0.53028,0.536811,0.572224
7570,1,0,1,1,0,0,0,1,0,1,1,1,1,-0.0580539,0.00819949,-0.0633014,0.502321,0.514628,0.53028,0.533098,0.572904
7571,0,1,1,1,0,0,0,1,0,1,1,1,1,-0.0351436,0.0214047,-0.0357709,0.55377,0.514905,0.580209,0.538849,0.580842
7572,1,1,1,1,0,0,0,1,0,1,1,1,1,-0.0403307,0.0147986,-0.0490967,0.55377,0.514878,0.580209,0.55068,0.581416
7573,0,0,0,0,1,0,0,1,0,1,1,1,1,-0.0539556,0.0149881,-0.0611715,0.515536,0.513613,0.520538,0.524844,0.551659
7574,1,0,0,0,1,0,0,1,0,1,1,1,1,-0.0606708,0.00623403,-0.0731031,0.515536,0.514228,0.520538,0.52586,0.54257
7575,0,1,0,0,1,0,0,1,0,1,1,1,1,-0.0367351,0.0219945,-0.0441717,0.586175,0.515135,0.604937,0.544486,0.561875
7576,1,1,0,0,1,0,0,1,0,1,1,1,1,-0.0420621,0.0144546,-0.0578521,0.586175,0.514929,0.604937,0.546157,0.554145
7577,0,0,1,0,1,0,0,1,0,1,1,1,1,-0.054004,0.0143595,-0.0566138,0.502321,0.514364,0.520538,0.542317,0.564324
7578,1,0,1,0,1,0,0,1,0,1,1,1,1,-0.060383,0.00669792,-0.0687584,0.502321,0.514563,0.520538,0.54221,0.561435
7579,0,1,1,0,1,0,0,1,0,1,1,1,1,-0.0375715,0.0200318,-0.0426068,0.55377,0.514904,0.580209,0.555053,0.573286
7580,1,1,1,0,1,0,0,1,0,1,1,1,1,-0.0427586,0.0133959,-0.0559324,0.55377,0.51484,0.580209,0.557719,0.571162
7581,0,0,0,1,1,0,0,1,0,1,1,1,1,-0.0518047,0.0156485,-0.0573778,0.515536,0.514388,0.520538,0.523028,0.550966
7582,1,0,0,1,1,0,0,1,0,1,1,1,1,-0.05852,0.00692294,-0.0693095,0.515536,0.514646,0.520538,0.523022,0.547337
7583,0,1,0,1,1,0,0,1,0,1,1,1,1,-0.0341137,0.0229257,-0.0400773,0.586175,0.514971,0.604937,0.53635,0.560985
7584,1,1,0,1,1,0,0,1,0,1,1,1,1,-0.0394407,0.0154138,-0.0537578,0.586175,0.514904,0.604937,0.541269,0.558082
7585,0,0,1,1,1,0,0,1,0,1,1,1,1,-0.0520602,0.0152004,-0.054218,0.502321,0.514655,0.520538,0.529812,0.557784
7586,1,0,1,1,1,0,0,1,0,1,1,1,1,-0.0584391,0.00758699,-0.0663627,0.502321,0.514746,0.520538,0.530809,0.559022
7587,0,1,1,1,1,0,0,1,0,1,1,1,1,-0.0355289,0.0207738,-0.0388324,0.55377,0.514855,0.580209,0.538251,0.566981
7588,1,1,1,1,1,0,0,1,0,1,1,1,1,-0.040716,0.0141794,-0.0521581,0.55377,0.514843,0.580209,0.542941,0.568102
7589,0,0,0,0,0,1,0,1,0,1,1,1,1,-0.0539692,0.0177131,-0.053968,0.515536,0.51442,0.557153,0.533269,0.54864
7590,1,0,0,0,0,1,0,1,0,1,1,1,1,-0.0606843,0.00894993,-0.0658999,0.515536,0.514432,0.557153,0.521677,0.541993
7591,0,1,0,0,0,1,0,1,0,1,1,1,1,-0.0367486,0.0247384,-0.0369679,0.586175,0.515272,0.617811,0.531772,0.557733
7592,1,1,0,0,0,1,0,1,0,1,1,1,1,-0.0420756,0.0171896,-0.0506486,0.586175,0.514946,0.617811,0.539729,0.54786
7593,0,0,1,0,0,1,0,1,0,1,1,1,1,-0.0541306,0.0175867,-0.0492424,0.502321,0.514661,0.557153,0.533098,0.566805
7594,1,0,1,0,0,1,0,1,0,1,1,1,1,-0.0605095,0.00991966,-0.0613872,0.502321,0.514639,0.557153,0.533423,0.559189
7595,0,1,1,0,0,1,0,1,0,1,1,1,1,-0.0376981,0.0232694,-0.035235,0.55377,0.514959,0.593083,0.533238,0.575051
7596,1,1,1,0,0,1,0,1,0,1,1,1,1,-0.0428852,0.0166294,-0.048561,0.55377,0.514848,0.593083,0.547015,0.567225
7597,0,0,0,1,0,1,0,1,0,1,1,1,1,-0.0511592,0.0195842,-0.0501798,0.515536,0.514607,0.557153,0.537953,0.553238
7598,1,0,0,1,0,1,0,1,0,1,1,1,1,-0.0578745,0.0108526,-0.0621118,0.515536,0.514701,0.557153,0.537197,0.544978
7599,0,1,0,1,0,1,0,1,0,1,1,1,1,-0.0334681,0.0268862,-0.0328789,0.586175,0.514962,0.617811,0.535032,0.562998
7600,1,1,0,1,0,1,0,1,0,1,1,1,1,-0.0387951,0.0193679,-0.0465597,0.586175,0.514891,0.617811,0.535032,0.55617
7601,0,0,1,1,0,1,0,1,0,1,1,1,1,-0.0517331,0.0185153,-0.0470432,0.502321,0.514735,0.557153,0.534873,0.564945
7602,1,0,1,1,0,1,0,1,0,1,1,1,1,-0.0581121,0.0108967,-0.0591882,0.502321,0.514766,0.557153,0.534557,0.562427
7603,0,1,1,1,0,1,0,1,0,1,1,1,1,-0.0352017,0.0241019,-0.0316572,0.55377,0.514854,0.593083,0.53302,0.573255
7604,1,1,1,1,0,1,0,1,0,1,1,1,1,-0.0403889,0.017503,-0.0449832,0.55377,0.514839,0.593083,0.540081,0.571671
7605,0,0,0,0,1,1,0,1,0,1,1,1,1,-0.0513746,0.01771,-0.0568173,0.515536,0.514558,0.547411,0.532565,0.536293
7606,1,0,0,0,1,1,0,1,0,1,1,1,1,-0.0580899,0.00896426,-0.0687491,0.515536,0.514644,0.547411,0.524921,0.536123
7607,0,1,0,0,1,1,0,1,0,1,1,1,1,-0.0341537,0.0247238,-0.0398173,0.586175,0.514954,0.617811,0.541364,0.543482
7608,1,1,0,0,1,1,0,1,0,1,1,1,1,-0.0394807,0.0171895,-0.0534979,0.586175,0.514858,0.617811,0.542755,0.542508
7609,0,0,1,0,1,1,0,1,0,1,1,1,1,-0.0514228,0.0170923,-0.0522597,0.502321,0.51472,0.547411,0.545914,0.550842
7610,1,0,1,0,1,1,0,1,0,1,1,1,1,-0.0578019,0.00944049,-0.0644043,0.502321,0.514741,0.547411,0.540062,0.544206
7611,0,1,1,0,1,1,0,1,0,1,1,1,1,-0.03499,0.0227696,-0.0382525,0.55377,0.51486,0.593083,0.540845,0.560842
7612,1,1,1,0,1,1,0,1,0,1,1,1,1,-0.0401771,0.0161411,-0.0515782,0.55377,0.514827,0.593083,0.557793,0.553593
7613,0,0,0,1,1,1,0,1,0,1,1,1,1,-0.0494578,0.0186625,-0.0521888,0.515536,0.514691,0.547411,0.528253,0.540712
7614,1,0,0,1,1,1,0,1,0,1,1,1,1,-0.0561732,0.00994307,-0.0641207,0.515536,0.514759,0.547411,0.519332,0.537092
7615,0,1,0,1,1,1,0,1,0,1,1,1,1,-0.0317664,0.0259505,-0.0348881,0.586175,0.514865,0.617811,0.53881,0.547629
7616,1,1,0,1,1,1,0,1,0,1,1,1,1,-0.0370934,0.0184419,-0.0485687,0.586175,0.514844,0.617811,0.533156,0.544972
7617,0,0,1,1,1,1,0,1,0,1,1,1,1,-0.0497131,0.0182237,-0.0490291,0.502321,0.514771,0.547411,0.538419,0.55317
7618,1,0,1,1,1,1,0,1,0,1,1,1,1,-0.0560922,0.0106169,-0.0611738,0.502321,0.514794,0.547411,0.534084,0.549053
7619,0,1,1,1,1,1,0,1,0,1,1,1,1,-0.0331815,0.0238038,-0.0336432,0.55377,0.51483,0.593083,0.537492,0.559643
7620,1,1,1,1,1,1,0,1,0,1,1,1,1,-0.0383687,0.0172135,-0.046969,0.55377,0.514826,0.593083,0.546042,0.557762
7621,0,0,0,0,0,0,1,1,0,1,1,1,1,-0.0561745,0.013028,-0.0571647,0.496828,0.513441,0.453656,0.547341,0.566186
7622,1,0,0,0,0,0,1,1,0,1,1,1,1,-0.0628897,0.00425576,-0.0690967,0.496828,0.514131,0.453656,0.550178,0.55656
7623,1,1,0,0,0,0,1,1,0,1,1,1,1,-0.0442812,0.0124922,-0.0538453,0.576113,0.514863,0.535278,0.55526,0.564211
7624,0,0,1,0,0,0,1,1,0,1,1,1,1,-0.056336,0.0128955,-0.052439,0.483613,0.514293,0.453656,0.540748,0.581647
7625,1,0,1,0,0,0,1,1,0,1,1,1,1,-0.0627149,0.00521765,-0.0645839,0.483613,0.514522,0.453656,0.540748,0.574675
7626,0,1,1,0,0,0,1,1,0,1,1,1,1,-0.0399036,0.0185731,-0.0384318,0.543708,0.514853,0.51055,0.536458,0.588624
7627,1,1,1,0,0,0,1,1,0,1,1,1,1,-0.0450907,0.0119256,-0.0517576,0.543708,0.514813,0.51055,0.546552,0.5813
7628,0,0,0,1,0,0,1,1,0,1,1,1,1,-0.0533506,0.0146936,-0.0539774,0.496828,0.514332,0.453656,0.5503,0.569614
7629,1,0,0,1,0,0,1,1,0,1,1,1,1,-0.0600659,0.00595254,-0.0659095,0.496828,0.514613,0.453656,0.5503,0.564315
7630,0,1,0,1,0,0,1,1,0,1,1,1,1,-0.0356598,0.0219855,-0.0366767,0.576113,0.514902,0.535278,0.547313,0.578403
7631,1,1,0,1,0,0,1,1,0,1,1,1,1,-0.0409868,0.0144607,-0.0503574,0.576113,0.514869,0.535278,0.547313,0.572195
7632,0,0,1,1,0,0,1,1,0,1,1,1,1,-0.0539246,0.0136267,-0.0508409,0.483613,0.514631,0.453656,0.54908,0.577058
7633,1,0,1,1,0,0,1,1,0,1,1,1,1,-0.0603036,0.00599697,-0.0629859,0.483613,0.514732,0.453656,0.54908,0.577575
7634,0,1,1,1,0,0,1,1,0,1,1,1,1,-0.0373934,0.019207,-0.035455,0.543708,0.514829,0.51055,0.540758,0.584681
7635,1,1,1,1,0,0,1,1,0,1,1,1,1,-0.0425806,0.0126004,-0.0487809,0.543708,0.51483,0.51055,0.541726,0.585072
7636,0,0,0,0,1,0,1,1,0,1,1,1,1,-0.0566656,0.0122565,-0.0606516,0.496828,0.514134,0.443913,0.539704,0.552716
7637,1,0,0,0,1,0,1,1,0,1,1,1,1,-0.0633808,0.00350008,-0.0725834,0.496828,0.514508,0.443913,0.535634,0.544019
7638,0,1,0,0,1,0,1,1,0,1,1,1,1,-0.0394454,0.0192668,-0.0436518,0.576113,0.514826,0.535278,0.553108,0.561387
7639,1,1,0,0,1,0,1,1,0,1,1,1,1,-0.0447724,0.0117252,-0.0573322,0.576113,0.514815,0.535278,0.563116,0.552142
7640,0,0,1,0,1,0,1,1,0,1,1,1,1,-0.0567141,0.0116402,-0.0560939,0.483613,0.514563,0.443913,0.547313,0.567504
7641,1,0,1,0,1,0,1,1,0,1,1,1,1,-0.0630931,0.00397784,-0.0682386,0.483613,0.514689,0.443913,0.543843,0.562625
7642,0,1,1,0,1,0,1,1,0,1,1,1,1,-0.0402818,0.0173146,-0.0420868,0.543708,0.51481,0.51055,0.554483,0.576146
7643,1,1,1,0,1,0,1,1,0,1,1,1,1,-0.0454689,0.0106788,-0.0554124,0.543708,0.51481,0.51055,0.560057,0.570574
7644,0,0,0,1,1,0,1,1,0,1,1,1,1,-0.0545147,0.0129004,-0.0568578,0.496828,0.514592,0.443913,0.541206,0.554303
7645,1,0,0,1,1,0,1,1,0,1,1,1,1,-0.06123,0.00417235,-0.0687898,0.496828,0.514727,0.443913,0.539164,0.548543
7646,0,1,0,1,1,0,1,1,0,1,1,1,1,-0.036824,0.0201818,-0.0395572,0.576113,0.514841,0.535278,0.548442,0.563981
7647,1,1,0,1,1,0,1,1,0,1,1,1,1,-0.042151,0.0126682,-0.0532378,0.576113,0.514835,0.535278,0.559543,0.560216
7648,0,0,1,1,1,0,1,1,0,1,1,1,1,-0.0547703,0.0124668,-0.0536981,0.483613,0.514733,0.443913,0.544524,0.563998
7649,1,0,1,1,1,0,1,1,0,1,1,1,1,-0.0611493,0.00485248,-0.0658429,0.483613,0.514782,0.443913,0.542289,0.563254
7650,0,1,1,1,1,0,1,1,0,1,1,1,1,-0.0382392,0.018043,-0.0383123,0.543708,0.51482,0.51055,0.549846,0.57219
7651,1,1,1,1,1,0,1,1,0,1,1,1,1,-0.0434263,0.0114485,-0.051638,0.543708,0.514823,0.51055,0.553897,0.572356
7652,0,0,0,0,0,1,1,1,0,1,1,1,1,-0.0547803,0.0150349,-0.0544532,0.496828,0.514533,0.480529,0.549984,0.548038
7653,1,0,0,0,0,1,1,1,0,1,1,1,1,-0.0614955,0.00626808,-0.0663852,0.496828,0.51462,0.480529,0.549984,0.547738
7654,0,1,0,0,0,1,1,1,0,1,1,1,1,-0.0375599,0.0220644,-0.037453,0.576113,0.51492,0.548151,0.543481,0.556596
7655,1,1,0,0,0,1,1,1,0,1,1,1,1,-0.0428869,0.0145128,-0.0511337,0.576113,0.514837,0.548151,0.543481,0.552584
7656,0,0,1,0,0,1,1,1,0,1,1,1,1,-0.0549418,0.0149135,-0.0497275,0.483613,0.51471,0.480529,0.545557,0.566075
7657,1,0,1,0,0,1,1,1,0,1,1,1,1,-0.0613208,0.00724294,-0.0618724,0.483613,0.514731,0.480529,0.543138,0.558078
7658,0,1,1,0,0,1,1,1,0,1,1,1,1,-0.0385093,0.0205992,-0.0357201,0.543708,0.514847,0.523424,0.538217,0.572995
7659,1,1,1,0,0,1,1,1,0,1,1,1,1,-0.0436965,0.0139571,-0.049046,0.543708,0.514819,0.523424,0.538217,0.565711
7660,0,0,0,1,0,1,1,1,0,1,1,1,1,-0.0519703,0.0168886,-0.0506649,0.496828,0.514697,0.480529,0.548021,0.554319
7661,1,0,0,1,0,1,1,1,0,1,1,1,1,-0.0586857,0.00815341,-0.0625971,0.496828,0.514756,0.480529,0.548021,0.546443
7662,0,1,0,1,0,1,1,1,0,1,1,1,1,-0.0342794,0.024195,-0.033364,0.576113,0.51485,0.548151,0.541261,0.563044
7663,1,1,0,1,0,1,1,1,0,1,1,1,1,-0.0396064,0.0166739,-0.0470448,0.576113,0.514835,0.548151,0.541261,0.554371
7664,0,0,1,1,0,1,1,1,0,1,1,1,1,-0.0525443,0.0158293,-0.0475283,0.483613,0.514773,0.480529,0.546303,0.567991
7665,1,0,1,1,0,1,1,1,0,1,1,1,1,-0.0589233,0.00820717,-0.0596734,0.483613,0.514793,0.480529,0.546303,0.564094
7666,0,1,1,1,0,1,1,1,0,1,1,1,1,-0.036013,0.0214194,-0.0321422,0.543708,0.514825,0.523424,0.538581,0.576191
7667,1,1,1,1,0,1,1,1,0,1,1,1,1,-0.0412002,0.0148183,-0.0454682,0.543708,0.514823,0.523424,0.538581,0.571779
7668,0,0,0,0,1,1,1,1,0,1,1,1,1,-0.0535805,0.0147193,-0.0569088,0.496828,0.514595,0.470787,0.550363,0.542645
7669,1,0,0,0,1,1,1,1,0,1,1,1,1,-0.0602958,0.00597053,-0.0688407,0.496828,0.514706,0.470787,0.538628,0.542719
7670,0,1,0,0,1,1,1,1,0,1,1,1,1,-0.0363599,0.0217378,-0.0399087,0.576113,0.514817,0.548151,0.544677,0.547037
7671,1,1,0,0,1,1,1,1,0,1,1,1,1,-0.0416869,0.0142012,-0.0535893,0.576113,0.514813,0.548151,0.550788,0.548266
7672,0,0,1,0,1,1,1,1,0,1,1,1,1,-0.0536289,0.0141112,-0.0523511,0.483613,0.514736,0.470787,0.549778,0.55077
7673,1,0,1,0,1,1,1,1,0,1,1,1,1,-0.0600079,0.00645651,-0.0644959,0.483613,0.514772,0.470787,0.557225,0.546612
7674,0,1,1,0,1,1,1,1,0,1,1,1,1,-0.0371963,0.0197919,-0.0383438,0.543708,0.514815,0.523424,0.544705,0.560929
7675,1,1,1,0,1,1,1,1,0,1,1,1,1,-0.0423834,0.0131615,-0.0516695,0.543708,0.514815,0.523424,0.558085,0.553643
7676,0,0,0,1,1,1,1,1,0,1,1,1,1,-0.0516638,0.0156519,-0.0522802,0.496828,0.514732,0.470787,0.550372,0.545703
7677,1,0,0,1,1,1,1,1,0,1,1,1,1,-0.0583791,0.00692948,-0.0642122,0.496828,0.514781,0.470787,0.540234,0.544761
7678,0,1,0,1,1,1,1,1,0,1,1,1,1,-0.0339727,0.0229451,-0.0349794,0.576113,0.514819,0.548151,0.545107,0.550902
7679,1,1,0,1,1,1,1,1,0,1,1,1,1,-0.0392996,0.015434,-0.0486601,0.576113,0.514821,0.548151,0.549556,0.548669
7680,0,0,1,1,1,1,1,1,0,1,1,1,1,-0.0519192,0.0152241,-0.0491204,0.483613,0.514787,0.470787,0.549182,0.556234
7681,1,0,1,1,1,1,1,1,0,1,1,1,1,-0.0582982,0.00761433,-0.0612653,0.483613,0.514804,0.470787,0.552635,0.552791
7682,0,1,1,1,1,1,1,1,0,1,1,1,1,-0.0353878,0.0208081,-0.0337345,0.543708,0.514817,0.523424,0.543539,0.562998
7683,1,1,1,1,1,1,1,1,0,1,1,1,1,-0.0405749,0.0142159,-0.0470603,0.543708,0.514819,0.523424,0.548314,0.559296
7684,0,0,0,0,0,0,0,0,1,1,1,1,1,-0.0569411,0.0126425,-0.0567423,0.523693,0.512103,0.53028,0.467216,0.558392
7685,1,0,0,0,0,0,0,0,1,1,1,1,1,-0.0636563,0.00387941,-0.0686742,0.523693,0.513312,0.53028,0.492705,0.55244
7686,0,1,0,0,0,0,0,0,1,1,1,1,1,-0.0397205,0.0196688,-0.0397425,0.585367,0.515776,0.593604,0.501726,0.56832
7687,1,1,0,0,0,0,0,0,1,1,1,1,1,-0.0450476,0.0121198,-0.0534231,0.585367,0.515137,0.593604,0.541194,0.5628
7688,0,0,1,0,0,0,0,0,1,1,1,1,1,-0.0571025,0.0125101,-0.0520167,0.510478,0.513761,0.53028,0.495975,0.566733
7689,1,0,1,0,0,0,0,0,1,1,1,1,1,-0.0634815,0.0048425,-0.0641615,0.510478,0.514161,0.53028,0.530573,0.566626
7690,0,1,1,0,0,0,0,0,1,1,1,1,1,-0.04067,0.0181929,-0.0380095,0.552963,0.515056,0.568876,0.526928,0.575777
7691,1,1,1,0,0,0,0,0,1,1,1,1,1,-0.0458571,0.0115511,-0.0513353,0.552963,0.514876,0.568876,0.556939,0.575441
7692,0,0,0,1,0,0,0,0,1,1,1,1,1,-0.0541173,0.0143168,-0.0535551,0.523693,0.513722,0.53028,0.529936,0.553173
7693,1,0,0,1,0,0,0,0,1,1,1,1,1,-0.0608326,0.00558491,-0.0654872,0.523693,0.514358,0.53028,0.53786,0.553375
7694,1,1,0,1,0,0,0,0,1,1,1,1,1,-0.0417532,0.0140995,-0.0499352,0.585367,0.515008,0.593604,0.549969,0.563318
7695,0,0,1,1,0,0,0,0,1,1,1,1,1,-0.0546912,0.0132469,-0.0504185,0.510478,0.514385,0.53028,0.548709,0.560079
7696,1,0,1,1,0,0,0,0,1,1,1,1,1,-0.0610702,0.0056273,-0.0625635,0.510478,0.514622,0.53028,0.559105,0.561166
7697,0,1,1,1,0,0,0,0,1,1,1,1,1,-0.0381598,0.0188327,-0.0350328,0.552963,0.514849,0.568876,0.549136,0.569378
7698,1,1,1,1,0,0,0,0,1,1,1,1,1,-0.0433469,0.0122318,-0.0483586,0.552963,0.514865,0.568876,0.559519,0.570244
7699,0,0,0,0,1,0,0,0,1,1,1,1,1,-0.0569719,0.012409,-0.0604335,0.523693,0.513355,0.520538,0.500337,0.541951
7700,1,0,0,0,1,0,0,0,1,1,1,1,1,-0.0636871,0.00366083,-0.0723653,0.523693,0.514114,0.520538,0.529474,0.535546
7701,0,1,0,0,1,0,0,0,1,1,1,1,1,-0.0397513,0.0194266,-0.0434338,0.585367,0.514988,0.593604,0.524532,0.552827
7702,1,1,0,0,1,0,0,0,1,1,1,1,1,-0.0450783,0.0118907,-0.0571142,0.585367,0.514876,0.593604,0.55091,0.547749
7703,0,0,1,0,1,0,0,0,1,1,1,1,1,-0.0570202,0.0117884,-0.0558759,0.510478,0.514266,0.520538,0.539017,0.552167
7704,1,0,1,0,1,0,0,0,1,1,1,1,1,-0.0633992,0.00413534,-0.0680206,0.510478,0.514523,0.520538,0.564098,0.552181
7705,0,1,1,0,1,0,0,0,1,1,1,1,1,-0.0405876,0.0174682,-0.0418689,0.552963,0.514843,0.568876,0.551732,0.561799
7706,1,1,1,0,1,0,0,0,1,1,1,1,1,-0.0457748,0.0108376,-0.0551945,0.552963,0.514819,0.568876,0.569348,0.562104
7707,0,0,0,1,1,0,0,0,1,1,1,1,1,-0.0548209,0.0130656,-0.0566398,0.523693,0.514271,0.520538,0.55399,0.54219
7708,1,0,0,1,1,0,0,0,1,1,1,1,1,-0.0615363,0.00434587,-0.0685716,0.523693,0.5146,0.520538,0.562165,0.542327
7709,0,1,0,1,1,0,0,0,1,1,1,1,1,-0.0371299,0.0203565,-0.0393393,0.585367,0.514885,0.593604,0.551477,0.548855
7710,1,1,0,1,1,0,0,0,1,1,1,1,1,-0.0424569,0.0128486,-0.0530198,0.585367,0.514877,0.593604,0.561594,0.550077
7711,0,0,1,1,1,0,0,0,1,1,1,1,1,-0.0550763,0.0126273,-0.05348,0.510478,0.514609,0.520538,0.559376,0.546135
7712,1,0,1,1,1,0,0,0,1,1,1,1,1,-0.0614554,0.00502227,-0.0656248,0.510478,0.51473,0.520538,0.567679,0.549203
7713,0,1,1,1,1,0,0,0,1,1,1,1,1,-0.0385451,0.0182092,-0.0380944,0.552963,0.514819,0.568876,0.55588,0.554776
7714,1,1,1,1,1,0,0,0,1,1,1,1,1,-0.0437322,0.01162,-0.0514201,0.552963,0.514833,0.568876,0.565116,0.556199
7715,0,0,0,0,0,1,0,0,1,1,1,1,1,-0.0571043,0.0150406,-0.0544943,0.523693,0.514528,0.557153,0.531223,0.542129
7716,1,0,0,0,0,1,0,0,1,1,1,1,1,-0.0638195,0.00628213,-0.0664263,0.523693,0.514453,0.557153,0.545293,0.534616
7717,0,1,0,0,0,1,0,0,1,1,1,1,1,-0.0398837,0.0220756,-0.0374943,0.585367,0.51526,0.606478,0.561459,0.553562
7718,1,1,0,0,0,1,0,0,1,1,1,1,1,-0.0452107,0.0145295,-0.051175,0.585367,0.514942,0.606478,0.581658,0.543178
7719,0,0,1,0,0,1,0,0,1,1,1,1,1,-0.0572656,0.0149208,-0.0497687,0.510478,0.514698,0.557153,0.526375,0.558091
7720,1,0,1,0,0,1,0,0,1,1,1,1,1,-0.0636446,0.00726057,-0.0619136,0.510478,0.514649,0.557153,0.544994,0.553262
7721,0,1,1,0,0,1,0,0,1,1,1,1,1,-0.0408332,0.0206099,-0.0357614,0.552963,0.514948,0.58175,0.537735,0.567465
7722,1,1,1,0,0,1,0,0,1,1,1,1,1,-0.0460203,0.0139736,-0.0490872,0.552963,0.514846,0.58175,0.560982,0.562992
7723,0,0,0,1,0,1,0,0,1,1,1,1,1,-0.0542943,0.0169062,-0.0507061,0.523693,0.514615,0.557153,0.541322,0.545399
7724,1,0,0,1,0,1,0,0,1,1,1,1,1,-0.0610096,0.00817926,-0.0626382,0.523693,0.514701,0.557153,0.542862,0.539739
7725,0,1,0,1,0,1,0,0,1,1,1,1,1,-0.0366032,0.0242205,-0.0334053,0.585367,0.514923,0.606478,0.554585,0.554054
7726,1,1,0,1,0,1,0,0,1,1,1,1,1,-0.0419302,0.0167048,-0.047086,0.585367,0.514882,0.606478,0.556761,0.549402
7727,0,0,1,1,0,1,0,0,1,1,1,1,1,-0.0548682,0.0158454,-0.0475695,0.510478,0.514737,0.557153,0.533786,0.552948
7728,1,0,1,1,0,1,0,0,1,1,1,1,1,-0.0612472,0.00823353,-0.0597145,0.510478,0.514767,0.557153,0.539731,0.553699
7729,0,1,1,1,0,1,0,0,1,1,1,1,1,-0.0383368,0.0214395,-0.0321836,0.552963,0.514836,0.58175,0.532902,0.561886
7730,1,1,1,1,0,1,0,0,1,1,1,1,1,-0.043524,0.0148441,-0.0455095,0.552963,0.514835,0.58175,0.543682,0.562387
7731,0,0,0,0,1,1,0,0,1,1,1,1,1,-0.0545097,0.0150561,-0.0573436,0.523693,0.514554,0.547411,0.560003,0.532809
7732,1,0,0,0,1,1,0,0,1,1,1,1,1,-0.061225,0.00631517,-0.0692755,0.523693,0.514636,0.547411,0.573755,0.532259
7733,0,1,0,0,1,1,0,0,1,1,1,1,1,-0.0372888,0.0220796,-0.0403438,0.585367,0.51493,0.606478,0.566992,0.540052
7734,1,1,0,0,1,1,0,0,1,1,1,1,1,-0.0426158,0.0145482,-0.0540242,0.585367,0.514849,0.606478,0.58246,0.536785
7735,0,0,1,0,1,1,0,0,1,1,1,1,1,-0.0545579,0.0144452,-0.052786,0.510478,0.514718,0.547411,0.545722,0.546117
7736,1,0,1,0,1,1,0,0,1,1,1,1,1,-0.060937,0.00680026,-0.0649307,0.510478,0.514739,0.547411,0.559773,0.54155
7737,0,1,1,0,1,1,0,0,1,1,1,1,1,-0.0381251,0.020129,-0.0387789,0.552963,0.514849,0.58175,0.546866,0.553283
7738,1,1,1,0,1,1,0,0,1,1,1,1,1,-0.0433123,0.013504,-0.0521045,0.552963,0.514824,0.58175,0.56288,0.548851
7739,0,0,0,1,1,1,0,0,1,1,1,1,1,-0.0525929,0.0160035,-0.052715,0.523693,0.514681,0.547411,0.544842,0.536474
7740,1,0,0,1,1,1,0,0,1,1,1,1,1,-0.0593084,0.00728897,-0.064647,0.523693,0.514754,0.547411,0.550914,0.532848
7741,0,1,0,1,1,1,0,0,1,1,1,1,1,-0.0349015,0.0233039,-0.0354144,0.585367,0.514845,0.606478,0.554387,0.543791
7742,1,1,0,1,1,1,0,0,1,1,1,1,1,-0.0402286,0.0157981,-0.049095,0.585367,0.514838,0.606478,0.563372,0.541911
7743,0,0,1,1,1,1,0,0,1,1,1,1,1,-0.0528482,0.0155727,-0.0495553,0.510478,0.514766,0.547411,0.541166,0.548734
7744,1,0,1,1,1,1,0,0,1,1,1,1,1,-0.0592273,0.0079727,-0.0617002,0.510478,0.514793,0.547411,0.550695,0.544962
7745,1,1,1,1,1,1,0,0,1,1,1,1,1,-0.0415038,0.0145736,-0.0474953,0.552963,0.514824,0.58175,0.550795,0.554605
7746,0,0,0,0,0,0,1,0,1,1,1,1,1,-0.0587803,0.0115902,-0.0567161,0.496828,0.513541,0.453656,0.52257,0.560719
7747,1,0,0,0,0,0,1,0,1,1,1,1,1,-0.0654956,0.0028213,-0.0686481,0.496828,0.51415,0.453656,0.550922,0.553149
7748,0,1,0,0,0,0,1,0,1,1,1,1,1,-0.0415599,0.0186199,-0.0397162,0.567149,0.514998,0.523945,0.5388,0.569857
7749,1,1,0,0,0,0,1,0,1,1,1,1,1,-0.046887,0.0110661,-0.0533967,0.567149,0.51486,0.523945,0.570808,0.561394
7750,0,0,1,0,0,0,1,0,1,1,1,1,1,-0.0589418,0.0114645,-0.0519904,0.483613,0.514326,0.453656,0.527575,0.571716
7751,1,0,1,0,0,0,1,0,1,1,1,1,1,-0.0653208,0.00379146,-0.0641353,0.483613,0.514531,0.453656,0.555469,0.569679
7752,0,1,1,0,0,0,1,0,1,1,1,1,1,-0.0425094,0.0171491,-0.0379831,0.534744,0.514843,0.499217,0.539733,0.579688
7753,1,1,1,0,0,0,1,0,1,1,1,1,1,-0.0476965,0.0105032,-0.0513089,0.534744,0.514811,0.499217,0.565749,0.578261
7754,1,0,0,1,0,0,1,0,1,1,1,1,1,-0.0626718,0.00451428,-0.0654609,0.496828,0.514613,0.453656,0.559415,0.556636
7755,0,1,0,1,0,0,1,0,1,1,1,1,1,-0.0382655,0.0205569,-0.0362281,0.567149,0.514865,0.523945,0.547092,0.568496
7756,1,1,0,1,0,0,1,0,1,1,1,1,1,-0.0435926,0.0130334,-0.0499087,0.567149,0.51486,0.523945,0.555251,0.566367
7757,0,0,1,1,0,0,1,0,1,1,1,1,1,-0.0565304,0.0121926,-0.0503922,0.483613,0.514631,0.453656,0.549861,0.565809
7758,1,0,1,1,0,0,1,0,1,1,1,1,1,-0.0629095,0.0045676,-0.0625373,0.483613,0.514733,0.453656,0.560514,0.566727
7759,1,1,1,1,0,0,1,0,1,1,1,1,1,-0.0451864,0.0111762,-0.0483322,0.534744,0.514825,0.499217,0.553454,0.574743
7760,0,0,0,0,1,0,1,0,1,1,1,1,1,-0.0592715,0.0108282,-0.060203,0.496828,0.5141,0.443913,0.54542,0.545526
7761,1,0,0,0,1,0,1,0,1,1,1,1,1,-0.0659868,0.0020752,-0.0721348,0.496828,0.514489,0.443913,0.567763,0.540424
7762,1,1,0,0,1,0,1,0,1,1,1,1,1,-0.0473783,0.0103086,-0.0568836,0.567149,0.514803,0.523945,0.582026,0.547419
7763,0,0,1,0,1,0,1,0,1,1,1,1,1,-0.05932,0.0102182,-0.0556453,0.483613,0.514549,0.443913,0.559711,0.558493
7764,1,0,1,0,1,0,1,0,1,1,1,1,1,-0.065699,0.00256059,-0.0677901,0.483613,0.514683,0.443913,0.579388,0.555098
7765,0,1,1,0,1,0,1,0,1,1,1,1,1,-0.0428876,0.0158995,-0.0416382,0.534744,0.514796,0.499217,0.568322,0.567098
7766,1,1,1,0,1,0,1,0,1,1,1,1,1,-0.0480748,0.00926534,-0.0549638,0.534744,0.514805,0.499217,0.584797,0.564635
7767,0,0,0,1,1,0,1,0,1,1,1,1,1,-0.0571206,0.0114686,-0.0564091,0.496828,0.514571,0.443913,0.561484,0.549789
7768,1,0,0,1,1,0,1,0,1,1,1,1,1,-0.063836,0.00274402,-0.0683411,0.496828,0.514719,0.443913,0.571238,0.545082
7769,0,1,0,1,1,0,1,0,1,1,1,1,1,-0.0394298,0.018763,-0.0391086,0.567149,0.514818,0.523945,0.5573,0.556614
7770,1,1,0,1,1,0,1,0,1,1,1,1,1,-0.0447569,0.0112507,-0.0527891,0.567149,0.514828,0.523945,0.568879,0.554275
7771,0,0,1,1,1,0,1,0,1,1,1,1,1,-0.0573761,0.0110424,-0.0532494,0.483613,0.514725,0.443913,0.56371,0.555292
7772,1,0,1,1,1,0,1,0,1,1,1,1,1,-0.0637552,0.00343282,-0.0653943,0.483613,0.514779,0.443913,0.571027,0.557708
7773,0,1,1,1,1,0,1,0,1,1,1,1,1,-0.040845,0.0166268,-0.0378636,0.534744,0.51481,0.499217,0.557418,0.560867
7774,1,1,1,1,1,0,1,0,1,1,1,1,1,-0.0460322,0.010034,-0.0511893,0.534744,0.51482,0.499217,0.565369,0.562517
7775,0,0,0,0,0,1,1,0,1,1,1,1,1,-0.0579034,0.013168,-0.0551223,0.496828,0.514606,0.480529,0.542053,0.54327
7776,1,0,0,0,0,1,1,0,1,1,1,1,1,-0.0646187,0.00440386,-0.0670544,0.496828,0.51464,0.480529,0.551538,0.540396
7777,0,1,0,0,0,1,1,0,1,1,1,1,1,-0.040683,0.0202056,-0.0381223,0.567149,0.514926,0.536819,0.563948,0.552424
7778,1,1,0,0,0,1,1,0,1,1,1,1,1,-0.04601,0.0126543,-0.0518029,0.567149,0.514839,0.536819,0.572975,0.545737
7779,0,0,1,0,0,1,1,0,1,1,1,1,1,-0.0580649,0.0130509,-0.0503966,0.483613,0.514735,0.480529,0.545971,0.560371
7780,1,0,1,0,0,1,1,0,1,1,1,1,1,-0.0644439,0.005383,-0.0625416,0.483613,0.514739,0.480529,0.555205,0.553753
7781,0,1,1,0,0,1,1,0,1,1,1,1,1,-0.0416325,0.0187422,-0.0363893,0.534744,0.514847,0.512091,0.536985,0.568951
7782,1,1,1,0,0,1,1,0,1,1,1,1,1,-0.0468196,0.0120995,-0.0497151,0.534744,0.514819,0.512091,0.555331,0.562784
7783,0,0,0,1,0,1,1,0,1,1,1,1,1,-0.0550935,0.0150197,-0.051334,0.496828,0.514713,0.480529,0.54893,0.548984
7784,1,0,0,1,0,1,1,0,1,1,1,1,1,-0.0618088,0.00628718,-0.0632662,0.496828,0.514761,0.480529,0.548984,0.544477
7785,0,1,0,1,0,1,1,0,1,1,1,1,1,-0.0374025,0.0223367,-0.0340332,0.567149,0.514841,0.536819,0.540778,0.556683
7786,1,1,0,1,0,1,1,0,1,1,1,1,1,-0.0427295,0.0148159,-0.0477139,0.567149,0.514833,0.536819,0.542818,0.549805
7787,0,0,1,1,0,1,1,0,1,1,1,1,1,-0.0556674,0.0139641,-0.0481974,0.483613,0.514778,0.480529,0.545009,0.559664
7788,1,0,1,1,0,1,1,0,1,1,1,1,1,-0.0620465,0.00634459,-0.0603425,0.483613,0.514795,0.480529,0.548862,0.557563
7789,0,1,1,1,0,1,1,0,1,1,1,1,1,-0.0391361,0.0195606,-0.0328114,0.534744,0.51482,0.512091,0.537069,0.566985
7790,1,1,1,1,0,1,1,0,1,1,1,1,1,-0.0443233,0.0129589,-0.0461373,0.534744,0.514822,0.512091,0.546453,0.565162
7791,0,0,0,0,1,1,1,0,1,1,1,1,1,-0.0567037,0.0128728,-0.0575779,0.496828,0.51464,0.470787,0.550957,0.538219
7792,1,0,0,0,1,1,1,0,1,1,1,1,1,-0.063419,0.00412679,-0.0695098,0.496828,0.51472,0.470787,0.566908,0.539754
7793,0,1,0,0,1,1,1,0,1,1,1,1,1,-0.0394831,0.0198994,-0.040578,0.567149,0.514825,0.536819,0.552983,0.544017
7794,1,1,0,0,1,1,1,0,1,1,1,1,1,-0.0448101,0.012363,-0.0542585,0.567149,0.514816,0.536819,0.569835,0.543615
7795,0,0,1,0,1,1,1,0,1,1,1,1,1,-0.056752,0.0122678,-0.0530202,0.483613,0.514752,0.470787,0.554701,0.548314
7796,1,0,1,0,1,1,1,0,1,1,1,1,1,-0.063131,0.00461581,-0.065165,0.483613,0.514777,0.470787,0.571144,0.546322
7797,0,1,1,0,1,1,1,0,1,1,1,1,1,-0.0403194,0.0179539,-0.039013,0.534744,0.514818,0.512091,0.551402,0.556596
7798,1,1,1,0,1,1,1,0,1,1,1,1,1,-0.0455066,0.0113231,-0.0523387,0.534744,0.514816,0.512091,0.568679,0.55172
7799,1,0,0,1,1,1,1,0,1,1,1,1,1,-0.0615023,0.00508449,-0.0648813,0.496828,0.514786,0.470787,0.561256,0.539587
7800,0,1,0,1,1,1,1,0,1,1,1,1,1,-0.0370958,0.021108,-0.0356485,0.567149,0.514819,0.536819,0.543131,0.548515
7801,1,1,0,1,1,1,1,0,1,1,1,1,1,-0.0424228,0.0135973,-0.0493291,0.567149,0.514822,0.536819,0.555236,0.546028
7802,0,0,1,1,1,1,1,0,1,1,1,1,1,-0.0550423,0.0133793,-0.0497895,0.483613,0.514792,0.470787,0.547268,0.552764
7803,1,0,1,1,1,1,1,0,1,1,1,1,1,-0.0614214,0.00577224,-0.0619344,0.483613,0.514806,0.470787,0.559829,0.549835
7804,0,1,1,1,1,1,1,0,1,1,1,1,1,-0.0385109,0.0189697,-0.0344036,0.534744,0.514817,0.512091,0.543317,0.560461
7805,1,1,1,1,1,1,1,0,1,1,1,1,1,-0.0436981,0.012377,-0.0477294,0.534744,0.51482,0.512091,0.556781,0.556755
7806,0,0,0,0,0,0,0,1,1,1,1,1,1,-0.0533167,0.015077,-0.0543956,0.515536,0.513854,0.53028,0.491485,0.568253
7807,1,0,0,0,0,0,0,1,1,1,1,1,1,-0.0600318,0.00630872,-0.0663275,0.515536,0.514287,0.53028,0.51621,0.567368
7808,0,1,0,0,0,0,0,1,1,1,1,1,1,-0.0360964,0.0220924,-0.0373958,0.577211,0.515208,0.598616,0.523409,0.577519
7809,1,1,0,0,0,0,0,1,1,1,1,1,1,-0.0414233,0.0145383,-0.0510764,0.577211,0.514955,0.598616,0.551198,0.57707
7810,0,0,1,0,0,0,0,1,1,1,1,1,1,-0.0534781,0.014939,-0.0496699,0.502321,0.514443,0.53028,0.51304,0.575245
7811,1,0,1,0,0,0,0,1,1,1,1,1,1,-0.0598569,0.00726174,-0.0618148,0.502321,0.514586,0.53028,0.545654,0.575769
7812,0,1,1,0,0,0,0,1,1,1,1,1,1,-0.0370457,0.0206135,-0.0356628,0.544806,0.51492,0.573888,0.537806,0.583603
7813,1,1,1,0,0,0,0,1,1,1,1,1,1,-0.0422328,0.0139633,-0.0489887,0.544806,0.514848,0.573888,0.56465,0.584045
7814,0,0,0,1,0,0,0,1,1,1,1,1,1,-0.0504928,0.0167411,-0.0512084,0.515536,0.514429,0.53028,0.540014,0.562349
7815,1,0,0,1,0,0,0,1,1,1,1,1,1,-0.057208,0.00800405,-0.0631404,0.515536,0.514658,0.53028,0.547947,0.563325
7816,0,1,0,1,0,0,0,1,1,1,1,1,1,-0.0328019,0.0240317,-0.0339078,0.577211,0.514936,0.598616,0.546143,0.571917
7817,1,1,0,1,0,0,0,1,1,1,1,1,1,-0.0381289,0.016508,-0.0475885,0.577211,0.514897,0.598616,0.552666,0.572619
7818,0,0,1,1,0,0,0,1,1,1,1,1,1,-0.0510668,0.0156638,-0.0480718,0.502321,0.514665,0.53028,0.552815,0.56817
7819,1,0,1,1,0,0,0,1,1,1,1,1,1,-0.0574456,0.00803473,-0.0602168,0.502321,0.51475,0.53028,0.56135,0.569858
7820,0,1,1,1,0,0,0,1,1,1,1,1,1,-0.0345355,0.0212418,-0.0326861,0.544806,0.514836,0.573888,0.552227,0.576788
7821,1,1,1,1,0,0,0,1,1,1,1,1,1,-0.0397226,0.0146326,-0.046012,0.544806,0.514839,0.573888,0.56245,0.57835
7822,0,0,0,0,1,0,0,1,1,1,1,1,1,-0.0533475,0.0148531,-0.0580868,0.515536,0.514293,0.520538,0.529972,0.554653
7823,1,0,0,0,1,0,0,1,1,1,1,1,1,-0.0600627,0.0060996,-0.0700185,0.515536,0.514568,0.520538,0.54158,0.552589
7824,0,1,0,0,1,0,0,1,1,1,1,1,1,-0.0361272,0.0218598,-0.0410871,0.577211,0.514894,0.598616,0.560972,0.564496
7825,1,1,0,0,1,0,0,1,1,1,1,1,1,-0.0414541,0.0143187,-0.0547675,0.577211,0.514847,0.598616,0.578001,0.563364
7826,0,0,1,0,1,0,0,1,1,1,1,1,1,-0.0533959,0.0142263,-0.0535291,0.502321,0.51462,0.520538,0.560058,0.561502
7827,1,0,1,0,1,0,0,1,1,1,1,1,1,-0.0597747,0.00656361,-0.0656738,0.502321,0.514714,0.520538,0.565861,0.562581
7828,0,1,1,0,1,0,0,1,1,1,1,1,1,-0.0369635,0.0198979,-0.0395221,0.544806,0.514833,0.573888,0.573167,0.570578
7829,1,1,1,0,1,0,0,1,1,1,1,1,1,-0.0421505,0.013259,-0.0528478,0.544806,0.514822,0.573888,0.583291,0.571426
7830,0,0,0,1,1,0,0,1,1,1,1,1,1,-0.0511966,0.0154998,-0.054293,0.515536,0.514623,0.520538,0.554376,0.551351
7831,1,0,0,1,1,0,0,1,1,1,1,1,1,-0.0579118,0.00677484,-0.0662249,0.515536,0.514742,0.520538,0.551325,0.554091
7832,0,1,0,1,1,0,0,1,1,1,1,1,1,-0.0335058,0.02278,-0.0369926,0.577211,0.514849,0.598616,0.557618,0.558292
7833,1,1,0,1,1,0,0,1,1,1,1,1,1,-0.0388327,0.015267,-0.0506731,0.577211,0.514844,0.598616,0.5669,0.55963
7834,0,0,1,1,1,0,0,1,1,1,1,1,1,-0.051452,0.0150539,-0.0511333,0.502321,0.514744,0.520538,0.564721,0.554354
7835,1,0,1,1,1,0,0,1,1,1,1,1,1,-0.0578309,0.00743933,-0.0632781,0.502321,0.514788,0.520538,0.563407,0.557662
7836,0,1,1,1,1,0,0,1,1,1,1,1,1,-0.0349209,0.020628,-0.0357477,0.544806,0.514821,0.573888,0.563286,0.563219
7837,1,1,1,1,1,0,0,1,1,1,1,1,1,-0.0401079,0.0140306,-0.0490734,0.544806,0.514826,0.573888,0.572736,0.565113
7838,0,0,0,0,0,1,0,1,1,1,1,1,1,-0.053361,0.0175557,-0.0508833,0.515536,0.514724,0.557153,0.528498,0.558657
7839,1,0,0,0,0,1,0,1,1,1,1,1,1,-0.0600761,0.008793,-0.0628154,0.515536,0.514693,0.557153,0.537667,0.553827
7840,0,1,0,0,0,1,0,1,1,1,1,1,1,-0.0361406,0.0245812,-0.0338833,0.577211,0.514994,0.61149,0.552447,0.568437
7841,1,1,0,0,0,1,0,1,1,1,1,1,1,-0.0414676,0.0170312,-0.0475641,0.577211,0.514871,0.61149,0.568786,0.56365
7842,0,0,1,0,0,1,0,1,1,1,1,1,1,-0.0535224,0.0174311,-0.0461576,0.502321,0.51478,0.557153,0.531356,0.568301
7843,1,0,1,0,0,1,0,1,1,1,1,1,1,-0.0599012,0.00976289,-0.0583026,0.502321,0.51476,0.557153,0.545442,0.567961
7844,0,1,1,0,0,1,0,1,1,1,1,1,1,-0.03709,0.0231131,-0.0321503,0.544806,0.514872,0.586762,0.541644,0.576469
7845,1,1,1,0,0,1,0,1,1,1,1,1,1,-0.0422771,0.0164701,-0.0454763,0.544806,0.514832,0.586762,0.557356,0.576472
7846,0,0,0,1,0,1,0,1,1,1,1,1,1,-0.050551,0.0194134,-0.0470951,0.515536,0.514749,0.557153,0.549055,0.556414
7847,1,0,0,1,0,1,0,1,1,1,1,1,1,-0.0572663,0.0106823,-0.0590272,0.515536,0.514779,0.557153,0.548734,0.555901
7848,0,1,0,1,0,1,0,1,1,1,1,1,1,-0.03286,0.0267184,-0.0297942,0.577211,0.514863,0.61149,0.542714,0.565101
7849,1,1,0,1,0,1,0,1,1,1,1,1,1,-0.038187,0.0191988,-0.043475,0.577211,0.514845,0.61149,0.546023,0.564652
7850,0,0,1,1,0,1,0,1,1,1,1,1,1,-0.0511249,0.0183463,-0.0439585,0.502321,0.514791,0.557153,0.541318,0.562006
7851,1,0,1,1,0,1,0,1,1,1,1,1,1,-0.0575038,0.0107266,-0.0561035,0.502321,0.514802,0.557153,0.545988,0.563229
7852,0,1,1,1,0,1,0,1,1,1,1,1,1,-0.0345936,0.0239336,-0.0285725,0.544806,0.514827,0.586762,0.536784,0.57037
7853,1,1,1,1,0,1,0,1,1,1,1,1,1,-0.0397808,0.0173317,-0.0418985,0.544806,0.514827,0.586762,0.548323,0.57141
7854,0,0,0,0,1,1,0,1,1,1,1,1,1,-0.0507665,0.0175785,-0.0537326,0.515536,0.514726,0.547411,0.55156,0.547882
7855,1,0,0,0,1,1,0,1,1,1,1,1,1,-0.0574817,0.00883329,-0.0656645,0.515536,0.514755,0.547411,0.554536,0.544086
7856,0,1,0,0,1,1,0,1,1,1,1,1,1,-0.0335457,0.0245926,-0.0367327,0.577211,0.514865,0.61149,0.549005,0.555907
7857,1,1,0,0,1,1,0,1,1,1,1,1,1,-0.0388727,0.0170571,-0.0504133,0.577211,0.514833,0.61149,0.565989,0.550813
7858,0,0,1,0,1,1,0,1,1,1,1,1,1,-0.0508147,0.0169626,-0.0491749,0.502321,0.514784,0.547411,0.551889,0.558998
7859,1,0,1,0,1,1,0,1,1,1,1,1,1,-0.0571936,0.00930964,-0.0613198,0.502321,0.514791,0.547411,0.564436,0.557455
7860,0,1,1,0,1,1,0,1,1,1,1,1,1,-0.034382,0.0226392,-0.0351677,0.544806,0.514832,0.586762,0.550332,0.563879
7861,1,1,1,0,1,1,0,1,1,1,1,1,1,-0.0395691,0.0160076,-0.0484935,0.544806,0.514822,0.586762,0.565716,0.563811
7862,0,0,0,1,1,1,0,1,1,1,1,1,1,-0.0488497,0.0185182,-0.049104,0.515536,0.514771,0.547411,0.546573,0.552082
7863,1,0,0,1,1,1,0,1,1,1,1,1,1,-0.055565,0.00979935,-0.0610361,0.515536,0.514797,0.547411,0.551738,0.547599
7864,0,1,0,1,1,1,0,1,1,1,1,1,1,-0.0311584,0.0258092,-0.0318033,0.577211,0.514831,0.61149,0.540782,0.559353
7865,1,1,0,1,1,1,0,1,1,1,1,1,1,-0.0364854,0.0182994,-0.045484,0.577211,0.514828,0.61149,0.553232,0.557436
7866,0,0,1,1,1,1,0,1,1,1,1,1,1,-0.049105,0.0180816,-0.0459443,0.502321,0.514801,0.547411,0.547719,0.557975
7867,1,0,1,1,1,1,0,1,1,1,1,1,1,-0.0554839,0.0104736,-0.0580892,0.502321,0.51481,0.547411,0.55725,0.560482
7868,0,1,1,1,1,1,0,1,1,1,1,1,1,-0.0325735,0.0236624,-0.0305584,0.544806,0.514821,0.586762,0.543688,0.563148
7869,1,1,1,1,1,1,0,1,1,1,1,1,1,-0.0377606,0.0170691,-0.0438843,0.544806,0.514822,0.586762,0.554744,0.565417
7870,0,0,0,0,0,0,1,1,1,1,1,1,1,-0.0560546,0.0130526,-0.0541194,0.496828,0.514362,0.453656,0.526124,0.573564
7871,1,0,0,0,0,0,1,1,1,1,1,1,1,-0.0627698,0.004279,-0.0660514,0.496828,0.514582,0.453656,0.54958,0.569998
7872,0,1,0,0,0,0,1,1,1,1,1,1,1,-0.0388344,0.0200726,-0.0371194,0.567149,0.514898,0.528957,0.549336,0.581764
7873,1,1,0,0,0,0,1,1,1,1,1,1,1,-0.0441614,0.0125144,-0.0508001,0.567149,0.514842,0.528957,0.569916,0.578791
7874,0,0,1,0,0,0,1,1,1,1,1,1,1,-0.0562162,0.0129221,-0.0493936,0.483613,0.514643,0.453656,0.534111,0.579866
7875,1,0,1,0,0,0,1,1,1,1,1,1,1,-0.062595,0.00524064,-0.0615387,0.483613,0.514717,0.453656,0.566086,0.580251
7876,0,1,1,0,0,0,1,1,1,1,1,1,1,-0.0397839,0.0185994,-0.0353864,0.534744,0.514833,0.504229,0.555934,0.587217
7877,1,1,1,0,0,0,1,1,1,1,1,1,1,-0.044971,0.0119465,-0.0487123,0.534744,0.514819,0.504229,0.573112,0.587521
7878,0,0,0,1,0,0,1,1,1,1,1,1,1,-0.0532308,0.0147037,-0.050932,0.496828,0.514648,0.453656,0.555233,0.568361
7879,1,0,0,1,0,0,1,1,1,1,1,1,1,-0.059946,0.00596127,-0.0628643,0.496828,0.514747,0.453656,0.56044,0.569154
7880,1,1,0,1,0,0,1,1,1,1,1,1,1,-0.0408671,0.0144715,-0.0473121,0.567149,0.514837,0.528957,0.557473,0.577392
7881,0,0,1,1,0,0,1,1,1,1,1,1,1,-0.0538048,0.0136385,-0.0477954,0.483613,0.514752,0.453656,0.549576,0.573551
7882,1,0,1,1,0,0,1,1,1,1,1,1,1,-0.0601837,0.00600513,-0.0599406,0.483613,0.514789,0.453656,0.558301,0.575026
7883,0,1,1,1,0,0,1,1,1,1,1,1,1,-0.0372736,0.0192201,-0.0324096,0.534744,0.514818,0.504229,0.545919,0.581185
7884,1,1,1,1,0,0,1,1,1,1,1,1,1,-0.0424608,0.0126082,-0.0457355,0.534744,0.514823,0.504229,0.558019,0.582525
7885,0,0,0,0,1,0,1,1,1,1,1,1,1,-0.0565458,0.0122986,-0.0576062,0.496828,0.514559,0.443913,0.558866,0.560107
7886,1,0,0,0,1,0,1,1,1,1,1,1,1,-0.063261,0.00354085,-0.0695381,0.496828,0.514701,0.443913,0.564998,0.55643
7887,0,1,0,0,1,0,1,1,1,1,1,1,1,-0.0393257,0.0193097,-0.0406064,0.567149,0.514814,0.528957,0.565642,0.569763
7888,1,1,0,0,1,0,1,1,1,1,1,1,1,-0.0446527,0.011765,-0.0542869,0.567149,0.514816,0.528957,0.580271,0.566323
7889,0,0,1,0,1,0,1,1,1,1,1,1,1,-0.0565943,0.0116839,-0.0530485,0.483613,0.514722,0.443913,0.566764,0.567457
7890,1,0,1,0,1,0,1,1,1,1,1,1,1,-0.0629732,0.00401786,-0.0651934,0.483613,0.514771,0.443913,0.577328,0.568358
7891,0,1,1,0,1,0,1,1,1,1,1,1,1,-0.0401621,0.0173579,-0.0390414,0.534744,0.514813,0.504229,0.572088,0.575489
7892,1,1,1,0,1,0,1,1,1,1,1,1,1,-0.0453492,0.0107167,-0.0523671,0.534744,0.514815,0.504229,0.584607,0.57617
7893,0,0,0,1,1,0,1,1,1,1,1,1,1,-0.0543949,0.0129278,-0.0538124,0.496828,0.51473,0.443913,0.562083,0.559925
7894,1,0,0,1,1,0,1,1,1,1,1,1,1,-0.0611102,0.00419851,-0.0657445,0.496828,0.514784,0.443913,0.567046,0.560589
7895,0,1,0,1,1,0,1,1,1,1,1,1,1,-0.0367043,0.020213,-0.0365118,0.567149,0.514821,0.528957,0.557748,0.564774
7896,1,1,0,1,1,0,1,1,1,1,1,1,1,-0.0420313,0.0126963,-0.0501924,0.567149,0.514824,0.528957,0.56748,0.566543
7897,0,0,1,1,1,0,1,1,1,1,1,1,1,-0.0546505,0.0124958,-0.0506526,0.483613,0.514786,0.443913,0.5644,0.562832
7898,1,0,1,1,1,0,1,1,1,1,1,1,1,-0.0610294,0.00487787,-0.0627976,0.483613,0.514805,0.443913,0.572369,0.565491
7899,0,1,1,1,1,0,1,1,1,1,1,1,1,-0.0381195,0.0180734,-0.0352669,0.534744,0.514817,0.504229,0.562684,0.568885
7900,1,1,1,1,1,0,1,1,1,1,1,1,1,-0.0433066,0.0114736,-0.0485927,0.534744,0.51482,0.504229,0.571068,0.570587
7901,0,0,0,0,0,1,1,1,1,1,1,1,1,-0.0546605,0.0150565,-0.0514078,0.496828,0.514746,0.480529,0.548816,0.56189
7902,1,0,0,0,0,1,1,1,1,1,1,1,1,-0.0613757,0.00628841,-0.06334,0.496828,0.514757,0.480529,0.551674,0.55445
7903,0,1,0,0,0,1,1,1,1,1,1,1,1,-0.0374402,0.0220868,-0.0344077,0.567149,0.514863,0.541831,0.546129,0.570852
7904,1,1,0,0,0,1,1,1,1,1,1,1,1,-0.0427671,0.0145322,-0.0480885,0.567149,0.514829,0.541831,0.550726,0.563729
7905,0,0,1,0,0,1,1,1,1,1,1,1,1,-0.0548219,0.0149371,-0.0466821,0.483613,0.51479,0.480529,0.549552,0.573296
7906,1,0,1,0,0,1,1,1,1,1,1,1,1,-0.0612008,0.00726298,-0.0588272,0.483613,0.514791,0.480529,0.554648,0.570524
7907,0,1,1,0,0,1,1,1,1,1,1,1,1,-0.0383896,0.0206225,-0.0326747,0.534744,0.514831,0.517103,0.541704,0.58051
7908,1,1,1,0,0,1,1,1,1,1,1,1,1,-0.0435767,0.013975,-0.0460007,0.534744,0.514821,0.517103,0.55383,0.578829
7909,0,0,0,1,0,1,1,1,1,1,1,1,1,-0.0518505,0.0168956,-0.0476195,0.496828,0.514782,0.480529,0.551051,0.562602
7910,1,0,0,1,0,1,1,1,1,1,1,1,1,-0.0585658,0.00815905,-0.0595518,0.496828,0.514799,0.480529,0.5508,0.559957
7911,0,1,0,1,0,1,1,1,1,1,1,1,1,-0.0341596,0.0242058,-0.0303186,0.567149,0.514829,0.541831,0.542567,0.570404
7912,1,1,0,1,0,1,1,1,1,1,1,1,1,-0.0394866,0.0166816,-0.0439994,0.567149,0.514826,0.541831,0.543345,0.567521
7913,0,0,1,1,0,1,1,1,1,1,1,1,1,-0.0524244,0.015838,-0.0444829,0.483613,0.514805,0.480529,0.547017,0.567685
7914,1,0,1,1,0,1,1,1,1,1,1,1,1,-0.0588034,0.00821219,-0.0566281,0.483613,0.514811,0.480529,0.551894,0.568755
7915,0,1,1,1,0,1,1,1,1,1,1,1,1,-0.0358932,0.0214295,-0.0290968,0.534744,0.51482,0.517103,0.539295,0.575075
7916,1,1,1,1,0,1,1,1,1,1,1,1,1,-0.0410804,0.0148229,-0.0424229,0.534744,0.514821,0.517103,0.548275,0.575968
7917,0,0,0,0,1,1,1,1,1,1,1,1,1,-0.0534607,0.0147668,-0.0538634,0.496828,0.514755,0.470787,0.552283,0.551191
7918,1,0,0,0,1,1,1,1,1,1,1,1,1,-0.060176,0.0060167,-0.0657954,0.496828,0.514784,0.470787,0.565589,0.548734
7919,0,1,0,0,1,1,1,1,1,1,1,1,1,-0.0362403,0.0217861,-0.0368633,0.567149,0.514823,0.541831,0.545894,0.55964
7920,1,1,0,0,1,1,1,1,1,1,1,1,1,-0.0415672,0.0142463,-0.050544,0.567149,0.514819,0.541831,0.561652,0.553603
7921,0,0,1,0,1,1,1,1,1,1,1,1,1,-0.0535091,0.0141602,-0.0493057,0.483613,0.514795,0.470787,0.55439,0.563777
7922,1,0,1,0,1,1,1,1,1,1,1,1,1,-0.0598881,0.00650193,-0.0614506,0.483613,0.514805,0.470787,0.569682,0.561355
7923,0,1,1,0,1,1,1,1,1,1,1,1,1,-0.0370766,0.0198406,-0.0352984,0.534744,0.51482,0.517103,0.55118,0.569273
7924,1,1,1,0,1,1,1,1,1,1,1,1,1,-0.0422637,0.0132048,-0.0486242,0.534744,0.514819,0.517103,0.567366,0.567117
7925,0,0,0,1,1,1,1,1,1,1,1,1,1,-0.051544,0.0156857,-0.0492348,0.496828,0.514793,0.470787,0.550156,0.55604
7926,1,0,0,1,1,1,1,1,1,1,1,1,1,-0.0582593,0.00696191,-0.0611669,0.496828,0.514808,0.470787,0.561173,0.552971
7927,0,1,0,1,1,1,1,1,1,1,1,1,1,-0.033853,0.0229827,-0.0319339,0.567149,0.51482,0.541831,0.543764,0.563853
7928,1,1,0,1,1,1,1,1,1,1,1,1,1,-0.0391799,0.0154685,-0.0456147,0.567149,0.514821,0.541831,0.554988,0.560192
7929,0,0,1,1,1,1,1,1,1,1,1,1,1,-0.0517994,0.0152594,-0.046075,0.483613,0.51481,0.470787,0.551463,0.566005
7930,1,0,1,1,1,1,1,1,1,1,1,1,1,-0.0581784,0.007646,-0.05822,0.483613,0.514815,0.470787,0.563861,0.565205
7931,0,1,1,1,1,1,1,1,1,1,1,1,1,-0.0352681,0.0208448,-0.030689,0.534744,0.514819,0.517103,0.545942,0.570284
7932,1,1,1,1,1,1,1,1,1,1,1,1,1,-0.0404552,0.0142472,-0.0440149,0.534744,0.51482,0.517103,0.559158,0.571172
